account_number,account_type,branch_code,branch_name,case_status,case_summary,closed_date,closing_balance,compensation_paid,complaint_type,customer_address,customer_email,customer_id,customer_name,customer_phone,dispute_amount,dispute_type,doc_id,doc_type,filed_date,priority,processed_date,request_date,request_status,request_type,resolution,rm_email,rm_id,rm_name,s3_path,sort_code,statement_date
46872343,Current,BR005,Leeds,,"Monthly Current account statement. Closing balance £48,528.11.",,48528.11,,,"Flat 36Y, Robinson isle, Smithtown, E14 6PL",lydiadunn@example.net,CUST00020,Gemma Clark-Parry,(0141) 4960819,,,STMT00001,eStatement,,,,,,,,patrick.devereux@securebankplc.com,RM015,Patrick Devereux,s3://banking-docs-poc-qahftr/estatements/2024/07/STMT00001.pdf,84-79-17,2024-07-09
68727743,Business Current,BR010,Sheffield,,"Monthly Business Current account statement. Closing balance £49,758.30.",,49758.3,,,"6 Lydia branch, Hayleyborough, S5 9ZS",andreadavies@example.com,CUST00041,Jade Elliott-Adams,+44(0)113 4960408,,,STMT00002,eStatement,,,,,,,,robert.blackwood@securebankplc.com,RM017,Robert Blackwood,s3://banking-docs-poc-qahftr/estatements/2025/08/STMT00002.pdf,76-72-90,2025-08-29
14586850,Current,BR006,Bristol,,"Monthly Current account statement. Closing balance £11,506.67.",,11506.67,,,"89 Edwards creek, Daviestown, B2 2NA",robertsrosemary@example.net,CUST00032,Tracy Wilkinson-Davison,+44(0)1632 960235,,,STMT00003,eStatement,,,,,,,,carlos.mendez@securebankplc.com,RM009,Carlos Mendez,s3://banking-docs-poc-qahftr/estatements/2024/05/STMT00003.pdf,43-32-84,2024-05-20
00330923,Savings,BR004,Edinburgh,,"Monthly Savings account statement. Closing balance £46,046.07.",,46046.07,,,"Flat 69, Khan plaza, West Harriet, L1S 5NB",emily97@example.org,CUST00048,Francesca Lucas,(0141) 4960004,,,STMT00004,eStatement,,,,,,,,mohammed.al-rashid@securebankplc.com,RM003,Mohammed Al-Rashid,s3://banking-docs-poc-qahftr/estatements/2025/09/STMT00004.pdf,70-95-24,2025-09-03
65328710,Current,BR007,Cardiff,,"Monthly Current account statement. Closing balance £13,885.43.",,13885.43,,,"Flat 35, Schofield ramp, Roseside, M75 9FB",juliefield@example.org,CUST00008,Derek Clarke,+44909 8790520,,,STMT00005,eStatement,,,,,,,,george.whitfield@securebankplc.com,RM019,George Whitfield,s3://banking-docs-poc-qahftr/estatements/2024/07/STMT00005.pdf,29-90-30,2024-07-21
36763201,Premier,BR007,Cardiff,,"Monthly Premier account statement. Closing balance £8,321.79.",,8321.79,,,"7 Wood trail, Guymouth, G4 3UA",barry51@example.com,CUST00039,Terence Smith,+441414960870,,,STMT00006,eStatement,,,,,,,,george.whitfield@securebankplc.com,RM019,George Whitfield,s3://banking-docs-poc-qahftr/estatements/2025/06/STMT00006.pdf,38-32-99,2025-06-27
87133150,ISA,BR006,Bristol,,"Monthly ISA account statement. Closing balance £21,667.98.",,21667.98,,,"Flat 9, Linda ridges, North Bryan, M6D 0FR",dominic47@example.com,CUST00014,Jodie Pritchard-Baker,(020)74960896,,,STMT00007,eStatement,,,,,,,,patrick.devereux@securebankplc.com,RM015,Patrick Devereux,s3://banking-docs-poc-qahftr/estatements/2025/05/STMT00007.pdf,80-39-85,2025-05-03
43039117,Current,BR002,Manchester Central,,"Monthly Current account statement. Closing balance £28,239.91.",,28239.91,,,"427 Brown gardens, West Bethan, AB5 0WZ",turnerjosephine@example.com,CUST00012,Dr Duncan Greenwood,(0909) 879 0062,,,STMT00008,eStatement,,,,,,,,natalie.burke@securebankplc.com,RM012,Natalie Burke,s3://banking-docs-poc-qahftr/estatements/2026/01/STMT00008.pdf,78-26-26,2026-01-16
83777014,Savings,BR007,Cardiff,,"Monthly Savings account statement. Closing balance £27,409.04.",,27409.04,,,"Flat 40w, Davies tunnel, Lake Edwardshire, SM29 6NX",melissa67@example.net,CUST00055,Trevor Mills,01314960541,,,STMT00009,eStatement,,,,,,,,amelia.singh@securebankplc.com,RM016,Amelia Singh,s3://banking-docs-poc-qahftr/estatements/2024/07/STMT00009.pdf,61-98-41,2024-07-25
32677360,Savings,BR001,London City,,"Monthly Savings account statement. Closing balance £1,047.14.",,1047.14,,,"60 Mitchell expressway, Martinberg, B5 8WU",thomasking@example.org,CUST00019,Sharon Price,0191 498 0065,,,STMT00010,eStatement,,,,,,,,mohammed.al-rashid@securebankplc.com,RM003,Mohammed Al-Rashid,s3://banking-docs-poc-qahftr/estatements/2025/06/STMT00010.pdf,58-10-59,2025-06-26
16697848,Current,BR007,Cardiff,,"Monthly Current account statement. Closing balance £14,697.91.",,14697.91,,,"Studio 67, Lee rue, McDonaldmouth, DT3X 5GB",brenda41@example.com,CUST00009,Dr Sharon Jones,(0909) 8790528,,,STMT00011,eStatement,,,,,,,,isabella.rossi@securebankplc.com,RM020,Isabella Rossi,s3://banking-docs-poc-qahftr/estatements/2024/06/STMT00011.pdf,97-24-97,2024-06-20
60883561,Business Current,BR005,Leeds,,"Monthly Business Current account statement. Closing balance £14,687.93.",,14687.93,,,"03 Faulkner run, Lake Victorstad, HA9 2TL",hicksdawn@example.net,CUST00034,Brandon Middleton,(0131) 496 0052,,,STMT00012,eStatement,,,,,,,,sophie.chen@securebankplc.com,RM002,Sophie Chen,s3://banking-docs-poc-qahftr/estatements/2024/09/STMT00012.pdf,89-50-94,2024-09-16
55646417,Current,BR004,Edinburgh,,"Monthly Current account statement. Closing balance £38,872.47.",,38872.47,,,"Flat 16, Garry views, Hunterton, DL17 9AL",stanleyrebecca@example.com,CUST00047,Miss Abbie Hart,+441914960529,,,STMT00013,eStatement,,,,,,,,patrick.devereux@securebankplc.com,RM015,Patrick Devereux,s3://banking-docs-poc-qahftr/estatements/2025/04/STMT00013.pdf,79-16-54,2025-04-22
46706562,Premier,BR008,Glasgow,,"Monthly Premier account statement. Closing balance £16,635.14.",,16635.14,,,"02 Dorothy haven, Melanieland, E5 7RW",joanturner@example.net,CUST00045,Mrs Hayley Edwards,+44131 496 0418,,,STMT00014,eStatement,,,,,,,,rachel.o'brien@securebankplc.com,RM008,Rachel O'Brien,s3://banking-docs-poc-qahftr/estatements/2025/08/STMT00014.pdf,26-89-78,2025-08-26
96001338,ISA,BR009,Liverpool,,"Monthly ISA account statement. Closing balance £41,617.47.",,41617.47,,,"9 Bird courts, Lake Lesley, E9U 5AD",ellie28@example.net,CUST00001,Eileen Evans,+44(0)1632 960 112,,,STMT00015,eStatement,,,,,,,,mohammed.al-rashid@securebankplc.com,RM003,Mohammed Al-Rashid,s3://banking-docs-poc-qahftr/estatements/2025/03/STMT00015.pdf,13-81-35,2025-03-24
16697848,Current,BR007,Cardiff,,"Monthly Current account statement. Closing balance £23,010.90.",,23010.9,,,"Studio 67, Lee rue, McDonaldmouth, DT3X 5GB",brenda41@example.com,CUST00009,Dr Sharon Jones,(0909) 8790528,,,STMT00016,eStatement,,,,,,,,isabella.rossi@securebankplc.com,RM020,Isabella Rossi,s3://banking-docs-poc-qahftr/estatements/2025/09/STMT00016.pdf,97-24-97,2025-09-20
27849808,Business Current,BR006,Bristol,,"Monthly Business Current account statement. Closing balance £13,434.12.",,13434.12,,,"Flat 3, Chan viaduct, Royport, L35 1EQ",clairewilson@example.org,CUST00025,Bryan Brown,0808 1570256,,,STMT00017,eStatement,,,,,,,,aisha.patel@securebankplc.com,RM010,Aisha Patel,s3://banking-docs-poc-qahftr/estatements/2024/12/STMT00017.pdf,94-23-27,2024-12-17
60883561,Business Current,BR005,Leeds,,"Monthly Business Current account statement. Closing balance £27,025.86.",,27025.86,,,"03 Faulkner run, Lake Victorstad, HA9 2TL",hicksdawn@example.net,CUST00034,Brandon Middleton,(0131) 496 0052,,,STMT00018,eStatement,,,,,,,,sophie.chen@securebankplc.com,RM002,Sophie Chen,s3://banking-docs-poc-qahftr/estatements/2025/01/STMT00018.pdf,89-50-94,2025-01-19
43039117,Current,BR002,Manchester Central,,"Monthly Current account statement. Closing balance £30,161.33.",,30161.33,,,"427 Brown gardens, West Bethan, AB5 0WZ",turnerjosephine@example.com,CUST00012,Dr Duncan Greenwood,(0909) 879 0062,,,STMT00019,eStatement,,,,,,,,natalie.burke@securebankplc.com,RM012,Natalie Burke,s3://banking-docs-poc-qahftr/estatements/2026/03/STMT00019.pdf,78-26-26,2026-03-10
40164005,Savings,BR009,Liverpool,,"Monthly Savings account statement. Closing balance £27,648.86.",,27648.86,,,"080 Lewis route, Port Sara, G5G 7RZ",browneileen@example.net,CUST00027,Maria Forster,0909 879 0429,,,STMT00020,eStatement,,,,,,,,amelia.singh@securebankplc.com,RM016,Amelia Singh,s3://banking-docs-poc-qahftr/estatements/2026/03/STMT00020.pdf,91-43-30,2026-03-03
54353462,Business Current,BR010,Sheffield,,"Monthly Business Current account statement. Closing balance £34,755.62.",,34755.62,,,"367 Watkins spring, West Scottberg, BH84 0YS",joanlittle@example.net,CUST00023,Terry Stephens-Turner,+44(0)306 9990092,,,STMT00021,eStatement,,,,,,,,robert.blackwood@securebankplc.com,RM017,Robert Blackwood,s3://banking-docs-poc-qahftr/estatements/2025/07/STMT00021.pdf,68-50-19,2025-07-25
65185067,Current,BR006,Bristol,,"Monthly Current account statement. Closing balance £50,926.45.",,50926.45,,,"Flat 29J, Price ramp, South Sam, W3 9GT",chloe20@example.org,CUST00051,Rachael Farmer,+44909 8790358,,,STMT00022,eStatement,,,,,,,,fatima.hassan@securebankplc.com,RM018,Fatima Hassan,s3://banking-docs-poc-qahftr/estatements/2025/06/STMT00022.pdf,65-56-91,2025-06-08
77387214,ISA,BR006,Bristol,,"Monthly ISA account statement. Closing balance £29,859.62.",,29859.62,,,"Flat 81G, Singh loaf, Colehaven, PL0V 2FR",ashleigh56@example.com,CUST00037,Edward Jackson,0117 496 0960,,,STMT00023,eStatement,,,,,,,,patrick.devereux@securebankplc.com,RM015,Patrick Devereux,s3://banking-docs-poc-qahftr/estatements/2024/04/STMT00023.pdf,94-91-89,2024-04-21
93252880,ISA,BR005,Leeds,,"Monthly ISA account statement. Closing balance £10,250.94.",,10250.94,,,"5 Gough mountain, South Katherine, B6D 7NW",morgankimberley@example.net,CUST00011,Anthony Potter-Barber,+44(0)118 4960018,,,STMT00024,eStatement,,,,,,,,robert.blackwood@securebankplc.com,RM017,Robert Blackwood,s3://banking-docs-poc-qahftr/estatements/2025/04/STMT00024.pdf,51-72-12,2025-04-28
52553419,Savings,BR005,Leeds,,"Monthly Savings account statement. Closing balance £29,652.01.",,29652.01,,,"Flat 03, Sara lights, Paulinetown, PA3 9FT",jayne53@example.com,CUST00005,Maria Williams-Brown,(0191) 4960489,,,STMT00025,eStatement,,,,,,,,patrick.devereux@securebankplc.com,RM015,Patrick Devereux,s3://banking-docs-poc-qahftr/estatements/2025/12/STMT00025.pdf,78-41-30,2025-12-10
62473178,Current,BR008,Glasgow,,"Monthly Current account statement. Closing balance £6,689.38.",,6689.38,,,"61 Maria ports, Lake Marilynburgh, SP3 4SG",duncanarmstrong@example.com,CUST00018,Lisa Lawrence,+44(0)1632 960 827,,,STMT00026,eStatement,,,,,,,,david.okafor@securebankplc.com,RM005,David Okafor,s3://banking-docs-poc-qahftr/estatements/2025/05/STMT00026.pdf,16-93-79,2025-05-10
43039117,Current,BR002,Manchester Central,,"Monthly Current account statement. Closing balance £39,333.16.",,39333.16,,,"427 Brown gardens, West Bethan, AB5 0WZ",turnerjosephine@example.com,CUST00012,Dr Duncan Greenwood,(0909) 879 0062,,,STMT00027,eStatement,,,,,,,,natalie.burke@securebankplc.com,RM012,Natalie Burke,s3://banking-docs-poc-qahftr/estatements/2025/11/STMT00027.pdf,78-26-26,2025-11-09
48350305,Premier,BR008,Glasgow,,"Monthly Premier account statement. Closing balance £42,425.04.",,42425.04,,,"172 Cameron meadow, Wayneview, S56 4EY",littlefrances@example.com,CUST00006,Simon Evans,+44(0)1144960022,,,STMT00028,eStatement,,,,,,,,liam.fitzgerald@securebankplc.com,RM013,Liam Fitzgerald,s3://banking-docs-poc-qahftr/estatements/2025/08/STMT00028.pdf,44-18-37,2025-08-10
95931034,Current,BR009,Liverpool,,"Monthly Current account statement. Closing balance £50,360.55.",,50360.55,,,"Studio 8, James island, Junemouth, WS53 0LG",natasha17@example.net,CUST00004,Angela Jackson,(0118)4960554,,,STMT00029,eStatement,,,,,,,,aisha.patel@securebankplc.com,RM010,Aisha Patel,s3://banking-docs-poc-qahftr/estatements/2025/08/STMT00029.pdf,39-22-58,2025-08-12
57885685,Business Current,BR005,Leeds,,"Monthly Business Current account statement. Closing balance £16,404.43.",,16404.43,,,"Flat 84, Hughes green, Lake Matthew, W7D 3DG",uford@example.com,CUST00056,Marcus Walker,+44(0)29 2018730,,,STMT00030,eStatement,,,,,,,,george.whitfield@securebankplc.com,RM019,George Whitfield,s3://banking-docs-poc-qahftr/estatements/2025/01/STMT00030.pdf,99-68-44,2025-01-21
27849808,Business Current,BR006,Bristol,,"Monthly Business Current account statement. Closing balance £1,763.30.",,1763.3,,,"Flat 3, Chan viaduct, Royport, L35 1EQ",clairewilson@example.org,CUST00025,Bryan Brown,0808 1570256,,,STMT00031,eStatement,,,,,,,,aisha.patel@securebankplc.com,RM010,Aisha Patel,s3://banking-docs-poc-qahftr/estatements/2024/04/STMT00031.pdf,94-23-27,2024-04-17
41343524,Current,BR009,Liverpool,,"Monthly Current account statement. Closing balance £33,591.93.",,33591.93,,,"849 Hughes shore, Collinsland, UB6 1HT",matthewsfrances@example.org,CUST00058,Linda Hall,01632 960639,,,STMT00032,eStatement,,,,,,,,isabella.rossi@securebankplc.com,RM020,Isabella Rossi,s3://banking-docs-poc-qahftr/estatements/2024/12/STMT00032.pdf,78-26-45,2024-12-31
95931034,Current,BR009,Liverpool,,"Monthly Current account statement. Closing balance £14,027.19.",,14027.19,,,"Studio 8, James island, Junemouth, WS53 0LG",natasha17@example.net,CUST00004,Angela Jackson,(0118)4960554,,,STMT00033,eStatement,,,,,,,,aisha.patel@securebankplc.com,RM010,Aisha Patel,s3://banking-docs-poc-qahftr/estatements/2025/09/STMT00033.pdf,39-22-58,2025-09-14
68727743,Business Current,BR010,Sheffield,,"Monthly Business Current account statement. Closing balance £12,813.18.",,12813.18,,,"6 Lydia branch, Hayleyborough, S5 9ZS",andreadavies@example.com,CUST00041,Jade Elliott-Adams,+44(0)113 4960408,,,STMT00034,eStatement,,,,,,,,robert.blackwood@securebankplc.com,RM017,Robert Blackwood,s3://banking-docs-poc-qahftr/estatements/2024/11/STMT00034.pdf,76-72-90,2024-11-21
16697848,Current,BR007,Cardiff,,"Monthly Current account statement. Closing balance £29,192.42.",,29192.42,,,"Studio 67, Lee rue, McDonaldmouth, DT3X 5GB",brenda41@example.com,CUST00009,Dr Sharon Jones,(0909) 8790528,,,STMT00035,eStatement,,,,,,,,isabella.rossi@securebankplc.com,RM020,Isabella Rossi,s3://banking-docs-poc-qahftr/estatements/2024/09/STMT00035.pdf,97-24-97,2024-09-24
52553419,Savings,BR005,Leeds,,"Monthly Savings account statement. Closing balance £4,693.85.",,4693.85,,,"Flat 03, Sara lights, Paulinetown, PA3 9FT",jayne53@example.com,CUST00005,Maria Williams-Brown,(0191) 4960489,,,STMT00036,eStatement,,,,,,,,patrick.devereux@securebankplc.com,RM015,Patrick Devereux,s3://banking-docs-poc-qahftr/estatements/2024/09/STMT00036.pdf,78-41-30,2024-09-17
51462704,ISA,BR009,Liverpool,,"Monthly ISA account statement. Closing balance £32,213.56.",,32213.56,,,"912 Davis landing, Annetown, IM38 7QB",charlene31@example.net,CUST00010,Wayne Wood,(0131) 4960642,,,STMT00037,eStatement,,,,,,,,carlos.mendez@securebankplc.com,RM009,Carlos Mendez,s3://banking-docs-poc-qahftr/estatements/2025/11/STMT00037.pdf,32-74-23,2025-11-13
18244935,Savings,BR005,Leeds,,"Monthly Savings account statement. Closing balance £41,368.45.",,41368.45,,,"Studio 91, Grace ports, New Brettbury, M3 7WT",nwood@example.org,CUST00026,Linda Mason-Thornton,(0115) 4960463,,,STMT00038,eStatement,,,,,,,,emily.watson@securebankplc.com,RM004,Emily Watson,s3://banking-docs-poc-qahftr/estatements/2025/04/STMT00038.pdf,97-91-43,2025-04-09
65328710,Current,BR007,Cardiff,,"Monthly Current account statement. Closing balance £3,437.93.",,3437.93,,,"Flat 35, Schofield ramp, Roseside, M75 9FB",juliefield@example.org,CUST00008,Derek Clarke,+44909 8790520,,,STMT00039,eStatement,,,,,,,,george.whitfield@securebankplc.com,RM019,George Whitfield,s3://banking-docs-poc-qahftr/estatements/2025/09/STMT00039.pdf,29-90-30,2025-09-27
96001338,ISA,BR009,Liverpool,,"Monthly ISA account statement. Closing balance £47,846.43.",,47846.43,,,"9 Bird courts, Lake Lesley, E9U 5AD",ellie28@example.net,CUST00001,Eileen Evans,+44(0)1632 960 112,,,STMT00040,eStatement,,,,,,,,mohammed.al-rashid@securebankplc.com,RM003,Mohammed Al-Rashid,s3://banking-docs-poc-qahftr/estatements/2024/06/STMT00040.pdf,13-81-35,2024-06-22
62849877,Premier,BR008,Glasgow,,"Monthly Premier account statement. Closing balance £25,962.22.",,25962.22,,,"262 Davis trail, South Irene, PA0Y 4QQ",patriciabrown@example.org,CUST00052,Miss Catherine Shaw,(0113) 496 0142,,,STMT00041,eStatement,,,,,,,,david.okafor@securebankplc.com,RM005,David Okafor,s3://banking-docs-poc-qahftr/estatements/2025/06/STMT00041.pdf,85-44-51,2025-06-20
40164005,Savings,BR009,Liverpool,,"Monthly Savings account statement. Closing balance £31,642.76.",,31642.76,,,"080 Lewis route, Port Sara, G5G 7RZ",browneileen@example.net,CUST00027,Maria Forster,0909 879 0429,,,STMT00042,eStatement,,,,,,,,amelia.singh@securebankplc.com,RM016,Amelia Singh,s3://banking-docs-poc-qahftr/estatements/2026/01/STMT00042.pdf,91-43-30,2026-01-19
96705466,ISA,BR010,Sheffield,,"Monthly ISA account statement. Closing balance £17,791.99.",,17791.99,,,"40 Lucy bridge, Lindseymouth, G84 0TL",tread@example.com,CUST00044,Gemma Wheeler,+44(0)2074960205,,,STMT00043,eStatement,,,,,,,,james.hargreaves@securebankplc.com,RM001,James Hargreaves,s3://banking-docs-poc-qahftr/estatements/2025/01/STMT00043.pdf,79-87-38,2025-01-16
32677360,Savings,BR001,London City,,"Monthly Savings account statement. Closing balance £34,331.80.",,34331.8,,,"60 Mitchell expressway, Martinberg, B5 8WU",thomasking@example.org,CUST00019,Sharon Price,0191 498 0065,,,STMT00044,eStatement,,,,,,,,mohammed.al-rashid@securebankplc.com,RM003,Mohammed Al-Rashid,s3://banking-docs-poc-qahftr/estatements/2025/10/STMT00044.pdf,58-10-59,2025-10-20
68011280,Business Current,BR008,Glasgow,,"Monthly Business Current account statement. Closing balance £8,019.84.",,8019.84,,,"9 Graeme throughway, Jonesmouth, TS6 3LX",terence80@example.org,CUST00028,Dominic Harvey,+441632 960888,,,STMT00045,eStatement,,,,,,,,fatima.hassan@securebankplc.com,RM018,Fatima Hassan,s3://banking-docs-poc-qahftr/estatements/2024/07/STMT00045.pdf,84-80-28,2024-07-28
09788208,Current,BR006,Bristol,,"Monthly Current account statement. Closing balance £34,111.93.",,34111.93,,,"46 George walks, Port Peter, NG03 2JW",robertgrant@example.org,CUST00021,Elliot Williams,0141 496 0539,,,STMT00046,eStatement,,,,,,,,sophie.chen@securebankplc.com,RM002,Sophie Chen,s3://banking-docs-poc-qahftr/estatements/2025/09/STMT00046.pdf,33-18-86,2025-09-09
31665876,Current,BR007,Cardiff,,"Monthly Current account statement. Closing balance £17,086.09.",,17086.09,,,"03 French walks, East Janice, E05 3RJ",tross@example.net,CUST00043,Miss Kimberley Robinson,(0191) 496 0369,,,STMT00047,eStatement,,,,,,,,david.okafor@securebankplc.com,RM005,David Okafor,s3://banking-docs-poc-qahftr/estatements/2026/02/STMT00047.pdf,36-63-59,2026-02-17
62473178,Current,BR008,Glasgow,,"Monthly Current account statement. Closing balance £28,185.01.",,28185.01,,,"61 Maria ports, Lake Marilynburgh, SP3 4SG",duncanarmstrong@example.com,CUST00018,Lisa Lawrence,+44(0)1632 960 827,,,STMT00048,eStatement,,,,,,,,david.okafor@securebankplc.com,RM005,David Okafor,s3://banking-docs-poc-qahftr/estatements/2025/12/STMT00048.pdf,16-93-79,2025-12-24
93252880,ISA,BR005,Leeds,,"Monthly ISA account statement. Closing balance £26,049.46.",,26049.46,,,"5 Gough mountain, South Katherine, B6D 7NW",morgankimberley@example.net,CUST00011,Anthony Potter-Barber,+44(0)118 4960018,,,STMT00049,eStatement,,,,,,,,robert.blackwood@securebankplc.com,RM017,Robert Blackwood,s3://banking-docs-poc-qahftr/estatements/2025/05/STMT00049.pdf,51-72-12,2025-05-05
10310518,Savings,BR004,Edinburgh,,"Monthly Savings account statement. Closing balance £46,984.32.",,46984.32,,,"18 Kenneth turnpike, New Louise, G47 7JP",xmacdonald@example.net,CUST00015,Wayne Atkinson,+44(0)1632960597,,,STMT00050,eStatement,,,,,,,,james.hargreaves@securebankplc.com,RM001,James Hargreaves,s3://banking-docs-poc-qahftr/estatements/2025/02/STMT00050.pdf,45-95-72,2025-02-04
04505331,Business Current,BR007,Cardiff,,"Monthly Business Current account statement. Closing balance £3,112.91.",,3112.91,,,"868 Hill vista, Rickyburgh, HX6E 1EJ",nwright@example.com,CUST00029,Damian Pearson,+441144960254,,,STMT00051,eStatement,,,,,,,,david.okafor@securebankplc.com,RM005,David Okafor,s3://banking-docs-poc-qahftr/estatements/2025/09/STMT00051.pdf,81-62-89,2025-09-13
18244935,Savings,BR005,Leeds,,"Monthly Savings account statement. Closing balance £37,787.18.",,37787.18,,,"Studio 91, Grace ports, New Brettbury, M3 7WT",nwood@example.org,CUST00026,Linda Mason-Thornton,(0115) 4960463,,,STMT00052,eStatement,,,,,,,,emily.watson@securebankplc.com,RM004,Emily Watson,s3://banking-docs-poc-qahftr/estatements/2024/10/STMT00052.pdf,97-91-43,2024-10-17
47379965,Current,BR004,Edinburgh,,"Monthly Current account statement. Closing balance £5,905.53.",,5905.53,,,"Studio 89, Harvey brook, Stevenshire, N8 9TX",judithnash@example.org,CUST00053,Scott Hussain,+441314960267,,,STMT00053,eStatement,,,,,,,,mohammed.al-rashid@securebankplc.com,RM003,Mohammed Al-Rashid,s3://banking-docs-poc-qahftr/estatements/2025/04/STMT00053.pdf,73-51-33,2025-04-15
77387214,ISA,BR006,Bristol,,"Monthly ISA account statement. Closing balance £4,852.30.",,4852.3,,,"Flat 81G, Singh loaf, Colehaven, PL0V 2FR",ashleigh56@example.com,CUST00037,Edward Jackson,0117 496 0960,,,STMT00054,eStatement,,,,,,,,patrick.devereux@securebankplc.com,RM015,Patrick Devereux,s3://banking-docs-poc-qahftr/estatements/2025/01/STMT00054.pdf,94-91-89,2025-01-04
36763201,Premier,BR007,Cardiff,,"Monthly Premier account statement. Closing balance £11,233.18.",,11233.18,,,"7 Wood trail, Guymouth, G4 3UA",barry51@example.com,CUST00039,Terence Smith,+441414960870,,,STMT00055,eStatement,,,,,,,,george.whitfield@securebankplc.com,RM019,George Whitfield,s3://banking-docs-poc-qahftr/estatements/2026/01/STMT00055.pdf,38-32-99,2026-01-26
16697848,Current,BR007,Cardiff,,"Monthly Current account statement. Closing balance £13,096.26.",,13096.26,,,"Studio 67, Lee rue, McDonaldmouth, DT3X 5GB",brenda41@example.com,CUST00009,Dr Sharon Jones,(0909) 8790528,,,STMT00056,eStatement,,,,,,,,isabella.rossi@securebankplc.com,RM020,Isabella Rossi,s3://banking-docs-poc-qahftr/estatements/2024/05/STMT00056.pdf,97-24-97,2024-05-19
48350305,Premier,BR008,Glasgow,,"Monthly Premier account statement. Closing balance £41,519.34.",,41519.34,,,"172 Cameron meadow, Wayneview, S56 4EY",littlefrances@example.com,CUST00006,Simon Evans,+44(0)1144960022,,,STMT00057,eStatement,,,,,,,,liam.fitzgerald@securebankplc.com,RM013,Liam Fitzgerald,s3://banking-docs-poc-qahftr/estatements/2026/01/STMT00057.pdf,44-18-37,2026-01-15
00330923,Savings,BR004,Edinburgh,,"Monthly Savings account statement. Closing balance £13,807.40.",,13807.4,,,"Flat 69, Khan plaza, West Harriet, L1S 5NB",emily97@example.org,CUST00048,Francesca Lucas,(0141) 4960004,,,STMT00058,eStatement,,,,,,,,mohammed.al-rashid@securebankplc.com,RM003,Mohammed Al-Rashid,s3://banking-docs-poc-qahftr/estatements/2024/12/STMT00058.pdf,70-95-24,2024-12-21
74529912,Business Current,BR010,Sheffield,,"Monthly Business Current account statement. Closing balance £20,648.49.",,20648.49,,,"217 Natasha passage, Staceyberg, B2B 9DT",carterdeclan@example.org,CUST00049,Patricia Hopkins-Waters,+449098790877,,,STMT00059,eStatement,,,,,,,,thomas.müller@securebankplc.com,RM007,Thomas Müller,s3://banking-docs-poc-qahftr/estatements/2024/11/STMT00059.pdf,23-84-13,2024-11-29
22602563,Business Current,BR003,Birmingham,,"Monthly Business Current account statement. Closing balance £13,015.69.",,13015.69,,,"5 Colin tunnel, Hazelshire, BS92 9UW",dylanreid@example.com,CUST00030,Mohamed Ahmed,(0121) 4960087,,,STMT00060,eStatement,,,,,,,,rachel.o'brien@securebankplc.com,RM008,Rachel O'Brien,s3://banking-docs-poc-qahftr/estatements/2025/03/STMT00060.pdf,30-99-23,2025-03-06
24896383,Business Current,BR008,Glasgow,,"Monthly Business Current account statement. Closing balance £41,724.28.",,41724.28,,,"2 Carter lane, Allenland, FY2M 9AU",dorothymurray@example.org,CUST00013,Ms Dorothy Burns,+44141 496 0933,,,STMT00061,eStatement,,,,,,,,fatima.hassan@securebankplc.com,RM018,Fatima Hassan,s3://banking-docs-poc-qahftr/estatements/2024/10/STMT00061.pdf,61-95-93,2024-10-20
40164005,Savings,BR009,Liverpool,,"Monthly Savings account statement. Closing balance £44,659.50.",,44659.5,,,"080 Lewis route, Port Sara, G5G 7RZ",browneileen@example.net,CUST00027,Maria Forster,0909 879 0429,,,STMT00062,eStatement,,,,,,,,amelia.singh@securebankplc.com,RM016,Amelia Singh,s3://banking-docs-poc-qahftr/estatements/2025/07/STMT00062.pdf,91-43-30,2025-07-28
94680443,Premier,BR003,Birmingham,,"Monthly Premier account statement. Closing balance £6,027.26.",,6027.26,,,"Flat 18v, Harrison dam, Lake Terence, WC55 5TN",jwright@example.org,CUST00036,Jane Smith-Winter,01632 960 933,,,STMT00063,eStatement,,,,,,,,isabella.rossi@securebankplc.com,RM020,Isabella Rossi,s3://banking-docs-poc-qahftr/estatements/2024/05/STMT00063.pdf,84-87-93,2024-05-24
22602563,Business Current,BR003,Birmingham,,"Monthly Business Current account statement. Closing balance £4,023.23.",,4023.23,,,"5 Colin tunnel, Hazelshire, BS92 9UW",dylanreid@example.com,CUST00030,Mohamed Ahmed,(0121) 4960087,,,STMT00064,eStatement,,,,,,,,rachel.o'brien@securebankplc.com,RM008,Rachel O'Brien,s3://banking-docs-poc-qahftr/estatements/2024/05/STMT00064.pdf,30-99-23,2024-05-19
24896383,Business Current,BR008,Glasgow,,"Monthly Business Current account statement. Closing balance £22,788.65.",,22788.65,,,"2 Carter lane, Allenland, FY2M 9AU",dorothymurray@example.org,CUST00013,Ms Dorothy Burns,+44141 496 0933,,,STMT00065,eStatement,,,,,,,,fatima.hassan@securebankplc.com,RM018,Fatima Hassan,s3://banking-docs-poc-qahftr/estatements/2025/06/STMT00065.pdf,61-95-93,2025-06-11
54549480,ISA,BR008,Glasgow,,"Monthly ISA account statement. Closing balance £40,634.09.",,40634.09,,,"Flat 88, Adam mountains, Lake Clifford, E2E 5YP",littlewilliam@example.org,CUST00054,Jill Norton,01134960860,,,STMT00066,eStatement,,,,,,,,thomas.müller@securebankplc.com,RM007,Thomas Müller,s3://banking-docs-poc-qahftr/estatements/2025/12/STMT00066.pdf,34-20-40,2025-12-02
22602563,Business Current,BR003,Birmingham,,"Monthly Business Current account statement. Closing balance £40,707.39.",,40707.39,,,"5 Colin tunnel, Hazelshire, BS92 9UW",dylanreid@example.com,CUST00030,Mohamed Ahmed,(0121) 4960087,,,STMT00067,eStatement,,,,,,,,rachel.o'brien@securebankplc.com,RM008,Rachel O'Brien,s3://banking-docs-poc-qahftr/estatements/2024/05/STMT00067.pdf,30-99-23,2024-05-11
99118384,Savings,BR001,London City,,"Monthly Savings account statement. Closing balance £35,578.37.",,35578.37,,,"73 Samantha forges, Millerton, LS9 6LT",martyn46@example.org,CUST00024,Mr Ronald Singh,+44(0)115 4960476,,,STMT00068,eStatement,,,,,,,,patrick.devereux@securebankplc.com,RM015,Patrick Devereux,s3://banking-docs-poc-qahftr/estatements/2025/11/STMT00068.pdf,54-18-41,2025-11-30
47379965,Current,BR004,Edinburgh,,"Monthly Current account statement. Closing balance £31,022.71.",,31022.71,,,"Studio 89, Harvey brook, Stevenshire, N8 9TX",judithnash@example.org,CUST00053,Scott Hussain,+441314960267,,,STMT00069,eStatement,,,,,,,,mohammed.al-rashid@securebankplc.com,RM003,Mohammed Al-Rashid,s3://banking-docs-poc-qahftr/estatements/2025/01/STMT00069.pdf,73-51-33,2025-01-17
96705466,ISA,BR010,Sheffield,,"Monthly ISA account statement. Closing balance £43,817.77.",,43817.77,,,"40 Lucy bridge, Lindseymouth, G84 0TL",tread@example.com,CUST00044,Gemma Wheeler,+44(0)2074960205,,,STMT00070,eStatement,,,,,,,,james.hargreaves@securebankplc.com,RM001,James Hargreaves,s3://banking-docs-poc-qahftr/estatements/2025/02/STMT00070.pdf,79-87-38,2025-02-14
10310518,Savings,BR004,Edinburgh,,"Monthly Savings account statement. Closing balance £27,605.32.",,27605.32,,,"18 Kenneth turnpike, New Louise, G47 7JP",xmacdonald@example.net,CUST00015,Wayne Atkinson,+44(0)1632960597,,,STMT00071,eStatement,,,,,,,,james.hargreaves@securebankplc.com,RM001,James Hargreaves,s3://banking-docs-poc-qahftr/estatements/2024/06/STMT00071.pdf,45-95-72,2024-06-14
36763201,Premier,BR007,Cardiff,,"Monthly Premier account statement. Closing balance £4,007.98.",,4007.98,,,"7 Wood trail, Guymouth, G4 3UA",barry51@example.com,CUST00039,Terence Smith,+441414960870,,,STMT00072,eStatement,,,,,,,,george.whitfield@securebankplc.com,RM019,George Whitfield,s3://banking-docs-poc-qahftr/estatements/2026/02/STMT00072.pdf,38-32-99,2026-02-27
95931034,Current,BR009,Liverpool,,"Monthly Current account statement. Closing balance £52,605.83.",,52605.83,,,"Studio 8, James island, Junemouth, WS53 0LG",natasha17@example.net,CUST00004,Angela Jackson,(0118)4960554,,,STMT00073,eStatement,,,,,,,,aisha.patel@securebankplc.com,RM010,Aisha Patel,s3://banking-docs-poc-qahftr/estatements/2026/01/STMT00073.pdf,39-22-58,2026-01-19
34332003,Premier,BR006,Bristol,,"Monthly Premier account statement. Closing balance £26,951.26.",,26951.26,,,"0 Kate locks, Juneside, S2A 7TS",lawrencemiles@example.net,CUST00038,Frederick Pearson-Webster,(0116)4960522,,,STMT00074,eStatement,,,,,,,,mohammed.al-rashid@securebankplc.com,RM003,Mohammed Al-Rashid,s3://banking-docs-poc-qahftr/estatements/2025/11/STMT00074.pdf,88-19-68,2025-11-06
48350305,Premier,BR008,Glasgow,,"Monthly Premier account statement. Closing balance £49,573.67.",,49573.67,,,"172 Cameron meadow, Wayneview, S56 4EY",littlefrances@example.com,CUST00006,Simon Evans,+44(0)1144960022,,,STMT00075,eStatement,,,,,,,,liam.fitzgerald@securebankplc.com,RM013,Liam Fitzgerald,s3://banking-docs-poc-qahftr/estatements/2024/10/STMT00075.pdf,44-18-37,2024-10-27
00330923,Savings,BR004,Edinburgh,,"Monthly Savings account statement. Closing balance £28,477.01.",,28477.01,,,"Flat 69, Khan plaza, West Harriet, L1S 5NB",emily97@example.org,CUST00048,Francesca Lucas,(0141) 4960004,,,STMT00076,eStatement,,,,,,,,mohammed.al-rashid@securebankplc.com,RM003,Mohammed Al-Rashid,s3://banking-docs-poc-qahftr/estatements/2025/10/STMT00076.pdf,70-95-24,2025-10-11
31351823,Savings,BR005,Leeds,,"Monthly Savings account statement. Closing balance £1,586.57.",,1586.57,,,"81 Wilson club, Douglasmouth, IV2B 6PW",zcollins@example.com,CUST00057,Mathew Little,+44(0)8081570161,,,STMT00077,eStatement,,,,,,,,carlos.mendez@securebankplc.com,RM009,Carlos Mendez,s3://banking-docs-poc-qahftr/estatements/2025/07/STMT00077.pdf,71-45-85,2025-07-21
16697848,Current,BR007,Cardiff,,"Monthly Current account statement. Closing balance £31,025.73.",,31025.73,,,"Studio 67, Lee rue, McDonaldmouth, DT3X 5GB",brenda41@example.com,CUST00009,Dr Sharon Jones,(0909) 8790528,,,STMT00078,eStatement,,,,,,,,isabella.rossi@securebankplc.com,RM020,Isabella Rossi,s3://banking-docs-poc-qahftr/estatements/2025/02/STMT00078.pdf,97-24-97,2025-02-26
31351823,Savings,BR005,Leeds,,"Monthly Savings account statement. Closing balance £42,437.84.",,42437.84,,,"81 Wilson club, Douglasmouth, IV2B 6PW",zcollins@example.com,CUST00057,Mathew Little,+44(0)8081570161,,,STMT00079,eStatement,,,,,,,,carlos.mendez@securebankplc.com,RM009,Carlos Mendez,s3://banking-docs-poc-qahftr/estatements/2025/07/STMT00079.pdf,71-45-85,2025-07-01
18244935,Savings,BR005,Leeds,,"Monthly Savings account statement. Closing balance £36,094.64.",,36094.64,,,"Studio 91, Grace ports, New Brettbury, M3 7WT",nwood@example.org,CUST00026,Linda Mason-Thornton,(0115) 4960463,,,STMT00080,eStatement,,,,,,,,emily.watson@securebankplc.com,RM004,Emily Watson,s3://banking-docs-poc-qahftr/estatements/2025/11/STMT00080.pdf,97-91-43,2025-11-27
51462704,ISA,BR009,Liverpool,,"Monthly ISA account statement. Closing balance £4,461.18.",,4461.18,,,"912 Davis landing, Annetown, IM38 7QB",charlene31@example.net,CUST00010,Wayne Wood,(0131) 4960642,,,STMT00081,eStatement,,,,,,,,carlos.mendez@securebankplc.com,RM009,Carlos Mendez,s3://banking-docs-poc-qahftr/estatements/2025/07/STMT00081.pdf,32-74-23,2025-07-13
95931034,Current,BR009,Liverpool,,"Monthly Current account statement. Closing balance £42,973.89.",,42973.89,,,"Studio 8, James island, Junemouth, WS53 0LG",natasha17@example.net,CUST00004,Angela Jackson,(0118)4960554,,,STMT00082,eStatement,,,,,,,,aisha.patel@securebankplc.com,RM010,Aisha Patel,s3://banking-docs-poc-qahftr/estatements/2025/05/STMT00082.pdf,39-22-58,2025-05-04
84656482,Savings,BR002,Manchester Central,,"Monthly Savings account statement. Closing balance £48,033.33.",,48033.33,,,"9 Barry circles, Hollandland, BN7 6GW",gerald83@example.org,CUST00035,Dr Bruce Metcalfe,+44(0)114 4960337,,,STMT00083,eStatement,,,,,,,,aisha.patel@securebankplc.com,RM010,Aisha Patel,s3://banking-docs-poc-qahftr/estatements/2024/06/STMT00083.pdf,63-95-58,2024-06-07
47116719,Current,BR003,Birmingham,,"Monthly Current account statement. Closing balance £36,611.85.",,36611.85,,,"Flat 7, Tina brook, Samberg, W2 8EN",leslie82@example.com,CUST00060,Ricky Duffy,0113 4960453,,,STMT00084,eStatement,,,,,,,,sophie.chen@securebankplc.com,RM002,Sophie Chen,s3://banking-docs-poc-qahftr/estatements/2025/06/STMT00084.pdf,29-29-82,2025-06-21
65185067,Current,BR006,Bristol,,"Monthly Current account statement. Closing balance £6,950.01.",,6950.01,,,"Flat 29J, Price ramp, South Sam, W3 9GT",chloe20@example.org,CUST00051,Rachael Farmer,+44909 8790358,,,STMT00085,eStatement,,,,,,,,fatima.hassan@securebankplc.com,RM018,Fatima Hassan,s3://banking-docs-poc-qahftr/estatements/2024/05/STMT00085.pdf,65-56-91,2024-05-25
37672423,ISA,BR010,Sheffield,,"Monthly ISA account statement. Closing balance £47,875.94.",,47875.94,,,"5 Chelsea street, Jessicashire, SN4 9XJ",elliott68@example.com,CUST00007,Sylvia Bolton,0131 496 0785,,,STMT00086,eStatement,,,,,,,,william.foster@securebankplc.com,RM011,William Foster,s3://banking-docs-poc-qahftr/estatements/2025/07/STMT00086.pdf,78-43-84,2025-07-02
62473178,Current,BR008,Glasgow,,"Monthly Current account statement. Closing balance £27,975.81.",,27975.81,,,"61 Maria ports, Lake Marilynburgh, SP3 4SG",duncanarmstrong@example.com,CUST00018,Lisa Lawrence,+44(0)1632 960 827,,,STMT00087,eStatement,,,,,,,,david.okafor@securebankplc.com,RM005,David Okafor,s3://banking-docs-poc-qahftr/estatements/2025/11/STMT00087.pdf,16-93-79,2025-11-21
31665876,Current,BR007,Cardiff,,"Monthly Current account statement. Closing balance £6,181.47.",,6181.47,,,"03 French walks, East Janice, E05 3RJ",tross@example.net,CUST00043,Miss Kimberley Robinson,(0191) 496 0369,,,STMT00088,eStatement,,,,,,,,david.okafor@securebankplc.com,RM005,David Okafor,s3://banking-docs-poc-qahftr/estatements/2026/02/STMT00088.pdf,36-63-59,2026-02-16
29973763,Current,BR004,Edinburgh,,"Monthly Current account statement. Closing balance £9,907.61.",,9907.61,,,"609 Price crescent, North Joanneside, HP84 0EX",antonyjones@example.com,CUST00016,Leah Kay,+44(0)118 496 0897,,,STMT00089,eStatement,,,,,,,,fatima.hassan@securebankplc.com,RM018,Fatima Hassan,s3://banking-docs-poc-qahftr/estatements/2024/05/STMT00089.pdf,22-94-65,2024-05-20
83777014,Savings,BR007,Cardiff,,"Monthly Savings account statement. Closing balance £30,453.35.",,30453.35,,,"Flat 40w, Davies tunnel, Lake Edwardshire, SM29 6NX",melissa67@example.net,CUST00055,Trevor Mills,01314960541,,,STMT00090,eStatement,,,,,,,,amelia.singh@securebankplc.com,RM016,Amelia Singh,s3://banking-docs-poc-qahftr/estatements/2024/07/STMT00090.pdf,61-98-41,2024-07-14
93252880,ISA,BR005,Leeds,,"Monthly ISA account statement. Closing balance £19,047.74.",,19047.74,,,"5 Gough mountain, South Katherine, B6D 7NW",morgankimberley@example.net,CUST00011,Anthony Potter-Barber,+44(0)118 4960018,,,STMT00091,eStatement,,,,,,,,robert.blackwood@securebankplc.com,RM017,Robert Blackwood,s3://banking-docs-poc-qahftr/estatements/2024/09/STMT00091.pdf,51-72-12,2024-09-03
95931034,Current,BR009,Liverpool,,"Monthly Current account statement. Closing balance £36,849.20.",,36849.2,,,"Studio 8, James island, Junemouth, WS53 0LG",natasha17@example.net,CUST00004,Angela Jackson,(0118)4960554,,,STMT00092,eStatement,,,,,,,,aisha.patel@securebankplc.com,RM010,Aisha Patel,s3://banking-docs-poc-qahftr/estatements/2026/02/STMT00092.pdf,39-22-58,2026-02-18
22602563,Business Current,BR003,Birmingham,,"Monthly Business Current account statement. Closing balance £37,209.33.",,37209.33,,,"5 Colin tunnel, Hazelshire, BS92 9UW",dylanreid@example.com,CUST00030,Mohamed Ahmed,(0121) 4960087,,,STMT00093,eStatement,,,,,,,,rachel.o'brien@securebankplc.com,RM008,Rachel O'Brien,s3://banking-docs-poc-qahftr/estatements/2025/09/STMT00093.pdf,30-99-23,2025-09-10
18244935,Savings,BR005,Leeds,,"Monthly Savings account statement. Closing balance £35,314.23.",,35314.23,,,"Studio 91, Grace ports, New Brettbury, M3 7WT",nwood@example.org,CUST00026,Linda Mason-Thornton,(0115) 4960463,,,STMT00094,eStatement,,,,,,,,emily.watson@securebankplc.com,RM004,Emily Watson,s3://banking-docs-poc-qahftr/estatements/2024/07/STMT00094.pdf,97-91-43,2024-07-24
47379965,Current,BR004,Edinburgh,,"Monthly Current account statement. Closing balance £7,093.79.",,7093.79,,,"Studio 89, Harvey brook, Stevenshire, N8 9TX",judithnash@example.org,CUST00053,Scott Hussain,+441314960267,,,STMT00095,eStatement,,,,,,,,mohammed.al-rashid@securebankplc.com,RM003,Mohammed Al-Rashid,s3://banking-docs-poc-qahftr/estatements/2024/06/STMT00095.pdf,73-51-33,2024-06-20
60883561,Business Current,BR005,Leeds,,"Monthly Business Current account statement. Closing balance £47,783.28.",,47783.28,,,"03 Faulkner run, Lake Victorstad, HA9 2TL",hicksdawn@example.net,CUST00034,Brandon Middleton,(0131) 496 0052,,,STMT00096,eStatement,,,,,,,,sophie.chen@securebankplc.com,RM002,Sophie Chen,s3://banking-docs-poc-qahftr/estatements/2025/05/STMT00096.pdf,89-50-94,2025-05-04
87133150,ISA,BR006,Bristol,,"Monthly ISA account statement. Closing balance £35,246.52.",,35246.52,,,"Flat 9, Linda ridges, North Bryan, M6D 0FR",dominic47@example.com,CUST00014,Jodie Pritchard-Baker,(020)74960896,,,STMT00097,eStatement,,,,,,,,patrick.devereux@securebankplc.com,RM015,Patrick Devereux,s3://banking-docs-poc-qahftr/estatements/2025/12/STMT00097.pdf,80-39-85,2025-12-29
57885685,Business Current,BR005,Leeds,,"Monthly Business Current account statement. Closing balance £29,164.02.",,29164.02,,,"Flat 84, Hughes green, Lake Matthew, W7D 3DG",uford@example.com,CUST00056,Marcus Walker,+44(0)29 2018730,,,STMT00098,eStatement,,,,,,,,george.whitfield@securebankplc.com,RM019,George Whitfield,s3://banking-docs-poc-qahftr/estatements/2025/06/STMT00098.pdf,99-68-44,2025-06-16
71434558,Current,BR004,Edinburgh,,"Monthly Current account statement. Closing balance £31,883.85.",,31883.85,,,"Studio 39, Justin center, Lynnland, IP6X 6GJ",gbell@example.net,CUST00042,Dylan White,(0116)4960817,,,STMT00099,eStatement,,,,,,,,carlos.mendez@securebankplc.com,RM009,Carlos Mendez,s3://banking-docs-poc-qahftr/estatements/2024/04/STMT00099.pdf,27-29-39,2024-04-29
66319314,ISA,BR005,Leeds,,"Monthly ISA account statement. Closing balance £33,058.01.",,33058.01,,,"893 Jones crest, East Diane, E3A 9GY",brownwendy@example.com,CUST00050,Adrian Davey,+44(0)808 1570942,,,STMT00100,eStatement,,,,,,,,george.whitfield@securebankplc.com,RM019,George Whitfield,s3://banking-docs-poc-qahftr/estatements/2025/01/STMT00100.pdf,25-82-15,2025-01-04
34332003,Premier,BR006,Bristol,,"Monthly Premier account statement. Closing balance £18,813.74.",,18813.74,,,"0 Kate locks, Juneside, S2A 7TS",lawrencemiles@example.net,CUST00038,Frederick Pearson-Webster,(0116)4960522,,,STMT00101,eStatement,,,,,,,,mohammed.al-rashid@securebankplc.com,RM003,Mohammed Al-Rashid,s3://banking-docs-poc-qahftr/estatements/2025/06/STMT00101.pdf,88-19-68,2025-06-06
67010651,Savings,BR006,Bristol,,"Monthly Savings account statement. Closing balance £10,614.79.",,10614.79,,,"Studio 8, O'Neill common, Bradleytown, N89 1ER",kwilkinson@example.com,CUST00017,Callum Pritchard-Fletcher,(0191) 496 0585,,,STMT00102,eStatement,,,,,,,,zoe.nakamura@securebankplc.com,RM014,Zoe Nakamura,s3://banking-docs-poc-qahftr/estatements/2024/05/STMT00102.pdf,34-34-78,2024-05-27
32677360,Savings,BR001,London City,,"Monthly Savings account statement. Closing balance £22,591.60.",,22591.6,,,"60 Mitchell expressway, Martinberg, B5 8WU",thomasking@example.org,CUST00019,Sharon Price,0191 498 0065,,,STMT00103,eStatement,,,,,,,,mohammed.al-rashid@securebankplc.com,RM003,Mohammed Al-Rashid,s3://banking-docs-poc-qahftr/estatements/2024/10/STMT00103.pdf,58-10-59,2024-10-23
99118384,Savings,BR001,London City,,"Monthly Savings account statement. Closing balance £36,702.96.",,36702.96,,,"73 Samantha forges, Millerton, LS9 6LT",martyn46@example.org,CUST00024,Mr Ronald Singh,+44(0)115 4960476,,,STMT00104,eStatement,,,,,,,,patrick.devereux@securebankplc.com,RM015,Patrick Devereux,s3://banking-docs-poc-qahftr/estatements/2024/11/STMT00104.pdf,54-18-41,2024-11-10
37672423,ISA,BR010,Sheffield,,"Monthly ISA account statement. Closing balance £29,424.21.",,29424.21,,,"5 Chelsea street, Jessicashire, SN4 9XJ",elliott68@example.com,CUST00007,Sylvia Bolton,0131 496 0785,,,STMT00105,eStatement,,,,,,,,william.foster@securebankplc.com,RM011,William Foster,s3://banking-docs-poc-qahftr/estatements/2024/09/STMT00105.pdf,78-43-84,2024-09-01
22602563,Business Current,BR003,Birmingham,,"Monthly Business Current account statement. Closing balance £39,805.10.",,39805.1,,,"5 Colin tunnel, Hazelshire, BS92 9UW",dylanreid@example.com,CUST00030,Mohamed Ahmed,(0121) 4960087,,,STMT00106,eStatement,,,,,,,,rachel.o'brien@securebankplc.com,RM008,Rachel O'Brien,s3://banking-docs-poc-qahftr/estatements/2025/06/STMT00106.pdf,30-99-23,2025-06-13
62849877,Premier,BR008,Glasgow,,"Monthly Premier account statement. Closing balance £2,927.61.",,2927.61,,,"262 Davis trail, South Irene, PA0Y 4QQ",patriciabrown@example.org,CUST00052,Miss Catherine Shaw,(0113) 496 0142,,,STMT00107,eStatement,,,,,,,,david.okafor@securebankplc.com,RM005,David Okafor,s3://banking-docs-poc-qahftr/estatements/2024/10/STMT00107.pdf,85-44-51,2024-10-26
47379965,Current,BR004,Edinburgh,,"Monthly Current account statement. Closing balance £3,179.29.",,3179.29,,,"Studio 89, Harvey brook, Stevenshire, N8 9TX",judithnash@example.org,CUST00053,Scott Hussain,+441314960267,,,STMT00108,eStatement,,,,,,,,mohammed.al-rashid@securebankplc.com,RM003,Mohammed Al-Rashid,s3://banking-docs-poc-qahftr/estatements/2024/06/STMT00108.pdf,73-51-33,2024-06-10
47116719,Current,BR003,Birmingham,,"Monthly Current account statement. Closing balance £42,339.20.",,42339.2,,,"Flat 7, Tina brook, Samberg, W2 8EN",leslie82@example.com,CUST00060,Ricky Duffy,0113 4960453,,,STMT00109,eStatement,,,,,,,,sophie.chen@securebankplc.com,RM002,Sophie Chen,s3://banking-docs-poc-qahftr/estatements/2024/06/STMT00109.pdf,29-29-82,2024-06-10
99118384,Savings,BR001,London City,,"Monthly Savings account statement. Closing balance £47,211.18.",,47211.18,,,"73 Samantha forges, Millerton, LS9 6LT",martyn46@example.org,CUST00024,Mr Ronald Singh,+44(0)115 4960476,,,STMT00110,eStatement,,,,,,,,patrick.devereux@securebankplc.com,RM015,Patrick Devereux,s3://banking-docs-poc-qahftr/estatements/2025/08/STMT00110.pdf,54-18-41,2025-08-07
73375433,Current,BR007,Cardiff,,"Monthly Current account statement. Closing balance £4,995.23.",,4995.23,,,"Studio 2, Leah loop, Johnsonport, G7T 2YS",brenda28@example.com,CUST00031,Kathryn Shah,+44(0)117 496 0843,,,STMT00111,eStatement,,,,,,,,sophie.chen@securebankplc.com,RM002,Sophie Chen,s3://banking-docs-poc-qahftr/estatements/2024/07/STMT00111.pdf,94-34-61,2024-07-25
51462704,ISA,BR009,Liverpool,,"Monthly ISA account statement. Closing balance £14,610.26.",,14610.26,,,"912 Davis landing, Annetown, IM38 7QB",charlene31@example.net,CUST00010,Wayne Wood,(0131) 4960642,,,STMT00112,eStatement,,,,,,,,carlos.mendez@securebankplc.com,RM009,Carlos Mendez,s3://banking-docs-poc-qahftr/estatements/2024/07/STMT00112.pdf,32-74-23,2024-07-20
54549480,ISA,BR008,Glasgow,,"Monthly ISA account statement. Closing balance £46,490.26.",,46490.26,,,"Flat 88, Adam mountains, Lake Clifford, E2E 5YP",littlewilliam@example.org,CUST00054,Jill Norton,01134960860,,,STMT00113,eStatement,,,,,,,,thomas.müller@securebankplc.com,RM007,Thomas Müller,s3://banking-docs-poc-qahftr/estatements/2024/12/STMT00113.pdf,34-20-40,2024-12-06
52553419,Savings,BR005,Leeds,,"Monthly Savings account statement. Closing balance £28,397.65.",,28397.65,,,"Flat 03, Sara lights, Paulinetown, PA3 9FT",jayne53@example.com,CUST00005,Maria Williams-Brown,(0191) 4960489,,,STMT00114,eStatement,,,,,,,,patrick.devereux@securebankplc.com,RM015,Patrick Devereux,s3://banking-docs-poc-qahftr/estatements/2024/06/STMT00114.pdf,78-41-30,2024-06-27
60883561,Business Current,BR005,Leeds,,"Monthly Business Current account statement. Closing balance £31,548.89.",,31548.89,,,"03 Faulkner run, Lake Victorstad, HA9 2TL",hicksdawn@example.net,CUST00034,Brandon Middleton,(0131) 496 0052,,,STMT00115,eStatement,,,,,,,,sophie.chen@securebankplc.com,RM002,Sophie Chen,s3://banking-docs-poc-qahftr/estatements/2025/03/STMT00115.pdf,89-50-94,2025-03-09
54549480,ISA,BR008,Glasgow,,"Monthly ISA account statement. Closing balance £39,590.84.",,39590.84,,,"Flat 88, Adam mountains, Lake Clifford, E2E 5YP",littlewilliam@example.org,CUST00054,Jill Norton,01134960860,,,STMT00116,eStatement,,,,,,,,thomas.müller@securebankplc.com,RM007,Thomas Müller,s3://banking-docs-poc-qahftr/estatements/2025/01/STMT00116.pdf,34-20-40,2025-01-22
47379965,Current,BR004,Edinburgh,,"Monthly Current account statement. Closing balance £7,668.39.",,7668.39,,,"Studio 89, Harvey brook, Stevenshire, N8 9TX",judithnash@example.org,CUST00053,Scott Hussain,+441314960267,,,STMT00117,eStatement,,,,,,,,mohammed.al-rashid@securebankplc.com,RM003,Mohammed Al-Rashid,s3://banking-docs-poc-qahftr/estatements/2025/09/STMT00117.pdf,73-51-33,2025-09-08
34332003,Premier,BR006,Bristol,,"Monthly Premier account statement. Closing balance £37,994.35.",,37994.35,,,"0 Kate locks, Juneside, S2A 7TS",lawrencemiles@example.net,CUST00038,Frederick Pearson-Webster,(0116)4960522,,,STMT00118,eStatement,,,,,,,,mohammed.al-rashid@securebankplc.com,RM003,Mohammed Al-Rashid,s3://banking-docs-poc-qahftr/estatements/2025/11/STMT00118.pdf,88-19-68,2025-11-23
71434558,Current,BR004,Edinburgh,,"Monthly Current account statement. Closing balance £6,650.75.",,6650.75,,,"Studio 39, Justin center, Lynnland, IP6X 6GJ",gbell@example.net,CUST00042,Dylan White,(0116)4960817,,,STMT00119,eStatement,,,,,,,,carlos.mendez@securebankplc.com,RM009,Carlos Mendez,s3://banking-docs-poc-qahftr/estatements/2024/12/STMT00119.pdf,27-29-39,2024-12-04
51462704,ISA,BR009,Liverpool,,"Monthly ISA account statement. Closing balance £51,318.44.",,51318.44,,,"912 Davis landing, Annetown, IM38 7QB",charlene31@example.net,CUST00010,Wayne Wood,(0131) 4960642,,,STMT00120,eStatement,,,,,,,,carlos.mendez@securebankplc.com,RM009,Carlos Mendez,s3://banking-docs-poc-qahftr/estatements/2025/12/STMT00120.pdf,32-74-23,2025-12-27
09788208,Current,BR006,Bristol,,"Monthly Current account statement. Closing balance £34,348.29.",,34348.29,,,"46 George walks, Port Peter, NG03 2JW",robertgrant@example.org,CUST00021,Elliot Williams,0141 496 0539,,,STMT00121,eStatement,,,,,,,,sophie.chen@securebankplc.com,RM002,Sophie Chen,s3://banking-docs-poc-qahftr/estatements/2025/04/STMT00121.pdf,33-18-86,2025-04-19
40164005,Savings,BR009,Liverpool,,"Monthly Savings account statement. Closing balance £53,814.14.",,53814.14,,,"080 Lewis route, Port Sara, G5G 7RZ",browneileen@example.net,CUST00027,Maria Forster,0909 879 0429,,,STMT00122,eStatement,,,,,,,,amelia.singh@securebankplc.com,RM016,Amelia Singh,s3://banking-docs-poc-qahftr/estatements/2025/09/STMT00122.pdf,91-43-30,2025-09-27
73375433,Current,BR007,Cardiff,,"Monthly Current account statement. Closing balance £5,833.15.",,5833.15,,,"Studio 2, Leah loop, Johnsonport, G7T 2YS",brenda28@example.com,CUST00031,Kathryn Shah,+44(0)117 496 0843,,,STMT00123,eStatement,,,,,,,,sophie.chen@securebankplc.com,RM002,Sophie Chen,s3://banking-docs-poc-qahftr/estatements/2025/05/STMT00123.pdf,94-34-61,2025-05-06
19655698,Current,BR005,Leeds,,"Monthly Current account statement. Closing balance £30,263.42.",,30263.42,,,"8 Johnson squares, Port Katherine, G88 1RX",mohamedberry@example.org,CUST00033,Lee Middleton,(0909) 879 0898,,,STMT00124,eStatement,,,,,,,,sophie.chen@securebankplc.com,RM002,Sophie Chen,s3://banking-docs-poc-qahftr/estatements/2025/02/STMT00124.pdf,59-83-34,2025-02-23
61559407,ISA,BR002,Manchester Central,,"Monthly ISA account statement. Closing balance £24,526.24.",,24526.24,,,"1 George falls, Seanhaven, BA2 6PH",dennis04@example.org,CUST00003,Mrs Lindsey Green,0292018265,,,STMT00125,eStatement,,,,,,,,mohammed.al-rashid@securebankplc.com,RM003,Mohammed Al-Rashid,s3://banking-docs-poc-qahftr/estatements/2026/02/STMT00125.pdf,25-58-20,2026-02-17
74529912,Business Current,BR010,Sheffield,,"Monthly Business Current account statement. Closing balance £39,488.84.",,39488.84,,,"217 Natasha passage, Staceyberg, B2B 9DT",carterdeclan@example.org,CUST00049,Patricia Hopkins-Waters,+449098790877,,,STMT00126,eStatement,,,,,,,,thomas.müller@securebankplc.com,RM007,Thomas Müller,s3://banking-docs-poc-qahftr/estatements/2024/06/STMT00126.pdf,23-84-13,2024-06-26
62849877,Premier,BR008,Glasgow,,"Monthly Premier account statement. Closing balance £18,099.98.",,18099.98,,,"262 Davis trail, South Irene, PA0Y 4QQ",patriciabrown@example.org,CUST00052,Miss Catherine Shaw,(0113) 496 0142,,,STMT00127,eStatement,,,,,,,,david.okafor@securebankplc.com,RM005,David Okafor,s3://banking-docs-poc-qahftr/estatements/2025/09/STMT00127.pdf,85-44-51,2025-09-14
43039117,Current,BR002,Manchester Central,,"Monthly Current account statement. Closing balance £18,378.07.",,18378.07,,,"427 Brown gardens, West Bethan, AB5 0WZ",turnerjosephine@example.com,CUST00012,Dr Duncan Greenwood,(0909) 879 0062,,,STMT00128,eStatement,,,,,,,,natalie.burke@securebankplc.com,RM012,Natalie Burke,s3://banking-docs-poc-qahftr/estatements/2026/02/STMT00128.pdf,78-26-26,2026-02-17
77387214,ISA,BR006,Bristol,,"Monthly ISA account statement. Closing balance £30,091.56.",,30091.56,,,"Flat 81G, Singh loaf, Colehaven, PL0V 2FR",ashleigh56@example.com,CUST00037,Edward Jackson,0117 496 0960,,,STMT00129,eStatement,,,,,,,,patrick.devereux@securebankplc.com,RM015,Patrick Devereux,s3://banking-docs-poc-qahftr/estatements/2025/10/STMT00129.pdf,94-91-89,2025-10-08
29973763,Current,BR004,Edinburgh,,"Monthly Current account statement. Closing balance £27,890.51.",,27890.51,,,"609 Price crescent, North Joanneside, HP84 0EX",antonyjones@example.com,CUST00016,Leah Kay,+44(0)118 496 0897,,,STMT00130,eStatement,,,,,,,,fatima.hassan@securebankplc.com,RM018,Fatima Hassan,s3://banking-docs-poc-qahftr/estatements/2026/02/STMT00130.pdf,22-94-65,2026-02-22
00330923,Savings,BR004,Edinburgh,,"Monthly Savings account statement. Closing balance £16,309.29.",,16309.29,,,"Flat 69, Khan plaza, West Harriet, L1S 5NB",emily97@example.org,CUST00048,Francesca Lucas,(0141) 4960004,,,STMT00131,eStatement,,,,,,,,mohammed.al-rashid@securebankplc.com,RM003,Mohammed Al-Rashid,s3://banking-docs-poc-qahftr/estatements/2024/12/STMT00131.pdf,70-95-24,2024-12-02
09788208,Current,BR006,Bristol,,"Monthly Current account statement. Closing balance £41,932.79.",,41932.79,,,"46 George walks, Port Peter, NG03 2JW",robertgrant@example.org,CUST00021,Elliot Williams,0141 496 0539,,,STMT00132,eStatement,,,,,,,,sophie.chen@securebankplc.com,RM002,Sophie Chen,s3://banking-docs-poc-qahftr/estatements/2024/12/STMT00132.pdf,33-18-86,2024-12-21
27849808,Business Current,BR006,Bristol,,"Monthly Business Current account statement. Closing balance £7,759.29.",,7759.29,,,"Flat 3, Chan viaduct, Royport, L35 1EQ",clairewilson@example.org,CUST00025,Bryan Brown,0808 1570256,,,STMT00133,eStatement,,,,,,,,aisha.patel@securebankplc.com,RM010,Aisha Patel,s3://banking-docs-poc-qahftr/estatements/2025/08/STMT00133.pdf,94-23-27,2025-08-11
54549480,ISA,BR008,Glasgow,,"Monthly ISA account statement. Closing balance £7,028.54.",,7028.54,,,"Flat 88, Adam mountains, Lake Clifford, E2E 5YP",littlewilliam@example.org,CUST00054,Jill Norton,01134960860,,,STMT00134,eStatement,,,,,,,,thomas.müller@securebankplc.com,RM007,Thomas Müller,s3://banking-docs-poc-qahftr/estatements/2025/12/STMT00134.pdf,34-20-40,2025-12-09
67010651,Savings,BR006,Bristol,,"Monthly Savings account statement. Closing balance £3,863.93.",,3863.93,,,"Studio 8, O'Neill common, Bradleytown, N89 1ER",kwilkinson@example.com,CUST00017,Callum Pritchard-Fletcher,(0191) 496 0585,,,STMT00135,eStatement,,,,,,,,zoe.nakamura@securebankplc.com,RM014,Zoe Nakamura,s3://banking-docs-poc-qahftr/estatements/2025/12/STMT00135.pdf,34-34-78,2025-12-18
54353462,Business Current,BR010,Sheffield,,"Monthly Business Current account statement. Closing balance £27,457.71.",,27457.71,,,"367 Watkins spring, West Scottberg, BH84 0YS",joanlittle@example.net,CUST00023,Terry Stephens-Turner,+44(0)306 9990092,,,STMT00136,eStatement,,,,,,,,robert.blackwood@securebankplc.com,RM017,Robert Blackwood,s3://banking-docs-poc-qahftr/estatements/2026/01/STMT00136.pdf,68-50-19,2026-01-24
73375433,Current,BR007,Cardiff,,"Monthly Current account statement. Closing balance £35,356.55.",,35356.55,,,"Studio 2, Leah loop, Johnsonport, G7T 2YS",brenda28@example.com,CUST00031,Kathryn Shah,+44(0)117 496 0843,,,STMT00137,eStatement,,,,,,,,sophie.chen@securebankplc.com,RM002,Sophie Chen,s3://banking-docs-poc-qahftr/estatements/2025/03/STMT00137.pdf,94-34-61,2025-03-25
27849808,Business Current,BR006,Bristol,,"Monthly Business Current account statement. Closing balance £4,984.50.",,4984.5,,,"Flat 3, Chan viaduct, Royport, L35 1EQ",clairewilson@example.org,CUST00025,Bryan Brown,0808 1570256,,,STMT00138,eStatement,,,,,,,,aisha.patel@securebankplc.com,RM010,Aisha Patel,s3://banking-docs-poc-qahftr/estatements/2025/05/STMT00138.pdf,94-23-27,2025-05-15
32677360,Savings,BR001,London City,,"Monthly Savings account statement. Closing balance £2,139.82.",,2139.82,,,"60 Mitchell expressway, Martinberg, B5 8WU",thomasking@example.org,CUST00019,Sharon Price,0191 498 0065,,,STMT00139,eStatement,,,,,,,,mohammed.al-rashid@securebankplc.com,RM003,Mohammed Al-Rashid,s3://banking-docs-poc-qahftr/estatements/2024/09/STMT00139.pdf,58-10-59,2024-09-25
57885685,Business Current,BR005,Leeds,,"Monthly Business Current account statement. Closing balance £23,586.60.",,23586.6,,,"Flat 84, Hughes green, Lake Matthew, W7D 3DG",uford@example.com,CUST00056,Marcus Walker,+44(0)29 2018730,,,STMT00140,eStatement,,,,,,,,george.whitfield@securebankplc.com,RM019,George Whitfield,s3://banking-docs-poc-qahftr/estatements/2024/08/STMT00140.pdf,99-68-44,2024-08-22
48350305,Premier,BR008,Glasgow,,"Monthly Premier account statement. Closing balance £27,883.15.",,27883.15,,,"172 Cameron meadow, Wayneview, S56 4EY",littlefrances@example.com,CUST00006,Simon Evans,+44(0)1144960022,,,STMT00141,eStatement,,,,,,,,liam.fitzgerald@securebankplc.com,RM013,Liam Fitzgerald,s3://banking-docs-poc-qahftr/estatements/2025/04/STMT00141.pdf,44-18-37,2025-04-25
67010651,Savings,BR006,Bristol,,"Monthly Savings account statement. Closing balance £14,476.24.",,14476.24,,,"Studio 8, O'Neill common, Bradleytown, N89 1ER",kwilkinson@example.com,CUST00017,Callum Pritchard-Fletcher,(0191) 496 0585,,,STMT00142,eStatement,,,,,,,,zoe.nakamura@securebankplc.com,RM014,Zoe Nakamura,s3://banking-docs-poc-qahftr/estatements/2025/03/STMT00142.pdf,34-34-78,2025-03-21
57885685,Business Current,BR005,Leeds,,"Monthly Business Current account statement. Closing balance £34,810.41.",,34810.41,,,"Flat 84, Hughes green, Lake Matthew, W7D 3DG",uford@example.com,CUST00056,Marcus Walker,+44(0)29 2018730,,,STMT00143,eStatement,,,,,,,,george.whitfield@securebankplc.com,RM019,George Whitfield,s3://banking-docs-poc-qahftr/estatements/2025/11/STMT00143.pdf,99-68-44,2025-11-27
31665876,Current,BR007,Cardiff,,"Monthly Current account statement. Closing balance £39,903.78.",,39903.78,,,"03 French walks, East Janice, E05 3RJ",tross@example.net,CUST00043,Miss Kimberley Robinson,(0191) 496 0369,,,STMT00144,eStatement,,,,,,,,david.okafor@securebankplc.com,RM005,David Okafor,s3://banking-docs-poc-qahftr/estatements/2024/09/STMT00144.pdf,36-63-59,2024-09-28
04505331,Business Current,BR007,Cardiff,,"Monthly Business Current account statement. Closing balance £26,594.85.",,26594.85,,,"868 Hill vista, Rickyburgh, HX6E 1EJ",nwright@example.com,CUST00029,Damian Pearson,+441144960254,,,STMT00145,eStatement,,,,,,,,david.okafor@securebankplc.com,RM005,David Okafor,s3://banking-docs-poc-qahftr/estatements/2024/06/STMT00145.pdf,81-62-89,2024-06-22
10310518,Savings,BR004,Edinburgh,,"Monthly Savings account statement. Closing balance £23,882.98.",,23882.98,,,"18 Kenneth turnpike, New Louise, G47 7JP",xmacdonald@example.net,CUST00015,Wayne Atkinson,+44(0)1632960597,,,STMT00146,eStatement,,,,,,,,james.hargreaves@securebankplc.com,RM001,James Hargreaves,s3://banking-docs-poc-qahftr/estatements/2025/01/STMT00146.pdf,45-95-72,2025-01-06
87133150,ISA,BR006,Bristol,,"Monthly ISA account statement. Closing balance £43,415.00.",,43415.0,,,"Flat 9, Linda ridges, North Bryan, M6D 0FR",dominic47@example.com,CUST00014,Jodie Pritchard-Baker,(020)74960896,,,STMT00147,eStatement,,,,,,,,patrick.devereux@securebankplc.com,RM015,Patrick Devereux,s3://banking-docs-poc-qahftr/estatements/2025/12/STMT00147.pdf,80-39-85,2025-12-16
68011280,Business Current,BR008,Glasgow,,"Monthly Business Current account statement. Closing balance £15,588.30.",,15588.3,,,"9 Graeme throughway, Jonesmouth, TS6 3LX",terence80@example.org,CUST00028,Dominic Harvey,+441632 960888,,,STMT00148,eStatement,,,,,,,,fatima.hassan@securebankplc.com,RM018,Fatima Hassan,s3://banking-docs-poc-qahftr/estatements/2025/10/STMT00148.pdf,84-80-28,2025-10-01
77387214,ISA,BR006,Bristol,,"Monthly ISA account statement. Closing balance £24,573.67.",,24573.67,,,"Flat 81G, Singh loaf, Colehaven, PL0V 2FR",ashleigh56@example.com,CUST00037,Edward Jackson,0117 496 0960,,,STMT00149,eStatement,,,,,,,,patrick.devereux@securebankplc.com,RM015,Patrick Devereux,s3://banking-docs-poc-qahftr/estatements/2025/01/STMT00149.pdf,94-91-89,2025-01-23
62473178,Current,BR008,Glasgow,,"Monthly Current account statement. Closing balance £1,252.69.",,1252.69,,,"61 Maria ports, Lake Marilynburgh, SP3 4SG",duncanarmstrong@example.com,CUST00018,Lisa Lawrence,+44(0)1632 960 827,,,STMT00150,eStatement,,,,,,,,david.okafor@securebankplc.com,RM005,David Okafor,s3://banking-docs-poc-qahftr/estatements/2024/06/STMT00150.pdf,16-93-79,2024-06-13
37672423,ISA,BR010,Sheffield,,"Monthly ISA account statement. Closing balance £31,884.62.",,31884.62,,,"5 Chelsea street, Jessicashire, SN4 9XJ",elliott68@example.com,CUST00007,Sylvia Bolton,0131 496 0785,,,STMT00151,eStatement,,,,,,,,william.foster@securebankplc.com,RM011,William Foster,s3://banking-docs-poc-qahftr/estatements/2024/09/STMT00151.pdf,78-43-84,2024-09-11
31665876,Current,BR007,Cardiff,,"Monthly Current account statement. Closing balance £38,569.88.",,38569.88,,,"03 French walks, East Janice, E05 3RJ",tross@example.net,CUST00043,Miss Kimberley Robinson,(0191) 496 0369,,,STMT00152,eStatement,,,,,,,,david.okafor@securebankplc.com,RM005,David Okafor,s3://banking-docs-poc-qahftr/estatements/2024/09/STMT00152.pdf,36-63-59,2024-09-26
62849877,Premier,BR008,Glasgow,,"Monthly Premier account statement. Closing balance £16,983.84.",,16983.84,,,"262 Davis trail, South Irene, PA0Y 4QQ",patriciabrown@example.org,CUST00052,Miss Catherine Shaw,(0113) 496 0142,,,STMT00153,eStatement,,,,,,,,david.okafor@securebankplc.com,RM005,David Okafor,s3://banking-docs-poc-qahftr/estatements/2026/01/STMT00153.pdf,85-44-51,2026-01-02
29973763,Current,BR004,Edinburgh,,"Monthly Current account statement. Closing balance £42,604.90.",,42604.9,,,"609 Price crescent, North Joanneside, HP84 0EX",antonyjones@example.com,CUST00016,Leah Kay,+44(0)118 496 0897,,,STMT00154,eStatement,,,,,,,,fatima.hassan@securebankplc.com,RM018,Fatima Hassan,s3://banking-docs-poc-qahftr/estatements/2024/06/STMT00154.pdf,22-94-65,2024-06-19
46706562,Premier,BR008,Glasgow,,"Monthly Premier account statement. Closing balance £45,871.79.",,45871.79,,,"02 Dorothy haven, Melanieland, E5 7RW",joanturner@example.net,CUST00045,Mrs Hayley Edwards,+44131 496 0418,,,STMT00155,eStatement,,,,,,,,rachel.o'brien@securebankplc.com,RM008,Rachel O'Brien,s3://banking-docs-poc-qahftr/estatements/2025/01/STMT00155.pdf,26-89-78,2025-01-02
24896383,Business Current,BR008,Glasgow,,"Monthly Business Current account statement. Closing balance £13,942.43.",,13942.43,,,"2 Carter lane, Allenland, FY2M 9AU",dorothymurray@example.org,CUST00013,Ms Dorothy Burns,+44141 496 0933,,,STMT00156,eStatement,,,,,,,,fatima.hassan@securebankplc.com,RM018,Fatima Hassan,s3://banking-docs-poc-qahftr/estatements/2025/10/STMT00156.pdf,61-95-93,2025-10-05
60883561,Business Current,BR005,Leeds,,"Monthly Business Current account statement. Closing balance £34,553.12.",,34553.12,,,"03 Faulkner run, Lake Victorstad, HA9 2TL",hicksdawn@example.net,CUST00034,Brandon Middleton,(0131) 496 0052,,,STMT00157,eStatement,,,,,,,,sophie.chen@securebankplc.com,RM002,Sophie Chen,s3://banking-docs-poc-qahftr/estatements/2024/12/STMT00157.pdf,89-50-94,2024-12-29
96001338,ISA,BR009,Liverpool,,"Monthly ISA account statement. Closing balance £39,513.34.",,39513.34,,,"9 Bird courts, Lake Lesley, E9U 5AD",ellie28@example.net,CUST00001,Eileen Evans,+44(0)1632 960 112,,,STMT00158,eStatement,,,,,,,,mohammed.al-rashid@securebankplc.com,RM003,Mohammed Al-Rashid,s3://banking-docs-poc-qahftr/estatements/2025/06/STMT00158.pdf,13-81-35,2025-06-24
84656482,Savings,BR002,Manchester Central,,"Monthly Savings account statement. Closing balance £28,985.46.",,28985.46,,,"9 Barry circles, Hollandland, BN7 6GW",gerald83@example.org,CUST00035,Dr Bruce Metcalfe,+44(0)114 4960337,,,STMT00159,eStatement,,,,,,,,aisha.patel@securebankplc.com,RM010,Aisha Patel,s3://banking-docs-poc-qahftr/estatements/2024/08/STMT00159.pdf,63-95-58,2024-08-06
31351823,Savings,BR005,Leeds,,"Monthly Savings account statement. Closing balance £21,662.52.",,21662.52,,,"81 Wilson club, Douglasmouth, IV2B 6PW",zcollins@example.com,CUST00057,Mathew Little,+44(0)8081570161,,,STMT00160,eStatement,,,,,,,,carlos.mendez@securebankplc.com,RM009,Carlos Mendez,s3://banking-docs-poc-qahftr/estatements/2024/12/STMT00160.pdf,71-45-85,2024-12-20
31665876,Current,BR007,Cardiff,,"Monthly Current account statement. Closing balance £23,910.80.",,23910.8,,,"03 French walks, East Janice, E05 3RJ",tross@example.net,CUST00043,Miss Kimberley Robinson,(0191) 496 0369,,,STMT00161,eStatement,,,,,,,,david.okafor@securebankplc.com,RM005,David Okafor,s3://banking-docs-poc-qahftr/estatements/2024/07/STMT00161.pdf,36-63-59,2024-07-08
29973763,Current,BR004,Edinburgh,,"Monthly Current account statement. Closing balance £19,483.50.",,19483.5,,,"609 Price crescent, North Joanneside, HP84 0EX",antonyjones@example.com,CUST00016,Leah Kay,+44(0)118 496 0897,,,STMT00162,eStatement,,,,,,,,fatima.hassan@securebankplc.com,RM018,Fatima Hassan,s3://banking-docs-poc-qahftr/estatements/2025/05/STMT00162.pdf,22-94-65,2025-05-04
37672423,ISA,BR010,Sheffield,,"Monthly ISA account statement. Closing balance £38,274.12.",,38274.12,,,"5 Chelsea street, Jessicashire, SN4 9XJ",elliott68@example.com,CUST00007,Sylvia Bolton,0131 496 0785,,,STMT00163,eStatement,,,,,,,,william.foster@securebankplc.com,RM011,William Foster,s3://banking-docs-poc-qahftr/estatements/2024/10/STMT00163.pdf,78-43-84,2024-10-09
31351823,Savings,BR005,Leeds,,"Monthly Savings account statement. Closing balance £32,235.43.",,32235.43,,,"81 Wilson club, Douglasmouth, IV2B 6PW",zcollins@example.com,CUST00057,Mathew Little,+44(0)8081570161,,,STMT00164,eStatement,,,,,,,,carlos.mendez@securebankplc.com,RM009,Carlos Mendez,s3://banking-docs-poc-qahftr/estatements/2025/02/STMT00164.pdf,71-45-85,2025-02-24
67010651,Savings,BR006,Bristol,,"Monthly Savings account statement. Closing balance £39,763.01.",,39763.01,,,"Studio 8, O'Neill common, Bradleytown, N89 1ER",kwilkinson@example.com,CUST00017,Callum Pritchard-Fletcher,(0191) 496 0585,,,STMT00165,eStatement,,,,,,,,zoe.nakamura@securebankplc.com,RM014,Zoe Nakamura,s3://banking-docs-poc-qahftr/estatements/2024/10/STMT00165.pdf,34-34-78,2024-10-26
93252880,ISA,BR005,Leeds,,"Monthly ISA account statement. Closing balance £22,291.79.",,22291.79,,,"5 Gough mountain, South Katherine, B6D 7NW",morgankimberley@example.net,CUST00011,Anthony Potter-Barber,+44(0)118 4960018,,,STMT00166,eStatement,,,,,,,,robert.blackwood@securebankplc.com,RM017,Robert Blackwood,s3://banking-docs-poc-qahftr/estatements/2024/11/STMT00166.pdf,51-72-12,2024-11-06
60883561,Business Current,BR005,Leeds,,"Monthly Business Current account statement. Closing balance £41,183.23.",,41183.23,,,"03 Faulkner run, Lake Victorstad, HA9 2TL",hicksdawn@example.net,CUST00034,Brandon Middleton,(0131) 496 0052,,,STMT00167,eStatement,,,,,,,,sophie.chen@securebankplc.com,RM002,Sophie Chen,s3://banking-docs-poc-qahftr/estatements/2024/09/STMT00167.pdf,89-50-94,2024-09-10
14586850,Current,BR006,Bristol,,"Monthly Current account statement. Closing balance £31,327.02.",,31327.02,,,"89 Edwards creek, Daviestown, B2 2NA",robertsrosemary@example.net,CUST00032,Tracy Wilkinson-Davison,+44(0)1632 960235,,,STMT00168,eStatement,,,,,,,,carlos.mendez@securebankplc.com,RM009,Carlos Mendez,s3://banking-docs-poc-qahftr/estatements/2025/05/STMT00168.pdf,43-32-84,2025-05-11
10310518,Savings,BR004,Edinburgh,,"Monthly Savings account statement. Closing balance £12,507.79.",,12507.79,,,"18 Kenneth turnpike, New Louise, G47 7JP",xmacdonald@example.net,CUST00015,Wayne Atkinson,+44(0)1632960597,,,STMT00169,eStatement,,,,,,,,james.hargreaves@securebankplc.com,RM001,James Hargreaves,s3://banking-docs-poc-qahftr/estatements/2024/04/STMT00169.pdf,45-95-72,2024-04-20
84656482,Savings,BR002,Manchester Central,,"Monthly Savings account statement. Closing balance £19,425.29.",,19425.29,,,"9 Barry circles, Hollandland, BN7 6GW",gerald83@example.org,CUST00035,Dr Bruce Metcalfe,+44(0)114 4960337,,,STMT00170,eStatement,,,,,,,,aisha.patel@securebankplc.com,RM010,Aisha Patel,s3://banking-docs-poc-qahftr/estatements/2026/01/STMT00170.pdf,63-95-58,2026-01-20
08317278,ISA,BR009,Liverpool,,"Monthly ISA account statement. Closing balance £6,587.81.",,6587.81,,,"Flat 03O, Hollie mountains, Francescabury, N5F 6ST",julia61@example.net,CUST00040,Dr Glen Campbell,01214960724,,,STMT00171,eStatement,,,,,,,,patrick.devereux@securebankplc.com,RM015,Patrick Devereux,s3://banking-docs-poc-qahftr/estatements/2024/07/STMT00171.pdf,86-50-66,2024-07-16
51462704,ISA,BR009,Liverpool,,"Monthly ISA account statement. Closing balance £45,162.69.",,45162.69,,,"912 Davis landing, Annetown, IM38 7QB",charlene31@example.net,CUST00010,Wayne Wood,(0131) 4960642,,,STMT00172,eStatement,,,,,,,,carlos.mendez@securebankplc.com,RM009,Carlos Mendez,s3://banking-docs-poc-qahftr/estatements/2024/12/STMT00172.pdf,32-74-23,2024-12-11
65185067,Current,BR006,Bristol,,"Monthly Current account statement. Closing balance £10,445.67.",,10445.67,,,"Flat 29J, Price ramp, South Sam, W3 9GT",chloe20@example.org,CUST00051,Rachael Farmer,+44909 8790358,,,STMT00173,eStatement,,,,,,,,fatima.hassan@securebankplc.com,RM018,Fatima Hassan,s3://banking-docs-poc-qahftr/estatements/2024/05/STMT00173.pdf,65-56-91,2024-05-24
84656482,Savings,BR002,Manchester Central,,"Monthly Savings account statement. Closing balance £34,374.09.",,34374.09,,,"9 Barry circles, Hollandland, BN7 6GW",gerald83@example.org,CUST00035,Dr Bruce Metcalfe,+44(0)114 4960337,,,STMT00174,eStatement,,,,,,,,aisha.patel@securebankplc.com,RM010,Aisha Patel,s3://banking-docs-poc-qahftr/estatements/2024/04/STMT00174.pdf,63-95-58,2024-04-26
77387214,ISA,BR006,Bristol,,"Monthly ISA account statement. Closing balance £23,810.26.",,23810.26,,,"Flat 81G, Singh loaf, Colehaven, PL0V 2FR",ashleigh56@example.com,CUST00037,Edward Jackson,0117 496 0960,,,STMT00175,eStatement,,,,,,,,patrick.devereux@securebankplc.com,RM015,Patrick Devereux,s3://banking-docs-poc-qahftr/estatements/2026/01/STMT00175.pdf,94-91-89,2026-01-28
54549480,ISA,BR008,Glasgow,,"Monthly ISA account statement. Closing balance £45,594.67.",,45594.67,,,"Flat 88, Adam mountains, Lake Clifford, E2E 5YP",littlewilliam@example.org,CUST00054,Jill Norton,01134960860,,,STMT00176,eStatement,,,,,,,,thomas.müller@securebankplc.com,RM007,Thomas Müller,s3://banking-docs-poc-qahftr/estatements/2025/07/STMT00176.pdf,34-20-40,2025-07-04
47379965,Current,BR004,Edinburgh,,"Monthly Current account statement. Closing balance £41,030.26.",,41030.26,,,"Studio 89, Harvey brook, Stevenshire, N8 9TX",judithnash@example.org,CUST00053,Scott Hussain,+441314960267,,,STMT00177,eStatement,,,,,,,,mohammed.al-rashid@securebankplc.com,RM003,Mohammed Al-Rashid,s3://banking-docs-poc-qahftr/estatements/2025/10/STMT00177.pdf,73-51-33,2025-10-18
65185067,Current,BR006,Bristol,,"Monthly Current account statement. Closing balance £31,159.45.",,31159.45,,,"Flat 29J, Price ramp, South Sam, W3 9GT",chloe20@example.org,CUST00051,Rachael Farmer,+44909 8790358,,,STMT00178,eStatement,,,,,,,,fatima.hassan@securebankplc.com,RM018,Fatima Hassan,s3://banking-docs-poc-qahftr/estatements/2024/09/STMT00178.pdf,65-56-91,2024-09-29
31665876,Current,BR007,Cardiff,,"Monthly Current account statement. Closing balance £31,327.52.",,31327.52,,,"03 French walks, East Janice, E05 3RJ",tross@example.net,CUST00043,Miss Kimberley Robinson,(0191) 496 0369,,,STMT00179,eStatement,,,,,,,,david.okafor@securebankplc.com,RM005,David Okafor,s3://banking-docs-poc-qahftr/estatements/2025/12/STMT00179.pdf,36-63-59,2025-12-18
65328710,Current,BR007,Cardiff,,"Monthly Current account statement. Closing balance £33,934.68.",,33934.68,,,"Flat 35, Schofield ramp, Roseside, M75 9FB",juliefield@example.org,CUST00008,Derek Clarke,+44909 8790520,,,STMT00180,eStatement,,,,,,,,george.whitfield@securebankplc.com,RM019,George Whitfield,s3://banking-docs-poc-qahftr/estatements/2024/08/STMT00180.pdf,29-90-30,2024-08-18
27849808,Business Current,BR006,Bristol,,"Monthly Business Current account statement. Closing balance £4,869.13.",,4869.13,,,"Flat 3, Chan viaduct, Royport, L35 1EQ",clairewilson@example.org,CUST00025,Bryan Brown,0808 1570256,,,STMT00181,eStatement,,,,,,,,aisha.patel@securebankplc.com,RM010,Aisha Patel,s3://banking-docs-poc-qahftr/estatements/2024/05/STMT00181.pdf,94-23-27,2024-05-11
84656482,Savings,BR002,Manchester Central,,"Monthly Savings account statement. Closing balance £38,149.14.",,38149.14,,,"9 Barry circles, Hollandland, BN7 6GW",gerald83@example.org,CUST00035,Dr Bruce Metcalfe,+44(0)114 4960337,,,STMT00182,eStatement,,,,,,,,aisha.patel@securebankplc.com,RM010,Aisha Patel,s3://banking-docs-poc-qahftr/estatements/2025/05/STMT00182.pdf,63-95-58,2025-05-06
00330923,Savings,BR004,Edinburgh,,"Monthly Savings account statement. Closing balance £34,893.60.",,34893.6,,,"Flat 69, Khan plaza, West Harriet, L1S 5NB",emily97@example.org,CUST00048,Francesca Lucas,(0141) 4960004,,,STMT00183,eStatement,,,,,,,,mohammed.al-rashid@securebankplc.com,RM003,Mohammed Al-Rashid,s3://banking-docs-poc-qahftr/estatements/2025/05/STMT00183.pdf,70-95-24,2025-05-08
46872343,Current,BR005,Leeds,,"Monthly Current account statement. Closing balance £38,522.02.",,38522.02,,,"Flat 36Y, Robinson isle, Smithtown, E14 6PL",lydiadunn@example.net,CUST00020,Gemma Clark-Parry,(0141) 4960819,,,STMT00184,eStatement,,,,,,,,patrick.devereux@securebankplc.com,RM015,Patrick Devereux,s3://banking-docs-poc-qahftr/estatements/2024/07/STMT00184.pdf,84-79-17,2024-07-10
37672423,ISA,BR010,Sheffield,,"Monthly ISA account statement. Closing balance £37,655.73.",,37655.73,,,"5 Chelsea street, Jessicashire, SN4 9XJ",elliott68@example.com,CUST00007,Sylvia Bolton,0131 496 0785,,,STMT00185,eStatement,,,,,,,,william.foster@securebankplc.com,RM011,William Foster,s3://banking-docs-poc-qahftr/estatements/2025/10/STMT00185.pdf,78-43-84,2025-10-19
47379965,Current,BR004,Edinburgh,,"Monthly Current account statement. Closing balance £5,547.08.",,5547.08,,,"Studio 89, Harvey brook, Stevenshire, N8 9TX",judithnash@example.org,CUST00053,Scott Hussain,+441314960267,,,STMT00186,eStatement,,,,,,,,mohammed.al-rashid@securebankplc.com,RM003,Mohammed Al-Rashid,s3://banking-docs-poc-qahftr/estatements/2025/11/STMT00186.pdf,73-51-33,2025-11-17
18244935,Savings,BR005,Leeds,,"Monthly Savings account statement. Closing balance £27,555.45.",,27555.45,,,"Studio 91, Grace ports, New Brettbury, M3 7WT",nwood@example.org,CUST00026,Linda Mason-Thornton,(0115) 4960463,,,STMT00187,eStatement,,,,,,,,emily.watson@securebankplc.com,RM004,Emily Watson,s3://banking-docs-poc-qahftr/estatements/2024/09/STMT00187.pdf,97-91-43,2024-09-01
04505331,Business Current,BR007,Cardiff,,"Monthly Business Current account statement. Closing balance £44,963.03.",,44963.03,,,"868 Hill vista, Rickyburgh, HX6E 1EJ",nwright@example.com,CUST00029,Damian Pearson,+441144960254,,,STMT00188,eStatement,,,,,,,,david.okafor@securebankplc.com,RM005,David Okafor,s3://banking-docs-poc-qahftr/estatements/2026/01/STMT00188.pdf,81-62-89,2026-01-21
61939909,Current,BR002,Manchester Central,,Monthly Current account statement. Closing balance £23.23.,,23.23,,,"13 Dean green, South Dennischester, IG4 0SA",justin74@example.org,CUST00022,Mrs Lucy Hyde,(0191)4960767,,,STMT00189,eStatement,,,,,,,,rachel.o'brien@securebankplc.com,RM008,Rachel O'Brien,s3://banking-docs-poc-qahftr/estatements/2025/03/STMT00189.pdf,63-94-84,2025-03-14
60883561,Business Current,BR005,Leeds,,"Monthly Business Current account statement. Closing balance £38,839.96.",,38839.96,,,"03 Faulkner run, Lake Victorstad, HA9 2TL",hicksdawn@example.net,CUST00034,Brandon Middleton,(0131) 496 0052,,,STMT00190,eStatement,,,,,,,,sophie.chen@securebankplc.com,RM002,Sophie Chen,s3://banking-docs-poc-qahftr/estatements/2024/05/STMT00190.pdf,89-50-94,2024-05-28
54353462,Business Current,BR010,Sheffield,,"Monthly Business Current account statement. Closing balance £15,722.29.",,15722.29,,,"367 Watkins spring, West Scottberg, BH84 0YS",joanlittle@example.net,CUST00023,Terry Stephens-Turner,+44(0)306 9990092,,,STMT00191,eStatement,,,,,,,,robert.blackwood@securebankplc.com,RM017,Robert Blackwood,s3://banking-docs-poc-qahftr/estatements/2025/12/STMT00191.pdf,68-50-19,2025-12-13
83777014,Savings,BR007,Cardiff,,"Monthly Savings account statement. Closing balance £36,678.21.",,36678.21,,,"Flat 40w, Davies tunnel, Lake Edwardshire, SM29 6NX",melissa67@example.net,CUST00055,Trevor Mills,01314960541,,,STMT00192,eStatement,,,,,,,,amelia.singh@securebankplc.com,RM016,Amelia Singh,s3://banking-docs-poc-qahftr/estatements/2025/09/STMT00192.pdf,61-98-41,2025-09-20
99118384,Savings,BR001,London City,,"Monthly Savings account statement. Closing balance £49,231.18.",,49231.18,,,"73 Samantha forges, Millerton, LS9 6LT",martyn46@example.org,CUST00024,Mr Ronald Singh,+44(0)115 4960476,,,STMT00193,eStatement,,,,,,,,patrick.devereux@securebankplc.com,RM015,Patrick Devereux,s3://banking-docs-poc-qahftr/estatements/2025/12/STMT00193.pdf,54-18-41,2025-12-06
61559407,ISA,BR002,Manchester Central,,Monthly ISA account statement. Closing balance £817.08.,,817.08,,,"1 George falls, Seanhaven, BA2 6PH",dennis04@example.org,CUST00003,Mrs Lindsey Green,0292018265,,,STMT00194,eStatement,,,,,,,,mohammed.al-rashid@securebankplc.com,RM003,Mohammed Al-Rashid,s3://banking-docs-poc-qahftr/estatements/2024/05/STMT00194.pdf,25-58-20,2024-05-20
84656482,Savings,BR002,Manchester Central,,"Monthly Savings account statement. Closing balance £40,427.19.",,40427.19,,,"9 Barry circles, Hollandland, BN7 6GW",gerald83@example.org,CUST00035,Dr Bruce Metcalfe,+44(0)114 4960337,,,STMT00195,eStatement,,,,,,,,aisha.patel@securebankplc.com,RM010,Aisha Patel,s3://banking-docs-poc-qahftr/estatements/2025/01/STMT00195.pdf,63-95-58,2025-01-02
27849808,Business Current,BR006,Bristol,,"Monthly Business Current account statement. Closing balance £15,972.57.",,15972.57,,,"Flat 3, Chan viaduct, Royport, L35 1EQ",clairewilson@example.org,CUST00025,Bryan Brown,0808 1570256,,,STMT00196,eStatement,,,,,,,,aisha.patel@securebankplc.com,RM010,Aisha Patel,s3://banking-docs-poc-qahftr/estatements/2024/06/STMT00196.pdf,94-23-27,2024-06-16
40164005,Savings,BR009,Liverpool,,"Monthly Savings account statement. Closing balance £23,624.42.",,23624.42,,,"080 Lewis route, Port Sara, G5G 7RZ",browneileen@example.net,CUST00027,Maria Forster,0909 879 0429,,,STMT00197,eStatement,,,,,,,,amelia.singh@securebankplc.com,RM016,Amelia Singh,s3://banking-docs-poc-qahftr/estatements/2025/11/STMT00197.pdf,91-43-30,2025-11-08
67010651,Savings,BR006,Bristol,,"Monthly Savings account statement. Closing balance £29,260.46.",,29260.46,,,"Studio 8, O'Neill common, Bradleytown, N89 1ER",kwilkinson@example.com,CUST00017,Callum Pritchard-Fletcher,(0191) 496 0585,,,STMT00198,eStatement,,,,,,,,zoe.nakamura@securebankplc.com,RM014,Zoe Nakamura,s3://banking-docs-poc-qahftr/estatements/2024/04/STMT00198.pdf,34-34-78,2024-04-30
65185067,Current,BR006,Bristol,,"Monthly Current account statement. Closing balance £39,872.85.",,39872.85,,,"Flat 29J, Price ramp, South Sam, W3 9GT",chloe20@example.org,CUST00051,Rachael Farmer,+44909 8790358,,,STMT00199,eStatement,,,,,,,,fatima.hassan@securebankplc.com,RM018,Fatima Hassan,s3://banking-docs-poc-qahftr/estatements/2025/10/STMT00199.pdf,65-56-91,2025-10-18
32677360,Savings,BR001,London City,,"Monthly Savings account statement. Closing balance £42,522.89.",,42522.89,,,"60 Mitchell expressway, Martinberg, B5 8WU",thomasking@example.org,CUST00019,Sharon Price,0191 498 0065,,,STMT00200,eStatement,,,,,,,,mohammed.al-rashid@securebankplc.com,RM003,Mohammed Al-Rashid,s3://banking-docs-poc-qahftr/estatements/2024/06/STMT00200.pdf,58-10-59,2024-06-05
43039117,Current,BR002,Manchester Central,,"Monthly Current account statement. Closing balance £20,458.05.",,20458.05,,,"427 Brown gardens, West Bethan, AB5 0WZ",turnerjosephine@example.com,CUST00012,Dr Duncan Greenwood,(0909) 879 0062,,,STMT00201,eStatement,,,,,,,,natalie.burke@securebankplc.com,RM012,Natalie Burke,s3://banking-docs-poc-qahftr/estatements/2025/12/STMT00201.pdf,78-26-26,2025-12-16
87133150,ISA,BR006,Bristol,,"Monthly ISA account statement. Closing balance £13,308.42.",,13308.42,,,"Flat 9, Linda ridges, North Bryan, M6D 0FR",dominic47@example.com,CUST00014,Jodie Pritchard-Baker,(020)74960896,,,STMT00202,eStatement,,,,,,,,patrick.devereux@securebankplc.com,RM015,Patrick Devereux,s3://banking-docs-poc-qahftr/estatements/2024/07/STMT00202.pdf,80-39-85,2024-07-31
62473178,Current,BR008,Glasgow,,"Monthly Current account statement. Closing balance £48,665.66.",,48665.66,,,"61 Maria ports, Lake Marilynburgh, SP3 4SG",duncanarmstrong@example.com,CUST00018,Lisa Lawrence,+44(0)1632 960 827,,,STMT00203,eStatement,,,,,,,,david.okafor@securebankplc.com,RM005,David Okafor,s3://banking-docs-poc-qahftr/estatements/2024/12/STMT00203.pdf,16-93-79,2024-12-19
47379965,Current,BR004,Edinburgh,,"Monthly Current account statement. Closing balance £11,269.85.",,11269.85,,,"Studio 89, Harvey brook, Stevenshire, N8 9TX",judithnash@example.org,CUST00053,Scott Hussain,+441314960267,,,STMT00204,eStatement,,,,,,,,mohammed.al-rashid@securebankplc.com,RM003,Mohammed Al-Rashid,s3://banking-docs-poc-qahftr/estatements/2025/01/STMT00204.pdf,73-51-33,2025-01-10
37940265,Business Current,BR009,Liverpool,,"Monthly Business Current account statement. Closing balance £12,924.91.",,12924.91,,,"04 Howard land, Port Leeview, N5C 3RF",rachelkelly@example.org,CUST00002,Nigel Rose,+44151 4960869,,,STMT00205,eStatement,,,,,,,,zoe.nakamura@securebankplc.com,RM014,Zoe Nakamura,s3://banking-docs-poc-qahftr/estatements/2025/01/STMT00205.pdf,29-37-53,2025-01-09
73375433,Current,BR007,Cardiff,,"Monthly Current account statement. Closing balance £38,113.48.",,38113.48,,,"Studio 2, Leah loop, Johnsonport, G7T 2YS",brenda28@example.com,CUST00031,Kathryn Shah,+44(0)117 496 0843,,,STMT00206,eStatement,,,,,,,,sophie.chen@securebankplc.com,RM002,Sophie Chen,s3://banking-docs-poc-qahftr/estatements/2025/01/STMT00206.pdf,94-34-61,2025-01-18
16697848,Current,BR007,Cardiff,,"Monthly Current account statement. Closing balance £4,329.05.",,4329.05,,,"Studio 67, Lee rue, McDonaldmouth, DT3X 5GB",brenda41@example.com,CUST00009,Dr Sharon Jones,(0909) 8790528,,,STMT00207,eStatement,,,,,,,,isabella.rossi@securebankplc.com,RM020,Isabella Rossi,s3://banking-docs-poc-qahftr/estatements/2025/02/STMT00207.pdf,97-24-97,2025-02-27
00330923,Savings,BR004,Edinburgh,,"Monthly Savings account statement. Closing balance £23,065.61.",,23065.61,,,"Flat 69, Khan plaza, West Harriet, L1S 5NB",emily97@example.org,CUST00048,Francesca Lucas,(0141) 4960004,,,STMT00208,eStatement,,,,,,,,mohammed.al-rashid@securebankplc.com,RM003,Mohammed Al-Rashid,s3://banking-docs-poc-qahftr/estatements/2025/08/STMT00208.pdf,70-95-24,2025-08-16
22602563,Business Current,BR003,Birmingham,,"Monthly Business Current account statement. Closing balance £49,602.69.",,49602.69,,,"5 Colin tunnel, Hazelshire, BS92 9UW",dylanreid@example.com,CUST00030,Mohamed Ahmed,(0121) 4960087,,,STMT00209,eStatement,,,,,,,,rachel.o'brien@securebankplc.com,RM008,Rachel O'Brien,s3://banking-docs-poc-qahftr/estatements/2024/04/STMT00209.pdf,30-99-23,2024-04-27
47116719,Current,BR003,Birmingham,,"Monthly Current account statement. Closing balance £25,715.17.",,25715.17,,,"Flat 7, Tina brook, Samberg, W2 8EN",leslie82@example.com,CUST00060,Ricky Duffy,0113 4960453,,,STMT00210,eStatement,,,,,,,,sophie.chen@securebankplc.com,RM002,Sophie Chen,s3://banking-docs-poc-qahftr/estatements/2025/10/STMT00210.pdf,29-29-82,2025-10-08
77387214,ISA,BR006,Bristol,,"Monthly ISA account statement. Closing balance £27,283.40.",,27283.4,,,"Flat 81G, Singh loaf, Colehaven, PL0V 2FR",ashleigh56@example.com,CUST00037,Edward Jackson,0117 496 0960,,,STMT00211,eStatement,,,,,,,,patrick.devereux@securebankplc.com,RM015,Patrick Devereux,s3://banking-docs-poc-qahftr/estatements/2025/06/STMT00211.pdf,94-91-89,2025-06-08
47116719,Current,BR003,Birmingham,,"Monthly Current account statement. Closing balance £7,788.77.",,7788.77,,,"Flat 7, Tina brook, Samberg, W2 8EN",leslie82@example.com,CUST00060,Ricky Duffy,0113 4960453,,,STMT00212,eStatement,,,,,,,,sophie.chen@securebankplc.com,RM002,Sophie Chen,s3://banking-docs-poc-qahftr/estatements/2025/01/STMT00212.pdf,29-29-82,2025-01-06
24896383,Business Current,BR008,Glasgow,,"Monthly Business Current account statement. Closing balance £32,091.91.",,32091.91,,,"2 Carter lane, Allenland, FY2M 9AU",dorothymurray@example.org,CUST00013,Ms Dorothy Burns,+44141 496 0933,,,STMT00213,eStatement,,,,,,,,fatima.hassan@securebankplc.com,RM018,Fatima Hassan,s3://banking-docs-poc-qahftr/estatements/2024/05/STMT00213.pdf,61-95-93,2024-05-18
67010651,Savings,BR006,Bristol,,"Monthly Savings account statement. Closing balance £31,560.28.",,31560.28,,,"Studio 8, O'Neill common, Bradleytown, N89 1ER",kwilkinson@example.com,CUST00017,Callum Pritchard-Fletcher,(0191) 496 0585,,,STMT00214,eStatement,,,,,,,,zoe.nakamura@securebankplc.com,RM014,Zoe Nakamura,s3://banking-docs-poc-qahftr/estatements/2025/08/STMT00214.pdf,34-34-78,2025-08-16
47379965,Current,BR004,Edinburgh,,"Monthly Current account statement. Closing balance £8,835.05.",,8835.05,,,"Studio 89, Harvey brook, Stevenshire, N8 9TX",judithnash@example.org,CUST00053,Scott Hussain,+441314960267,,,STMT00215,eStatement,,,,,,,,mohammed.al-rashid@securebankplc.com,RM003,Mohammed Al-Rashid,s3://banking-docs-poc-qahftr/estatements/2024/12/STMT00215.pdf,73-51-33,2024-12-09
22602563,Business Current,BR003,Birmingham,,Monthly Business Current account statement. Closing balance £-472.82.,,-472.82,,,"5 Colin tunnel, Hazelshire, BS92 9UW",dylanreid@example.com,CUST00030,Mohamed Ahmed,(0121) 4960087,,,STMT00216,eStatement,,,,,,,,rachel.o'brien@securebankplc.com,RM008,Rachel O'Brien,s3://banking-docs-poc-qahftr/estatements/2024/04/STMT00216.pdf,30-99-23,2024-04-30
04505331,Business Current,BR007,Cardiff,,"Monthly Business Current account statement. Closing balance £29,645.83.",,29645.83,,,"868 Hill vista, Rickyburgh, HX6E 1EJ",nwright@example.com,CUST00029,Damian Pearson,+441144960254,,,STMT00217,eStatement,,,,,,,,david.okafor@securebankplc.com,RM005,David Okafor,s3://banking-docs-poc-qahftr/estatements/2024/04/STMT00217.pdf,81-62-89,2024-04-16
24896383,Business Current,BR008,Glasgow,,"Monthly Business Current account statement. Closing balance £36,188.55.",,36188.55,,,"2 Carter lane, Allenland, FY2M 9AU",dorothymurray@example.org,CUST00013,Ms Dorothy Burns,+44141 496 0933,,,STMT00218,eStatement,,,,,,,,fatima.hassan@securebankplc.com,RM018,Fatima Hassan,s3://banking-docs-poc-qahftr/estatements/2026/02/STMT00218.pdf,61-95-93,2026-02-14
67010651,Savings,BR006,Bristol,,"Monthly Savings account statement. Closing balance £23,619.60.",,23619.6,,,"Studio 8, O'Neill common, Bradleytown, N89 1ER",kwilkinson@example.com,CUST00017,Callum Pritchard-Fletcher,(0191) 496 0585,,,STMT00219,eStatement,,,,,,,,zoe.nakamura@securebankplc.com,RM014,Zoe Nakamura,s3://banking-docs-poc-qahftr/estatements/2025/08/STMT00219.pdf,34-34-78,2025-08-18
36763201,Premier,BR007,Cardiff,,"Monthly Premier account statement. Closing balance £41,010.10.",,41010.1,,,"7 Wood trail, Guymouth, G4 3UA",barry51@example.com,CUST00039,Terence Smith,+441414960870,,,STMT00220,eStatement,,,,,,,,george.whitfield@securebankplc.com,RM019,George Whitfield,s3://banking-docs-poc-qahftr/estatements/2024/06/STMT00220.pdf,38-32-99,2024-06-28
19655698,Current,BR005,Leeds,,"Monthly Current account statement. Closing balance £38,133.08.",,38133.08,,,"8 Johnson squares, Port Katherine, G88 1RX",mohamedberry@example.org,CUST00033,Lee Middleton,(0909) 879 0898,,,STMT00221,eStatement,,,,,,,,sophie.chen@securebankplc.com,RM002,Sophie Chen,s3://banking-docs-poc-qahftr/estatements/2025/03/STMT00221.pdf,59-83-34,2025-03-11
74529912,Business Current,BR010,Sheffield,,"Monthly Business Current account statement. Closing balance £45,688.80.",,45688.8,,,"217 Natasha passage, Staceyberg, B2B 9DT",carterdeclan@example.org,CUST00049,Patricia Hopkins-Waters,+449098790877,,,STMT00222,eStatement,,,,,,,,thomas.müller@securebankplc.com,RM007,Thomas Müller,s3://banking-docs-poc-qahftr/estatements/2024/06/STMT00222.pdf,23-84-13,2024-06-28
43039117,Current,BR002,Manchester Central,,"Monthly Current account statement. Closing balance £42,248.82.",,42248.82,,,"427 Brown gardens, West Bethan, AB5 0WZ",turnerjosephine@example.com,CUST00012,Dr Duncan Greenwood,(0909) 879 0062,,,STMT00223,eStatement,,,,,,,,natalie.burke@securebankplc.com,RM012,Natalie Burke,s3://banking-docs-poc-qahftr/estatements/2025/10/STMT00223.pdf,78-26-26,2025-10-18
18244935,Savings,BR005,Leeds,,"Monthly Savings account statement. Closing balance £47,711.94.",,47711.94,,,"Studio 91, Grace ports, New Brettbury, M3 7WT",nwood@example.org,CUST00026,Linda Mason-Thornton,(0115) 4960463,,,STMT00224,eStatement,,,,,,,,emily.watson@securebankplc.com,RM004,Emily Watson,s3://banking-docs-poc-qahftr/estatements/2025/02/STMT00224.pdf,97-91-43,2025-02-27
68727743,Business Current,BR010,Sheffield,,"Monthly Business Current account statement. Closing balance £20,928.54.",,20928.54,,,"6 Lydia branch, Hayleyborough, S5 9ZS",andreadavies@example.com,CUST00041,Jade Elliott-Adams,+44(0)113 4960408,,,STMT00225,eStatement,,,,,,,,robert.blackwood@securebankplc.com,RM017,Robert Blackwood,s3://banking-docs-poc-qahftr/estatements/2026/03/STMT00225.pdf,76-72-90,2026-03-05
95931034,Current,BR009,Liverpool,,"Monthly Current account statement. Closing balance £17,744.11.",,17744.11,,,"Studio 8, James island, Junemouth, WS53 0LG",natasha17@example.net,CUST00004,Angela Jackson,(0118)4960554,,,STMT00226,eStatement,,,,,,,,aisha.patel@securebankplc.com,RM010,Aisha Patel,s3://banking-docs-poc-qahftr/estatements/2025/11/STMT00226.pdf,39-22-58,2025-11-28
43039117,Current,BR002,Manchester Central,,"Monthly Current account statement. Closing balance £52,478.09.",,52478.09,,,"427 Brown gardens, West Bethan, AB5 0WZ",turnerjosephine@example.com,CUST00012,Dr Duncan Greenwood,(0909) 879 0062,,,STMT00227,eStatement,,,,,,,,natalie.burke@securebankplc.com,RM012,Natalie Burke,s3://banking-docs-poc-qahftr/estatements/2026/01/STMT00227.pdf,78-26-26,2026-01-11
99118384,Savings,BR001,London City,,"Monthly Savings account statement. Closing balance £18,056.31.",,18056.31,,,"73 Samantha forges, Millerton, LS9 6LT",martyn46@example.org,CUST00024,Mr Ronald Singh,+44(0)115 4960476,,,STMT00228,eStatement,,,,,,,,patrick.devereux@securebankplc.com,RM015,Patrick Devereux,s3://banking-docs-poc-qahftr/estatements/2026/02/STMT00228.pdf,54-18-41,2026-02-16
95931034,Current,BR009,Liverpool,,"Monthly Current account statement. Closing balance £34,498.87.",,34498.87,,,"Studio 8, James island, Junemouth, WS53 0LG",natasha17@example.net,CUST00004,Angela Jackson,(0118)4960554,,,STMT00229,eStatement,,,,,,,,aisha.patel@securebankplc.com,RM010,Aisha Patel,s3://banking-docs-poc-qahftr/estatements/2025/01/STMT00229.pdf,39-22-58,2025-01-06
19655698,Current,BR005,Leeds,,"Monthly Current account statement. Closing balance £20,263.39.",,20263.39,,,"8 Johnson squares, Port Katherine, G88 1RX",mohamedberry@example.org,CUST00033,Lee Middleton,(0909) 879 0898,,,STMT00230,eStatement,,,,,,,,sophie.chen@securebankplc.com,RM002,Sophie Chen,s3://banking-docs-poc-qahftr/estatements/2024/04/STMT00230.pdf,59-83-34,2024-04-18
71434558,Current,BR004,Edinburgh,,"Monthly Current account statement. Closing balance £18,686.83.",,18686.83,,,"Studio 39, Justin center, Lynnland, IP6X 6GJ",gbell@example.net,CUST00042,Dylan White,(0116)4960817,,,STMT00231,eStatement,,,,,,,,carlos.mendez@securebankplc.com,RM009,Carlos Mendez,s3://banking-docs-poc-qahftr/estatements/2024/12/STMT00231.pdf,27-29-39,2024-12-28
29973763,Current,BR004,Edinburgh,,"Monthly Current account statement. Closing balance £18,240.43.",,18240.43,,,"609 Price crescent, North Joanneside, HP84 0EX",antonyjones@example.com,CUST00016,Leah Kay,+44(0)118 496 0897,,,STMT00232,eStatement,,,,,,,,fatima.hassan@securebankplc.com,RM018,Fatima Hassan,s3://banking-docs-poc-qahftr/estatements/2024/11/STMT00232.pdf,22-94-65,2024-11-19
84271094,Premier,BR001,London City,,"Monthly Premier account statement. Closing balance £36,628.38.",,36628.38,,,"8 Gemma rapid, Charlesland, DD1A 0SJ",gary02@example.org,CUST00059,Ross Bailey,+441174960914,,,STMT00233,eStatement,,,,,,,,sophie.chen@securebankplc.com,RM002,Sophie Chen,s3://banking-docs-poc-qahftr/estatements/2024/05/STMT00233.pdf,71-66-53,2024-05-17
54353462,Business Current,BR010,Sheffield,,"Monthly Business Current account statement. Closing balance £24,096.65.",,24096.65,,,"367 Watkins spring, West Scottberg, BH84 0YS",joanlittle@example.net,CUST00023,Terry Stephens-Turner,+44(0)306 9990092,,,STMT00234,eStatement,,,,,,,,robert.blackwood@securebankplc.com,RM017,Robert Blackwood,s3://banking-docs-poc-qahftr/estatements/2024/07/STMT00234.pdf,68-50-19,2024-07-13
54549480,ISA,BR008,Glasgow,,"Monthly ISA account statement. Closing balance £26,164.53.",,26164.53,,,"Flat 88, Adam mountains, Lake Clifford, E2E 5YP",littlewilliam@example.org,CUST00054,Jill Norton,01134960860,,,STMT00235,eStatement,,,,,,,,thomas.müller@securebankplc.com,RM007,Thomas Müller,s3://banking-docs-poc-qahftr/estatements/2025/06/STMT00235.pdf,34-20-40,2025-06-29
18244935,Savings,BR005,Leeds,,"Monthly Savings account statement. Closing balance £3,326.40.",,3326.4,,,"Studio 91, Grace ports, New Brettbury, M3 7WT",nwood@example.org,CUST00026,Linda Mason-Thornton,(0115) 4960463,,,STMT00236,eStatement,,,,,,,,emily.watson@securebankplc.com,RM004,Emily Watson,s3://banking-docs-poc-qahftr/estatements/2024/12/STMT00236.pdf,97-91-43,2024-12-11
04505331,Business Current,BR007,Cardiff,,"Monthly Business Current account statement. Closing balance £9,087.24.",,9087.24,,,"868 Hill vista, Rickyburgh, HX6E 1EJ",nwright@example.com,CUST00029,Damian Pearson,+441144960254,,,STMT00237,eStatement,,,,,,,,david.okafor@securebankplc.com,RM005,David Okafor,s3://banking-docs-poc-qahftr/estatements/2026/01/STMT00237.pdf,81-62-89,2026-01-28
73375433,Current,BR007,Cardiff,,"Monthly Current account statement. Closing balance £38,346.46.",,38346.46,,,"Studio 2, Leah loop, Johnsonport, G7T 2YS",brenda28@example.com,CUST00031,Kathryn Shah,+44(0)117 496 0843,,,STMT00238,eStatement,,,,,,,,sophie.chen@securebankplc.com,RM002,Sophie Chen,s3://banking-docs-poc-qahftr/estatements/2024/11/STMT00238.pdf,94-34-61,2024-11-16
65185067,Current,BR006,Bristol,,"Monthly Current account statement. Closing balance £35,458.20.",,35458.2,,,"Flat 29J, Price ramp, South Sam, W3 9GT",chloe20@example.org,CUST00051,Rachael Farmer,+44909 8790358,,,STMT00239,eStatement,,,,,,,,fatima.hassan@securebankplc.com,RM018,Fatima Hassan,s3://banking-docs-poc-qahftr/estatements/2025/02/STMT00239.pdf,65-56-91,2025-02-11
94680443,Premier,BR003,Birmingham,,"Monthly Premier account statement. Closing balance £9,898.92.",,9898.92,,,"Flat 18v, Harrison dam, Lake Terence, WC55 5TN",jwright@example.org,CUST00036,Jane Smith-Winter,01632 960 933,,,STMT00240,eStatement,,,,,,,,isabella.rossi@securebankplc.com,RM020,Isabella Rossi,s3://banking-docs-poc-qahftr/estatements/2025/03/STMT00240.pdf,84-87-93,2025-03-26
04505331,Business Current,BR007,Cardiff,,"Monthly Business Current account statement. Closing balance £29,955.53.",,29955.53,,,"868 Hill vista, Rickyburgh, HX6E 1EJ",nwright@example.com,CUST00029,Damian Pearson,+441144960254,,,STMT00241,eStatement,,,,,,,,david.okafor@securebankplc.com,RM005,David Okafor,s3://banking-docs-poc-qahftr/estatements/2025/03/STMT00241.pdf,81-62-89,2025-03-24
31665876,Current,BR007,Cardiff,,"Monthly Current account statement. Closing balance £3,574.53.",,3574.53,,,"03 French walks, East Janice, E05 3RJ",tross@example.net,CUST00043,Miss Kimberley Robinson,(0191) 496 0369,,,STMT00242,eStatement,,,,,,,,david.okafor@securebankplc.com,RM005,David Okafor,s3://banking-docs-poc-qahftr/estatements/2025/06/STMT00242.pdf,36-63-59,2025-06-29
47116719,Current,BR003,Birmingham,,"Monthly Current account statement. Closing balance £46,077.60.",,46077.6,,,"Flat 7, Tina brook, Samberg, W2 8EN",leslie82@example.com,CUST00060,Ricky Duffy,0113 4960453,,,STMT00243,eStatement,,,,,,,,sophie.chen@securebankplc.com,RM002,Sophie Chen,s3://banking-docs-poc-qahftr/estatements/2025/06/STMT00243.pdf,29-29-82,2025-06-17
95931034,Current,BR009,Liverpool,,"Monthly Current account statement. Closing balance £29,049.87.",,29049.87,,,"Studio 8, James island, Junemouth, WS53 0LG",natasha17@example.net,CUST00004,Angela Jackson,(0118)4960554,,,STMT00244,eStatement,,,,,,,,aisha.patel@securebankplc.com,RM010,Aisha Patel,s3://banking-docs-poc-qahftr/estatements/2025/07/STMT00244.pdf,39-22-58,2025-07-22
84656482,Savings,BR002,Manchester Central,,"Monthly Savings account statement. Closing balance £42,743.53.",,42743.53,,,"9 Barry circles, Hollandland, BN7 6GW",gerald83@example.org,CUST00035,Dr Bruce Metcalfe,+44(0)114 4960337,,,STMT00245,eStatement,,,,,,,,aisha.patel@securebankplc.com,RM010,Aisha Patel,s3://banking-docs-poc-qahftr/estatements/2024/06/STMT00245.pdf,63-95-58,2024-06-06
27849808,Business Current,BR006,Bristol,,"Monthly Business Current account statement. Closing balance £35,195.07.",,35195.07,,,"Flat 3, Chan viaduct, Royport, L35 1EQ",clairewilson@example.org,CUST00025,Bryan Brown,0808 1570256,,,STMT00246,eStatement,,,,,,,,aisha.patel@securebankplc.com,RM010,Aisha Patel,s3://banking-docs-poc-qahftr/estatements/2024/06/STMT00246.pdf,94-23-27,2024-06-11
27849808,Business Current,BR006,Bristol,,"Monthly Business Current account statement. Closing balance £5,882.88.",,5882.88,,,"Flat 3, Chan viaduct, Royport, L35 1EQ",clairewilson@example.org,CUST00025,Bryan Brown,0808 1570256,,,STMT00247,eStatement,,,,,,,,aisha.patel@securebankplc.com,RM010,Aisha Patel,s3://banking-docs-poc-qahftr/estatements/2024/11/STMT00247.pdf,94-23-27,2024-11-22
61559407,ISA,BR002,Manchester Central,,"Monthly ISA account statement. Closing balance £36,149.74.",,36149.74,,,"1 George falls, Seanhaven, BA2 6PH",dennis04@example.org,CUST00003,Mrs Lindsey Green,0292018265,,,STMT00248,eStatement,,,,,,,,mohammed.al-rashid@securebankplc.com,RM003,Mohammed Al-Rashid,s3://banking-docs-poc-qahftr/estatements/2026/01/STMT00248.pdf,25-58-20,2026-01-02
43039117,Current,BR002,Manchester Central,,"Monthly Current account statement. Closing balance £30,401.01.",,30401.01,,,"427 Brown gardens, West Bethan, AB5 0WZ",turnerjosephine@example.com,CUST00012,Dr Duncan Greenwood,(0909) 879 0062,,,STMT00249,eStatement,,,,,,,,natalie.burke@securebankplc.com,RM012,Natalie Burke,s3://banking-docs-poc-qahftr/estatements/2025/01/STMT00249.pdf,78-26-26,2025-01-08
51462704,ISA,BR009,Liverpool,,"Monthly ISA account statement. Closing balance £30,624.24.",,30624.24,,,"912 Davis landing, Annetown, IM38 7QB",charlene31@example.net,CUST00010,Wayne Wood,(0131) 4960642,,,STMT00250,eStatement,,,,,,,,carlos.mendez@securebankplc.com,RM009,Carlos Mendez,s3://banking-docs-poc-qahftr/estatements/2025/02/STMT00250.pdf,32-74-23,2025-02-10
46706562,Premier,BR008,Glasgow,,"Monthly Premier account statement. Closing balance £38,041.06.",,38041.06,,,"02 Dorothy haven, Melanieland, E5 7RW",joanturner@example.net,CUST00045,Mrs Hayley Edwards,+44131 496 0418,,,STMT00251,eStatement,,,,,,,,rachel.o'brien@securebankplc.com,RM008,Rachel O'Brien,s3://banking-docs-poc-qahftr/estatements/2025/05/STMT00251.pdf,26-89-78,2025-05-10
37672423,ISA,BR010,Sheffield,,"Monthly ISA account statement. Closing balance £38,452.47.",,38452.47,,,"5 Chelsea street, Jessicashire, SN4 9XJ",elliott68@example.com,CUST00007,Sylvia Bolton,0131 496 0785,,,STMT00252,eStatement,,,,,,,,william.foster@securebankplc.com,RM011,William Foster,s3://banking-docs-poc-qahftr/estatements/2024/07/STMT00252.pdf,78-43-84,2024-07-10
68011280,Business Current,BR008,Glasgow,,"Monthly Business Current account statement. Closing balance £20,363.33.",,20363.33,,,"9 Graeme throughway, Jonesmouth, TS6 3LX",terence80@example.org,CUST00028,Dominic Harvey,+441632 960888,,,STMT00253,eStatement,,,,,,,,fatima.hassan@securebankplc.com,RM018,Fatima Hassan,s3://banking-docs-poc-qahftr/estatements/2025/07/STMT00253.pdf,84-80-28,2025-07-19
94680443,Premier,BR003,Birmingham,,"Monthly Premier account statement. Closing balance £31,390.88.",,31390.88,,,"Flat 18v, Harrison dam, Lake Terence, WC55 5TN",jwright@example.org,CUST00036,Jane Smith-Winter,01632 960 933,,,STMT00254,eStatement,,,,,,,,isabella.rossi@securebankplc.com,RM020,Isabella Rossi,s3://banking-docs-poc-qahftr/estatements/2024/05/STMT00254.pdf,84-87-93,2024-05-24
40164005,Savings,BR009,Liverpool,,"Monthly Savings account statement. Closing balance £28,318.76.",,28318.76,,,"080 Lewis route, Port Sara, G5G 7RZ",browneileen@example.net,CUST00027,Maria Forster,0909 879 0429,,,STMT00255,eStatement,,,,,,,,amelia.singh@securebankplc.com,RM016,Amelia Singh,s3://banking-docs-poc-qahftr/estatements/2026/02/STMT00255.pdf,91-43-30,2026-02-21
54353462,Business Current,BR010,Sheffield,,"Monthly Business Current account statement. Closing balance £11,649.18.",,11649.18,,,"367 Watkins spring, West Scottberg, BH84 0YS",joanlittle@example.net,CUST00023,Terry Stephens-Turner,+44(0)306 9990092,,,STMT00256,eStatement,,,,,,,,robert.blackwood@securebankplc.com,RM017,Robert Blackwood,s3://banking-docs-poc-qahftr/estatements/2026/03/STMT00256.pdf,68-50-19,2026-03-14
95931034,Current,BR009,Liverpool,,"Monthly Current account statement. Closing balance £36,858.03.",,36858.03,,,"Studio 8, James island, Junemouth, WS53 0LG",natasha17@example.net,CUST00004,Angela Jackson,(0118)4960554,,,STMT00257,eStatement,,,,,,,,aisha.patel@securebankplc.com,RM010,Aisha Patel,s3://banking-docs-poc-qahftr/estatements/2025/06/STMT00257.pdf,39-22-58,2025-06-03
27849808,Business Current,BR006,Bristol,,"Monthly Business Current account statement. Closing balance £24,603.58.",,24603.58,,,"Flat 3, Chan viaduct, Royport, L35 1EQ",clairewilson@example.org,CUST00025,Bryan Brown,0808 1570256,,,STMT00258,eStatement,,,,,,,,aisha.patel@securebankplc.com,RM010,Aisha Patel,s3://banking-docs-poc-qahftr/estatements/2026/01/STMT00258.pdf,94-23-27,2026-01-01
68011280,Business Current,BR008,Glasgow,,Monthly Business Current account statement. Closing balance £-813.41.,,-813.41,,,"9 Graeme throughway, Jonesmouth, TS6 3LX",terence80@example.org,CUST00028,Dominic Harvey,+441632 960888,,,STMT00259,eStatement,,,,,,,,fatima.hassan@securebankplc.com,RM018,Fatima Hassan,s3://banking-docs-poc-qahftr/estatements/2024/11/STMT00259.pdf,84-80-28,2024-11-04
14586850,Current,BR006,Bristol,,"Monthly Current account statement. Closing balance £25,923.93.",,25923.93,,,"89 Edwards creek, Daviestown, B2 2NA",robertsrosemary@example.net,CUST00032,Tracy Wilkinson-Davison,+44(0)1632 960235,,,STMT00260,eStatement,,,,,,,,carlos.mendez@securebankplc.com,RM009,Carlos Mendez,s3://banking-docs-poc-qahftr/estatements/2025/07/STMT00260.pdf,43-32-84,2025-07-18
47116719,Current,BR003,Birmingham,,"Monthly Current account statement. Closing balance £9,744.97.",,9744.97,,,"Flat 7, Tina brook, Samberg, W2 8EN",leslie82@example.com,CUST00060,Ricky Duffy,0113 4960453,,,STMT00261,eStatement,,,,,,,,sophie.chen@securebankplc.com,RM002,Sophie Chen,s3://banking-docs-poc-qahftr/estatements/2025/08/STMT00261.pdf,29-29-82,2025-08-09
99118384,Savings,BR001,London City,,"Monthly Savings account statement. Closing balance £23,875.65.",,23875.65,,,"73 Samantha forges, Millerton, LS9 6LT",martyn46@example.org,CUST00024,Mr Ronald Singh,+44(0)115 4960476,,,STMT00262,eStatement,,,,,,,,patrick.devereux@securebankplc.com,RM015,Patrick Devereux,s3://banking-docs-poc-qahftr/estatements/2025/01/STMT00262.pdf,54-18-41,2025-01-29
46706562,Premier,BR008,Glasgow,,"Monthly Premier account statement. Closing balance £49,665.30.",,49665.3,,,"02 Dorothy haven, Melanieland, E5 7RW",joanturner@example.net,CUST00045,Mrs Hayley Edwards,+44131 496 0418,,,STMT00263,eStatement,,,,,,,,rachel.o'brien@securebankplc.com,RM008,Rachel O'Brien,s3://banking-docs-poc-qahftr/estatements/2024/11/STMT00263.pdf,26-89-78,2024-11-01
08317278,ISA,BR009,Liverpool,,"Monthly ISA account statement. Closing balance £13,842.25.",,13842.25,,,"Flat 03O, Hollie mountains, Francescabury, N5F 6ST",julia61@example.net,CUST00040,Dr Glen Campbell,01214960724,,,STMT00264,eStatement,,,,,,,,patrick.devereux@securebankplc.com,RM015,Patrick Devereux,s3://banking-docs-poc-qahftr/estatements/2025/09/STMT00264.pdf,86-50-66,2025-09-10
71434558,Current,BR004,Edinburgh,,"Monthly Current account statement. Closing balance £42,313.51.",,42313.51,,,"Studio 39, Justin center, Lynnland, IP6X 6GJ",gbell@example.net,CUST00042,Dylan White,(0116)4960817,,,STMT00265,eStatement,,,,,,,,carlos.mendez@securebankplc.com,RM009,Carlos Mendez,s3://banking-docs-poc-qahftr/estatements/2024/08/STMT00265.pdf,27-29-39,2024-08-07
99118384,Savings,BR001,London City,,"Monthly Savings account statement. Closing balance £20,122.69.",,20122.69,,,"73 Samantha forges, Millerton, LS9 6LT",martyn46@example.org,CUST00024,Mr Ronald Singh,+44(0)115 4960476,,,STMT00266,eStatement,,,,,,,,patrick.devereux@securebankplc.com,RM015,Patrick Devereux,s3://banking-docs-poc-qahftr/estatements/2026/02/STMT00266.pdf,54-18-41,2026-02-03
36763201,Premier,BR007,Cardiff,,"Monthly Premier account statement. Closing balance £27,640.83.",,27640.83,,,"7 Wood trail, Guymouth, G4 3UA",barry51@example.com,CUST00039,Terence Smith,+441414960870,,,STMT00267,eStatement,,,,,,,,george.whitfield@securebankplc.com,RM019,George Whitfield,s3://banking-docs-poc-qahftr/estatements/2024/10/STMT00267.pdf,38-32-99,2024-10-09
68727743,Business Current,BR010,Sheffield,,"Monthly Business Current account statement. Closing balance £29,706.97.",,29706.97,,,"6 Lydia branch, Hayleyborough, S5 9ZS",andreadavies@example.com,CUST00041,Jade Elliott-Adams,+44(0)113 4960408,,,STMT00268,eStatement,,,,,,,,robert.blackwood@securebankplc.com,RM017,Robert Blackwood,s3://banking-docs-poc-qahftr/estatements/2024/07/STMT00268.pdf,76-72-90,2024-07-04
16697848,Current,BR007,Cardiff,,"Monthly Current account statement. Closing balance £19,007.29.",,19007.29,,,"Studio 67, Lee rue, McDonaldmouth, DT3X 5GB",brenda41@example.com,CUST00009,Dr Sharon Jones,(0909) 8790528,,,STMT00269,eStatement,,,,,,,,isabella.rossi@securebankplc.com,RM020,Isabella Rossi,s3://banking-docs-poc-qahftr/estatements/2025/08/STMT00269.pdf,97-24-97,2025-08-08
31351823,Savings,BR005,Leeds,,"Monthly Savings account statement. Closing balance £9,133.46.",,9133.46,,,"81 Wilson club, Douglasmouth, IV2B 6PW",zcollins@example.com,CUST00057,Mathew Little,+44(0)8081570161,,,STMT00270,eStatement,,,,,,,,carlos.mendez@securebankplc.com,RM009,Carlos Mendez,s3://banking-docs-poc-qahftr/estatements/2024/06/STMT00270.pdf,71-45-85,2024-06-08
37672423,ISA,BR010,Sheffield,,"Monthly ISA account statement. Closing balance £9,271.17.",,9271.17,,,"5 Chelsea street, Jessicashire, SN4 9XJ",elliott68@example.com,CUST00007,Sylvia Bolton,0131 496 0785,,,STMT00271,eStatement,,,,,,,,william.foster@securebankplc.com,RM011,William Foster,s3://banking-docs-poc-qahftr/estatements/2024/10/STMT00271.pdf,78-43-84,2024-10-14
27849808,Business Current,BR006,Bristol,,"Monthly Business Current account statement. Closing balance £24,005.53.",,24005.53,,,"Flat 3, Chan viaduct, Royport, L35 1EQ",clairewilson@example.org,CUST00025,Bryan Brown,0808 1570256,,,STMT00272,eStatement,,,,,,,,aisha.patel@securebankplc.com,RM010,Aisha Patel,s3://banking-docs-poc-qahftr/estatements/2025/02/STMT00272.pdf,94-23-27,2025-02-27
54549480,ISA,BR008,Glasgow,,"Monthly ISA account statement. Closing balance £10,051.06.",,10051.06,,,"Flat 88, Adam mountains, Lake Clifford, E2E 5YP",littlewilliam@example.org,CUST00054,Jill Norton,01134960860,,,STMT00273,eStatement,,,,,,,,thomas.müller@securebankplc.com,RM007,Thomas Müller,s3://banking-docs-poc-qahftr/estatements/2024/07/STMT00273.pdf,34-20-40,2024-07-18
47379965,Current,BR004,Edinburgh,,"Monthly Current account statement. Closing balance £38,188.74.",,38188.74,,,"Studio 89, Harvey brook, Stevenshire, N8 9TX",judithnash@example.org,CUST00053,Scott Hussain,+441314960267,,,STMT00274,eStatement,,,,,,,,mohammed.al-rashid@securebankplc.com,RM003,Mohammed Al-Rashid,s3://banking-docs-poc-qahftr/estatements/2024/11/STMT00274.pdf,73-51-33,2024-11-11
65328710,Current,BR007,Cardiff,,"Monthly Current account statement. Closing balance £37,904.59.",,37904.59,,,"Flat 35, Schofield ramp, Roseside, M75 9FB",juliefield@example.org,CUST00008,Derek Clarke,+44909 8790520,,,STMT00275,eStatement,,,,,,,,george.whitfield@securebankplc.com,RM019,George Whitfield,s3://banking-docs-poc-qahftr/estatements/2026/02/STMT00275.pdf,29-90-30,2026-02-26
19655698,Current,BR005,Leeds,,"Monthly Current account statement. Closing balance £39,448.08.",,39448.08,,,"8 Johnson squares, Port Katherine, G88 1RX",mohamedberry@example.org,CUST00033,Lee Middleton,(0909) 879 0898,,,STMT00276,eStatement,,,,,,,,sophie.chen@securebankplc.com,RM002,Sophie Chen,s3://banking-docs-poc-qahftr/estatements/2025/07/STMT00276.pdf,59-83-34,2025-07-02
84656482,Savings,BR002,Manchester Central,,"Monthly Savings account statement. Closing balance £19,547.71.",,19547.71,,,"9 Barry circles, Hollandland, BN7 6GW",gerald83@example.org,CUST00035,Dr Bruce Metcalfe,+44(0)114 4960337,,,STMT00277,eStatement,,,,,,,,aisha.patel@securebankplc.com,RM010,Aisha Patel,s3://banking-docs-poc-qahftr/estatements/2025/09/STMT00277.pdf,63-95-58,2025-09-12
27849808,Business Current,BR006,Bristol,,"Monthly Business Current account statement. Closing balance £19,401.46.",,19401.46,,,"Flat 3, Chan viaduct, Royport, L35 1EQ",clairewilson@example.org,CUST00025,Bryan Brown,0808 1570256,,,STMT00278,eStatement,,,,,,,,aisha.patel@securebankplc.com,RM010,Aisha Patel,s3://banking-docs-poc-qahftr/estatements/2025/03/STMT00278.pdf,94-23-27,2025-03-14
40164005,Savings,BR009,Liverpool,,"Monthly Savings account statement. Closing balance £18,214.11.",,18214.11,,,"080 Lewis route, Port Sara, G5G 7RZ",browneileen@example.net,CUST00027,Maria Forster,0909 879 0429,,,STMT00279,eStatement,,,,,,,,amelia.singh@securebankplc.com,RM016,Amelia Singh,s3://banking-docs-poc-qahftr/estatements/2025/08/STMT00279.pdf,91-43-30,2025-08-04
46706562,Premier,BR008,Glasgow,,"Monthly Premier account statement. Closing balance £32,762.20.",,32762.2,,,"02 Dorothy haven, Melanieland, E5 7RW",joanturner@example.net,CUST00045,Mrs Hayley Edwards,+44131 496 0418,,,STMT00280,eStatement,,,,,,,,rachel.o'brien@securebankplc.com,RM008,Rachel O'Brien,s3://banking-docs-poc-qahftr/estatements/2024/12/STMT00280.pdf,26-89-78,2024-12-07
57885685,Business Current,BR005,Leeds,,"Monthly Business Current account statement. Closing balance £19,567.22.",,19567.22,,,"Flat 84, Hughes green, Lake Matthew, W7D 3DG",uford@example.com,CUST00056,Marcus Walker,+44(0)29 2018730,,,STMT00281,eStatement,,,,,,,,george.whitfield@securebankplc.com,RM019,George Whitfield,s3://banking-docs-poc-qahftr/estatements/2024/08/STMT00281.pdf,99-68-44,2024-08-04
37940265,Business Current,BR009,Liverpool,,"Monthly Business Current account statement. Closing balance £53,023.13.",,53023.13,,,"04 Howard land, Port Leeview, N5C 3RF",rachelkelly@example.org,CUST00002,Nigel Rose,+44151 4960869,,,STMT00282,eStatement,,,,,,,,zoe.nakamura@securebankplc.com,RM014,Zoe Nakamura,s3://banking-docs-poc-qahftr/estatements/2025/06/STMT00282.pdf,29-37-53,2025-06-16
61559407,ISA,BR002,Manchester Central,,"Monthly ISA account statement. Closing balance £5,747.41.",,5747.41,,,"1 George falls, Seanhaven, BA2 6PH",dennis04@example.org,CUST00003,Mrs Lindsey Green,0292018265,,,STMT00283,eStatement,,,,,,,,mohammed.al-rashid@securebankplc.com,RM003,Mohammed Al-Rashid,s3://banking-docs-poc-qahftr/estatements/2025/11/STMT00283.pdf,25-58-20,2025-11-27
00330923,Savings,BR004,Edinburgh,,"Monthly Savings account statement. Closing balance £42,140.40.",,42140.4,,,"Flat 69, Khan plaza, West Harriet, L1S 5NB",emily97@example.org,CUST00048,Francesca Lucas,(0141) 4960004,,,STMT00284,eStatement,,,,,,,,mohammed.al-rashid@securebankplc.com,RM003,Mohammed Al-Rashid,s3://banking-docs-poc-qahftr/estatements/2025/06/STMT00284.pdf,70-95-24,2025-06-10
95931034,Current,BR009,Liverpool,,"Monthly Current account statement. Closing balance £19,443.83.",,19443.83,,,"Studio 8, James island, Junemouth, WS53 0LG",natasha17@example.net,CUST00004,Angela Jackson,(0118)4960554,,,STMT00285,eStatement,,,,,,,,aisha.patel@securebankplc.com,RM010,Aisha Patel,s3://banking-docs-poc-qahftr/estatements/2024/08/STMT00285.pdf,39-22-58,2024-08-03
96001338,ISA,BR009,Liverpool,,"Monthly ISA account statement. Closing balance £31,715.67.",,31715.67,,,"9 Bird courts, Lake Lesley, E9U 5AD",ellie28@example.net,CUST00001,Eileen Evans,+44(0)1632 960 112,,,STMT00286,eStatement,,,,,,,,mohammed.al-rashid@securebankplc.com,RM003,Mohammed Al-Rashid,s3://banking-docs-poc-qahftr/estatements/2025/07/STMT00286.pdf,13-81-35,2025-07-13
19655698,Current,BR005,Leeds,,"Monthly Current account statement. Closing balance £19,090.94.",,19090.94,,,"8 Johnson squares, Port Katherine, G88 1RX",mohamedberry@example.org,CUST00033,Lee Middleton,(0909) 879 0898,,,STMT00287,eStatement,,,,,,,,sophie.chen@securebankplc.com,RM002,Sophie Chen,s3://banking-docs-poc-qahftr/estatements/2025/03/STMT00287.pdf,59-83-34,2025-03-23
31665876,Current,BR007,Cardiff,,"Monthly Current account statement. Closing balance £39,088.25.",,39088.25,,,"03 French walks, East Janice, E05 3RJ",tross@example.net,CUST00043,Miss Kimberley Robinson,(0191) 496 0369,,,STMT00288,eStatement,,,,,,,,david.okafor@securebankplc.com,RM005,David Okafor,s3://banking-docs-poc-qahftr/estatements/2024/05/STMT00288.pdf,36-63-59,2024-05-23
99016272,Current,BR001,London City,,"Monthly Current account statement. Closing balance £9,049.84.",,9049.84,,,"Flat 46k, Campbell junction, Port Rosemarychester, DE87 6LD",kathleenjones@example.org,CUST00046,Nathan Sanderson,(0808)1570938,,,STMT00289,eStatement,,,,,,,,liam.fitzgerald@securebankplc.com,RM013,Liam Fitzgerald,s3://banking-docs-poc-qahftr/estatements/2024/06/STMT00289.pdf,43-58-51,2024-06-21
84271094,Premier,BR001,London City,,"Monthly Premier account statement. Closing balance £25,081.62.",,25081.62,,,"8 Gemma rapid, Charlesland, DD1A 0SJ",gary02@example.org,CUST00059,Ross Bailey,+441174960914,,,STMT00290,eStatement,,,,,,,,sophie.chen@securebankplc.com,RM002,Sophie Chen,s3://banking-docs-poc-qahftr/estatements/2025/02/STMT00290.pdf,71-66-53,2025-02-05
43039117,Current,BR002,Manchester Central,,"Monthly Current account statement. Closing balance £24,605.25.",,24605.25,,,"427 Brown gardens, West Bethan, AB5 0WZ",turnerjosephine@example.com,CUST00012,Dr Duncan Greenwood,(0909) 879 0062,,,STMT00291,eStatement,,,,,,,,natalie.burke@securebankplc.com,RM012,Natalie Burke,s3://banking-docs-poc-qahftr/estatements/2024/08/STMT00291.pdf,78-26-26,2024-08-06
61559407,ISA,BR002,Manchester Central,,"Monthly ISA account statement. Closing balance £11,526.39.",,11526.39,,,"1 George falls, Seanhaven, BA2 6PH",dennis04@example.org,CUST00003,Mrs Lindsey Green,0292018265,,,STMT00292,eStatement,,,,,,,,mohammed.al-rashid@securebankplc.com,RM003,Mohammed Al-Rashid,s3://banking-docs-poc-qahftr/estatements/2024/12/STMT00292.pdf,25-58-20,2024-12-02
74529912,Business Current,BR010,Sheffield,,"Monthly Business Current account statement. Closing balance £48,286.04.",,48286.04,,,"217 Natasha passage, Staceyberg, B2B 9DT",carterdeclan@example.org,CUST00049,Patricia Hopkins-Waters,+449098790877,,,STMT00293,eStatement,,,,,,,,thomas.müller@securebankplc.com,RM007,Thomas Müller,s3://banking-docs-poc-qahftr/estatements/2024/12/STMT00293.pdf,23-84-13,2024-12-13
43039117,Current,BR002,Manchester Central,,"Monthly Current account statement. Closing balance £42,280.22.",,42280.22,,,"427 Brown gardens, West Bethan, AB5 0WZ",turnerjosephine@example.com,CUST00012,Dr Duncan Greenwood,(0909) 879 0062,,,STMT00294,eStatement,,,,,,,,natalie.burke@securebankplc.com,RM012,Natalie Burke,s3://banking-docs-poc-qahftr/estatements/2025/11/STMT00294.pdf,78-26-26,2025-11-24
16697848,Current,BR007,Cardiff,,"Monthly Current account statement. Closing balance £10,774.57.",,10774.57,,,"Studio 67, Lee rue, McDonaldmouth, DT3X 5GB",brenda41@example.com,CUST00009,Dr Sharon Jones,(0909) 8790528,,,STMT00295,eStatement,,,,,,,,isabella.rossi@securebankplc.com,RM020,Isabella Rossi,s3://banking-docs-poc-qahftr/estatements/2024/12/STMT00295.pdf,97-24-97,2024-12-12
71434558,Current,BR004,Edinburgh,,"Monthly Current account statement. Closing balance £8,001.67.",,8001.67,,,"Studio 39, Justin center, Lynnland, IP6X 6GJ",gbell@example.net,CUST00042,Dylan White,(0116)4960817,,,STMT00296,eStatement,,,,,,,,carlos.mendez@securebankplc.com,RM009,Carlos Mendez,s3://banking-docs-poc-qahftr/estatements/2025/02/STMT00296.pdf,27-29-39,2025-02-10
65185067,Current,BR006,Bristol,,"Monthly Current account statement. Closing balance £12,109.16.",,12109.16,,,"Flat 29J, Price ramp, South Sam, W3 9GT",chloe20@example.org,CUST00051,Rachael Farmer,+44909 8790358,,,STMT00297,eStatement,,,,,,,,fatima.hassan@securebankplc.com,RM018,Fatima Hassan,s3://banking-docs-poc-qahftr/estatements/2024/10/STMT00297.pdf,65-56-91,2024-10-02
61939909,Current,BR002,Manchester Central,,"Monthly Current account statement. Closing balance £14,175.52.",,14175.52,,,"13 Dean green, South Dennischester, IG4 0SA",justin74@example.org,CUST00022,Mrs Lucy Hyde,(0191)4960767,,,STMT00298,eStatement,,,,,,,,rachel.o'brien@securebankplc.com,RM008,Rachel O'Brien,s3://banking-docs-poc-qahftr/estatements/2025/05/STMT00298.pdf,63-94-84,2025-05-20
62849877,Premier,BR008,Glasgow,,"Monthly Premier account statement. Closing balance £33,695.08.",,33695.08,,,"262 Davis trail, South Irene, PA0Y 4QQ",patriciabrown@example.org,CUST00052,Miss Catherine Shaw,(0113) 496 0142,,,STMT00299,eStatement,,,,,,,,david.okafor@securebankplc.com,RM005,David Okafor,s3://banking-docs-poc-qahftr/estatements/2025/05/STMT00299.pdf,85-44-51,2025-05-18
74529912,Business Current,BR010,Sheffield,,"Monthly Business Current account statement. Closing balance £13,679.29.",,13679.29,,,"217 Natasha passage, Staceyberg, B2B 9DT",carterdeclan@example.org,CUST00049,Patricia Hopkins-Waters,+449098790877,,,STMT00300,eStatement,,,,,,,,thomas.müller@securebankplc.com,RM007,Thomas Müller,s3://banking-docs-poc-qahftr/estatements/2024/11/STMT00300.pdf,23-84-13,2024-11-18
31351823,Savings,BR005,Leeds,,"Monthly Savings account statement. Closing balance £18,062.02.",,18062.02,,,"81 Wilson club, Douglasmouth, IV2B 6PW",zcollins@example.com,CUST00057,Mathew Little,+44(0)8081570161,,,STMT00301,eStatement,,,,,,,,carlos.mendez@securebankplc.com,RM009,Carlos Mendez,s3://banking-docs-poc-qahftr/estatements/2024/04/STMT00301.pdf,71-45-85,2024-04-25
27849808,Business Current,BR006,Bristol,,"Monthly Business Current account statement. Closing balance £32,989.90.",,32989.9,,,"Flat 3, Chan viaduct, Royport, L35 1EQ",clairewilson@example.org,CUST00025,Bryan Brown,0808 1570256,,,STMT00302,eStatement,,,,,,,,aisha.patel@securebankplc.com,RM010,Aisha Patel,s3://banking-docs-poc-qahftr/estatements/2026/02/STMT00302.pdf,94-23-27,2026-02-15
32677360,Savings,BR001,London City,,"Monthly Savings account statement. Closing balance £38,607.08.",,38607.08,,,"60 Mitchell expressway, Martinberg, B5 8WU",thomasking@example.org,CUST00019,Sharon Price,0191 498 0065,,,STMT00303,eStatement,,,,,,,,mohammed.al-rashid@securebankplc.com,RM003,Mohammed Al-Rashid,s3://banking-docs-poc-qahftr/estatements/2025/06/STMT00303.pdf,58-10-59,2025-06-03
22602563,Business Current,BR003,Birmingham,,"Monthly Business Current account statement. Closing balance £6,817.41.",,6817.41,,,"5 Colin tunnel, Hazelshire, BS92 9UW",dylanreid@example.com,CUST00030,Mohamed Ahmed,(0121) 4960087,,,STMT00304,eStatement,,,,,,,,rachel.o'brien@securebankplc.com,RM008,Rachel O'Brien,s3://banking-docs-poc-qahftr/estatements/2024/12/STMT00304.pdf,30-99-23,2024-12-10
55646417,Current,BR004,Edinburgh,,"Monthly Current account statement. Closing balance £50,068.18.",,50068.18,,,"Flat 16, Garry views, Hunterton, DL17 9AL",stanleyrebecca@example.com,CUST00047,Miss Abbie Hart,+441914960529,,,STMT00305,eStatement,,,,,,,,patrick.devereux@securebankplc.com,RM015,Patrick Devereux,s3://banking-docs-poc-qahftr/estatements/2025/10/STMT00305.pdf,79-16-54,2025-10-18
40164005,Savings,BR009,Liverpool,,"Monthly Savings account statement. Closing balance £20,114.65.",,20114.65,,,"080 Lewis route, Port Sara, G5G 7RZ",browneileen@example.net,CUST00027,Maria Forster,0909 879 0429,,,STMT00306,eStatement,,,,,,,,amelia.singh@securebankplc.com,RM016,Amelia Singh,s3://banking-docs-poc-qahftr/estatements/2025/07/STMT00306.pdf,91-43-30,2025-07-30
22602563,Business Current,BR003,Birmingham,,"Monthly Business Current account statement. Closing balance £41,004.65.",,41004.65,,,"5 Colin tunnel, Hazelshire, BS92 9UW",dylanreid@example.com,CUST00030,Mohamed Ahmed,(0121) 4960087,,,STMT00307,eStatement,,,,,,,,rachel.o'brien@securebankplc.com,RM008,Rachel O'Brien,s3://banking-docs-poc-qahftr/estatements/2024/12/STMT00307.pdf,30-99-23,2024-12-01
66319314,ISA,BR005,Leeds,,"Monthly ISA account statement. Closing balance £34,547.01.",,34547.01,,,"893 Jones crest, East Diane, E3A 9GY",brownwendy@example.com,CUST00050,Adrian Davey,+44(0)808 1570942,,,STMT00308,eStatement,,,,,,,,george.whitfield@securebankplc.com,RM019,George Whitfield,s3://banking-docs-poc-qahftr/estatements/2024/12/STMT00308.pdf,25-82-15,2024-12-31
46706562,Premier,BR008,Glasgow,,"Monthly Premier account statement. Closing balance £10,643.66.",,10643.66,,,"02 Dorothy haven, Melanieland, E5 7RW",joanturner@example.net,CUST00045,Mrs Hayley Edwards,+44131 496 0418,,,STMT00309,eStatement,,,,,,,,rachel.o'brien@securebankplc.com,RM008,Rachel O'Brien,s3://banking-docs-poc-qahftr/estatements/2024/09/STMT00309.pdf,26-89-78,2024-09-26
31351823,Savings,BR005,Leeds,,"Monthly Savings account statement. Closing balance £37,885.05.",,37885.05,,,"81 Wilson club, Douglasmouth, IV2B 6PW",zcollins@example.com,CUST00057,Mathew Little,+44(0)8081570161,,,STMT00310,eStatement,,,,,,,,carlos.mendez@securebankplc.com,RM009,Carlos Mendez,s3://banking-docs-poc-qahftr/estatements/2025/04/STMT00310.pdf,71-45-85,2025-04-04
18244935,Savings,BR005,Leeds,,"Monthly Savings account statement. Closing balance £44,521.01.",,44521.01,,,"Studio 91, Grace ports, New Brettbury, M3 7WT",nwood@example.org,CUST00026,Linda Mason-Thornton,(0115) 4960463,,,STMT00311,eStatement,,,,,,,,emily.watson@securebankplc.com,RM004,Emily Watson,s3://banking-docs-poc-qahftr/estatements/2025/11/STMT00311.pdf,97-91-43,2025-11-29
34332003,Premier,BR006,Bristol,,"Monthly Premier account statement. Closing balance £35,860.62.",,35860.62,,,"0 Kate locks, Juneside, S2A 7TS",lawrencemiles@example.net,CUST00038,Frederick Pearson-Webster,(0116)4960522,,,STMT00312,eStatement,,,,,,,,mohammed.al-rashid@securebankplc.com,RM003,Mohammed Al-Rashid,s3://banking-docs-poc-qahftr/estatements/2024/12/STMT00312.pdf,88-19-68,2024-12-17
43039117,Current,BR002,Manchester Central,,"Monthly Current account statement. Closing balance £5,351.07.",,5351.07,,,"427 Brown gardens, West Bethan, AB5 0WZ",turnerjosephine@example.com,CUST00012,Dr Duncan Greenwood,(0909) 879 0062,,,STMT00313,eStatement,,,,,,,,natalie.burke@securebankplc.com,RM012,Natalie Burke,s3://banking-docs-poc-qahftr/estatements/2024/05/STMT00313.pdf,78-26-26,2024-05-22
73375433,Current,BR007,Cardiff,,"Monthly Current account statement. Closing balance £29,353.42.",,29353.42,,,"Studio 2, Leah loop, Johnsonport, G7T 2YS",brenda28@example.com,CUST00031,Kathryn Shah,+44(0)117 496 0843,,,STMT00314,eStatement,,,,,,,,sophie.chen@securebankplc.com,RM002,Sophie Chen,s3://banking-docs-poc-qahftr/estatements/2025/09/STMT00314.pdf,94-34-61,2025-09-01
68011280,Business Current,BR008,Glasgow,,"Monthly Business Current account statement. Closing balance £32,283.64.",,32283.64,,,"9 Graeme throughway, Jonesmouth, TS6 3LX",terence80@example.org,CUST00028,Dominic Harvey,+441632 960888,,,STMT00315,eStatement,,,,,,,,fatima.hassan@securebankplc.com,RM018,Fatima Hassan,s3://banking-docs-poc-qahftr/estatements/2025/10/STMT00315.pdf,84-80-28,2025-10-26
18244935,Savings,BR005,Leeds,,"Monthly Savings account statement. Closing balance £41,493.69.",,41493.69,,,"Studio 91, Grace ports, New Brettbury, M3 7WT",nwood@example.org,CUST00026,Linda Mason-Thornton,(0115) 4960463,,,STMT00316,eStatement,,,,,,,,emily.watson@securebankplc.com,RM004,Emily Watson,s3://banking-docs-poc-qahftr/estatements/2025/11/STMT00316.pdf,97-91-43,2025-11-21
57885685,Business Current,BR005,Leeds,,"Monthly Business Current account statement. Closing balance £35,040.29.",,35040.29,,,"Flat 84, Hughes green, Lake Matthew, W7D 3DG",uford@example.com,CUST00056,Marcus Walker,+44(0)29 2018730,,,STMT00317,eStatement,,,,,,,,george.whitfield@securebankplc.com,RM019,George Whitfield,s3://banking-docs-poc-qahftr/estatements/2024/07/STMT00317.pdf,99-68-44,2024-07-26
40164005,Savings,BR009,Liverpool,,"Monthly Savings account statement. Closing balance £44,584.87.",,44584.87,,,"080 Lewis route, Port Sara, G5G 7RZ",browneileen@example.net,CUST00027,Maria Forster,0909 879 0429,,,STMT00318,eStatement,,,,,,,,amelia.singh@securebankplc.com,RM016,Amelia Singh,s3://banking-docs-poc-qahftr/estatements/2024/08/STMT00318.pdf,91-43-30,2024-08-12
94680443,Premier,BR003,Birmingham,,"Monthly Premier account statement. Closing balance £8,148.07.",,8148.07,,,"Flat 18v, Harrison dam, Lake Terence, WC55 5TN",jwright@example.org,CUST00036,Jane Smith-Winter,01632 960 933,,,STMT00319,eStatement,,,,,,,,isabella.rossi@securebankplc.com,RM020,Isabella Rossi,s3://banking-docs-poc-qahftr/estatements/2025/07/STMT00319.pdf,84-87-93,2025-07-28
41343524,Current,BR009,Liverpool,,"Monthly Current account statement. Closing balance £32,689.53.",,32689.53,,,"849 Hughes shore, Collinsland, UB6 1HT",matthewsfrances@example.org,CUST00058,Linda Hall,01632 960639,,,STMT00320,eStatement,,,,,,,,isabella.rossi@securebankplc.com,RM020,Isabella Rossi,s3://banking-docs-poc-qahftr/estatements/2025/07/STMT00320.pdf,78-26-45,2025-07-26
34332003,Premier,BR006,Bristol,,"Monthly Premier account statement. Closing balance £45,423.88.",,45423.88,,,"0 Kate locks, Juneside, S2A 7TS",lawrencemiles@example.net,CUST00038,Frederick Pearson-Webster,(0116)4960522,,,STMT00321,eStatement,,,,,,,,mohammed.al-rashid@securebankplc.com,RM003,Mohammed Al-Rashid,s3://banking-docs-poc-qahftr/estatements/2026/02/STMT00321.pdf,88-19-68,2026-02-25
41343524,Current,BR009,Liverpool,,"Monthly Current account statement. Closing balance £22,217.19.",,22217.19,,,"849 Hughes shore, Collinsland, UB6 1HT",matthewsfrances@example.org,CUST00058,Linda Hall,01632 960639,,,STMT00322,eStatement,,,,,,,,isabella.rossi@securebankplc.com,RM020,Isabella Rossi,s3://banking-docs-poc-qahftr/estatements/2024/05/STMT00322.pdf,78-26-45,2024-05-22
29973763,Current,BR004,Edinburgh,,"Monthly Current account statement. Closing balance £37,355.70.",,37355.7,,,"609 Price crescent, North Joanneside, HP84 0EX",antonyjones@example.com,CUST00016,Leah Kay,+44(0)118 496 0897,,,STMT00323,eStatement,,,,,,,,fatima.hassan@securebankplc.com,RM018,Fatima Hassan,s3://banking-docs-poc-qahftr/estatements/2024/11/STMT00323.pdf,22-94-65,2024-11-09
54353462,Business Current,BR010,Sheffield,,"Monthly Business Current account statement. Closing balance £48,735.33.",,48735.33,,,"367 Watkins spring, West Scottberg, BH84 0YS",joanlittle@example.net,CUST00023,Terry Stephens-Turner,+44(0)306 9990092,,,STMT00324,eStatement,,,,,,,,robert.blackwood@securebankplc.com,RM017,Robert Blackwood,s3://banking-docs-poc-qahftr/estatements/2025/03/STMT00324.pdf,68-50-19,2025-03-02
62473178,Current,BR008,Glasgow,,"Monthly Current account statement. Closing balance £42,935.39.",,42935.39,,,"61 Maria ports, Lake Marilynburgh, SP3 4SG",duncanarmstrong@example.com,CUST00018,Lisa Lawrence,+44(0)1632 960 827,,,STMT00325,eStatement,,,,,,,,david.okafor@securebankplc.com,RM005,David Okafor,s3://banking-docs-poc-qahftr/estatements/2025/03/STMT00325.pdf,16-93-79,2025-03-25
71434558,Current,BR004,Edinburgh,,"Monthly Current account statement. Closing balance £10,774.57.",,10774.57,,,"Studio 39, Justin center, Lynnland, IP6X 6GJ",gbell@example.net,CUST00042,Dylan White,(0116)4960817,,,STMT00326,eStatement,,,,,,,,carlos.mendez@securebankplc.com,RM009,Carlos Mendez,s3://banking-docs-poc-qahftr/estatements/2025/07/STMT00326.pdf,27-29-39,2025-07-14
61559407,ISA,BR002,Manchester Central,,"Monthly ISA account statement. Closing balance £48,093.03.",,48093.03,,,"1 George falls, Seanhaven, BA2 6PH",dennis04@example.org,CUST00003,Mrs Lindsey Green,0292018265,,,STMT00327,eStatement,,,,,,,,mohammed.al-rashid@securebankplc.com,RM003,Mohammed Al-Rashid,s3://banking-docs-poc-qahftr/estatements/2026/03/STMT00327.pdf,25-58-20,2026-03-05
34332003,Premier,BR006,Bristol,,"Monthly Premier account statement. Closing balance £10,119.93.",,10119.93,,,"0 Kate locks, Juneside, S2A 7TS",lawrencemiles@example.net,CUST00038,Frederick Pearson-Webster,(0116)4960522,,,STMT00328,eStatement,,,,,,,,mohammed.al-rashid@securebankplc.com,RM003,Mohammed Al-Rashid,s3://banking-docs-poc-qahftr/estatements/2024/11/STMT00328.pdf,88-19-68,2024-11-29
16697848,Current,BR007,Cardiff,,"Monthly Current account statement. Closing balance £24,352.98.",,24352.98,,,"Studio 67, Lee rue, McDonaldmouth, DT3X 5GB",brenda41@example.com,CUST00009,Dr Sharon Jones,(0909) 8790528,,,STMT00329,eStatement,,,,,,,,isabella.rossi@securebankplc.com,RM020,Isabella Rossi,s3://banking-docs-poc-qahftr/estatements/2024/11/STMT00329.pdf,97-24-97,2024-11-23
84271094,Premier,BR001,London City,,"Monthly Premier account statement. Closing balance £37,808.01.",,37808.01,,,"8 Gemma rapid, Charlesland, DD1A 0SJ",gary02@example.org,CUST00059,Ross Bailey,+441174960914,,,STMT00330,eStatement,,,,,,,,sophie.chen@securebankplc.com,RM002,Sophie Chen,s3://banking-docs-poc-qahftr/estatements/2026/03/STMT00330.pdf,71-66-53,2026-03-07
04505331,Business Current,BR007,Cardiff,,"Monthly Business Current account statement. Closing balance £30,620.60.",,30620.6,,,"868 Hill vista, Rickyburgh, HX6E 1EJ",nwright@example.com,CUST00029,Damian Pearson,+441144960254,,,STMT00331,eStatement,,,,,,,,david.okafor@securebankplc.com,RM005,David Okafor,s3://banking-docs-poc-qahftr/estatements/2025/01/STMT00331.pdf,81-62-89,2025-01-12
08317278,ISA,BR009,Liverpool,,"Monthly ISA account statement. Closing balance £26,182.01.",,26182.01,,,"Flat 03O, Hollie mountains, Francescabury, N5F 6ST",julia61@example.net,CUST00040,Dr Glen Campbell,01214960724,,,STMT00332,eStatement,,,,,,,,patrick.devereux@securebankplc.com,RM015,Patrick Devereux,s3://banking-docs-poc-qahftr/estatements/2024/11/STMT00332.pdf,86-50-66,2024-11-18
95931034,Current,BR009,Liverpool,,"Monthly Current account statement. Closing balance £40,088.37.",,40088.37,,,"Studio 8, James island, Junemouth, WS53 0LG",natasha17@example.net,CUST00004,Angela Jackson,(0118)4960554,,,STMT00333,eStatement,,,,,,,,aisha.patel@securebankplc.com,RM010,Aisha Patel,s3://banking-docs-poc-qahftr/estatements/2025/05/STMT00333.pdf,39-22-58,2025-05-12
00330923,Savings,BR004,Edinburgh,,"Monthly Savings account statement. Closing balance £38,728.00.",,38728.0,,,"Flat 69, Khan plaza, West Harriet, L1S 5NB",emily97@example.org,CUST00048,Francesca Lucas,(0141) 4960004,,,STMT00334,eStatement,,,,,,,,mohammed.al-rashid@securebankplc.com,RM003,Mohammed Al-Rashid,s3://banking-docs-poc-qahftr/estatements/2024/08/STMT00334.pdf,70-95-24,2024-08-25
14586850,Current,BR006,Bristol,,"Monthly Current account statement. Closing balance £16,835.49.",,16835.49,,,"89 Edwards creek, Daviestown, B2 2NA",robertsrosemary@example.net,CUST00032,Tracy Wilkinson-Davison,+44(0)1632 960235,,,STMT00335,eStatement,,,,,,,,carlos.mendez@securebankplc.com,RM009,Carlos Mendez,s3://banking-docs-poc-qahftr/estatements/2024/07/STMT00335.pdf,43-32-84,2024-07-26
62473178,Current,BR008,Glasgow,,"Monthly Current account statement. Closing balance £48,452.11.",,48452.11,,,"61 Maria ports, Lake Marilynburgh, SP3 4SG",duncanarmstrong@example.com,CUST00018,Lisa Lawrence,+44(0)1632 960 827,,,STMT00336,eStatement,,,,,,,,david.okafor@securebankplc.com,RM005,David Okafor,s3://banking-docs-poc-qahftr/estatements/2024/10/STMT00336.pdf,16-93-79,2024-10-13
62849877,Premier,BR008,Glasgow,,"Monthly Premier account statement. Closing balance £34,655.84.",,34655.84,,,"262 Davis trail, South Irene, PA0Y 4QQ",patriciabrown@example.org,CUST00052,Miss Catherine Shaw,(0113) 496 0142,,,STMT00337,eStatement,,,,,,,,david.okafor@securebankplc.com,RM005,David Okafor,s3://banking-docs-poc-qahftr/estatements/2024/11/STMT00337.pdf,85-44-51,2024-11-21
67010651,Savings,BR006,Bristol,,"Monthly Savings account statement. Closing balance £13,832.44.",,13832.44,,,"Studio 8, O'Neill common, Bradleytown, N89 1ER",kwilkinson@example.com,CUST00017,Callum Pritchard-Fletcher,(0191) 496 0585,,,STMT00338,eStatement,,,,,,,,zoe.nakamura@securebankplc.com,RM014,Zoe Nakamura,s3://banking-docs-poc-qahftr/estatements/2025/01/STMT00338.pdf,34-34-78,2025-01-07
99016272,Current,BR001,London City,,"Monthly Current account statement. Closing balance £13,468.97.",,13468.97,,,"Flat 46k, Campbell junction, Port Rosemarychester, DE87 6LD",kathleenjones@example.org,CUST00046,Nathan Sanderson,(0808)1570938,,,STMT00339,eStatement,,,,,,,,liam.fitzgerald@securebankplc.com,RM013,Liam Fitzgerald,s3://banking-docs-poc-qahftr/estatements/2024/09/STMT00339.pdf,43-58-51,2024-09-02
73375433,Current,BR007,Cardiff,,"Monthly Current account statement. Closing balance £18,089.51.",,18089.51,,,"Studio 2, Leah loop, Johnsonport, G7T 2YS",brenda28@example.com,CUST00031,Kathryn Shah,+44(0)117 496 0843,,,STMT00340,eStatement,,,,,,,,sophie.chen@securebankplc.com,RM002,Sophie Chen,s3://banking-docs-poc-qahftr/estatements/2025/08/STMT00340.pdf,94-34-61,2025-08-25
66319314,ISA,BR005,Leeds,,"Monthly ISA account statement. Closing balance £22,441.61.",,22441.61,,,"893 Jones crest, East Diane, E3A 9GY",brownwendy@example.com,CUST00050,Adrian Davey,+44(0)808 1570942,,,STMT00341,eStatement,,,,,,,,george.whitfield@securebankplc.com,RM019,George Whitfield,s3://banking-docs-poc-qahftr/estatements/2025/08/STMT00341.pdf,25-82-15,2025-08-26
00330923,Savings,BR004,Edinburgh,,"Monthly Savings account statement. Closing balance £30,955.24.",,30955.24,,,"Flat 69, Khan plaza, West Harriet, L1S 5NB",emily97@example.org,CUST00048,Francesca Lucas,(0141) 4960004,,,STMT00342,eStatement,,,,,,,,mohammed.al-rashid@securebankplc.com,RM003,Mohammed Al-Rashid,s3://banking-docs-poc-qahftr/estatements/2025/10/STMT00342.pdf,70-95-24,2025-10-01
31665876,Current,BR007,Cardiff,,"Monthly Current account statement. Closing balance £35,339.03.",,35339.03,,,"03 French walks, East Janice, E05 3RJ",tross@example.net,CUST00043,Miss Kimberley Robinson,(0191) 496 0369,,,STMT00343,eStatement,,,,,,,,david.okafor@securebankplc.com,RM005,David Okafor,s3://banking-docs-poc-qahftr/estatements/2026/01/STMT00343.pdf,36-63-59,2026-01-29
09788208,Current,BR006,Bristol,,"Monthly Current account statement. Closing balance £25,246.36.",,25246.36,,,"46 George walks, Port Peter, NG03 2JW",robertgrant@example.org,CUST00021,Elliot Williams,0141 496 0539,,,STMT00344,eStatement,,,,,,,,sophie.chen@securebankplc.com,RM002,Sophie Chen,s3://banking-docs-poc-qahftr/estatements/2026/01/STMT00344.pdf,33-18-86,2026-01-12
24896383,Business Current,BR008,Glasgow,,"Monthly Business Current account statement. Closing balance £44,637.96.",,44637.96,,,"2 Carter lane, Allenland, FY2M 9AU",dorothymurray@example.org,CUST00013,Ms Dorothy Burns,+44141 496 0933,,,STMT00345,eStatement,,,,,,,,fatima.hassan@securebankplc.com,RM018,Fatima Hassan,s3://banking-docs-poc-qahftr/estatements/2025/09/STMT00345.pdf,61-95-93,2025-09-22
22602563,Business Current,BR003,Birmingham,,"Monthly Business Current account statement. Closing balance £50,058.30.",,50058.3,,,"5 Colin tunnel, Hazelshire, BS92 9UW",dylanreid@example.com,CUST00030,Mohamed Ahmed,(0121) 4960087,,,STMT00346,eStatement,,,,,,,,rachel.o'brien@securebankplc.com,RM008,Rachel O'Brien,s3://banking-docs-poc-qahftr/estatements/2025/01/STMT00346.pdf,30-99-23,2025-01-09
57885685,Business Current,BR005,Leeds,,"Monthly Business Current account statement. Closing balance £34,519.01.",,34519.01,,,"Flat 84, Hughes green, Lake Matthew, W7D 3DG",uford@example.com,CUST00056,Marcus Walker,+44(0)29 2018730,,,STMT00347,eStatement,,,,,,,,george.whitfield@securebankplc.com,RM019,George Whitfield,s3://banking-docs-poc-qahftr/estatements/2024/06/STMT00347.pdf,99-68-44,2024-06-22
29973763,Current,BR004,Edinburgh,,"Monthly Current account statement. Closing balance £40,925.47.",,40925.47,,,"609 Price crescent, North Joanneside, HP84 0EX",antonyjones@example.com,CUST00016,Leah Kay,+44(0)118 496 0897,,,STMT00348,eStatement,,,,,,,,fatima.hassan@securebankplc.com,RM018,Fatima Hassan,s3://banking-docs-poc-qahftr/estatements/2024/07/STMT00348.pdf,22-94-65,2024-07-16
68011280,Business Current,BR008,Glasgow,,"Monthly Business Current account statement. Closing balance £15,885.48.",,15885.48,,,"9 Graeme throughway, Jonesmouth, TS6 3LX",terence80@example.org,CUST00028,Dominic Harvey,+441632 960888,,,STMT00349,eStatement,,,,,,,,fatima.hassan@securebankplc.com,RM018,Fatima Hassan,s3://banking-docs-poc-qahftr/estatements/2025/07/STMT00349.pdf,84-80-28,2025-07-10
24896383,Business Current,BR008,Glasgow,,"Monthly Business Current account statement. Closing balance £10,944.84.",,10944.84,,,"2 Carter lane, Allenland, FY2M 9AU",dorothymurray@example.org,CUST00013,Ms Dorothy Burns,+44141 496 0933,,,STMT00350,eStatement,,,,,,,,fatima.hassan@securebankplc.com,RM018,Fatima Hassan,s3://banking-docs-poc-qahftr/estatements/2025/07/STMT00350.pdf,61-95-93,2025-07-27
40164005,Savings,BR009,Liverpool,,"Monthly Savings account statement. Closing balance £41,710.56.",,41710.56,,,"080 Lewis route, Port Sara, G5G 7RZ",browneileen@example.net,CUST00027,Maria Forster,0909 879 0429,,,STMT00351,eStatement,,,,,,,,amelia.singh@securebankplc.com,RM016,Amelia Singh,s3://banking-docs-poc-qahftr/estatements/2025/10/STMT00351.pdf,91-43-30,2025-10-06
24896383,Business Current,BR008,Glasgow,,"Monthly Business Current account statement. Closing balance £34,530.44.",,34530.44,,,"2 Carter lane, Allenland, FY2M 9AU",dorothymurray@example.org,CUST00013,Ms Dorothy Burns,+44141 496 0933,,,STMT00352,eStatement,,,,,,,,fatima.hassan@securebankplc.com,RM018,Fatima Hassan,s3://banking-docs-poc-qahftr/estatements/2024/12/STMT00352.pdf,61-95-93,2024-12-22
68011280,Business Current,BR008,Glasgow,,"Monthly Business Current account statement. Closing balance £36,120.62.",,36120.62,,,"9 Graeme throughway, Jonesmouth, TS6 3LX",terence80@example.org,CUST00028,Dominic Harvey,+441632 960888,,,STMT00353,eStatement,,,,,,,,fatima.hassan@securebankplc.com,RM018,Fatima Hassan,s3://banking-docs-poc-qahftr/estatements/2026/02/STMT00353.pdf,84-80-28,2026-02-05
29973763,Current,BR004,Edinburgh,,"Monthly Current account statement. Closing balance £23,697.56.",,23697.56,,,"609 Price crescent, North Joanneside, HP84 0EX",antonyjones@example.com,CUST00016,Leah Kay,+44(0)118 496 0897,,,STMT00354,eStatement,,,,,,,,fatima.hassan@securebankplc.com,RM018,Fatima Hassan,s3://banking-docs-poc-qahftr/estatements/2025/11/STMT00354.pdf,22-94-65,2025-11-02
37940265,Business Current,BR009,Liverpool,,"Monthly Business Current account statement. Closing balance £9,129.88.",,9129.88,,,"04 Howard land, Port Leeview, N5C 3RF",rachelkelly@example.org,CUST00002,Nigel Rose,+44151 4960869,,,STMT00355,eStatement,,,,,,,,zoe.nakamura@securebankplc.com,RM014,Zoe Nakamura,s3://banking-docs-poc-qahftr/estatements/2025/02/STMT00355.pdf,29-37-53,2025-02-14
00330923,Savings,BR004,Edinburgh,,"Monthly Savings account statement. Closing balance £35,143.72.",,35143.72,,,"Flat 69, Khan plaza, West Harriet, L1S 5NB",emily97@example.org,CUST00048,Francesca Lucas,(0141) 4960004,,,STMT00356,eStatement,,,,,,,,mohammed.al-rashid@securebankplc.com,RM003,Mohammed Al-Rashid,s3://banking-docs-poc-qahftr/estatements/2024/07/STMT00356.pdf,70-95-24,2024-07-09
84271094,Premier,BR001,London City,,"Monthly Premier account statement. Closing balance £9,020.47.",,9020.47,,,"8 Gemma rapid, Charlesland, DD1A 0SJ",gary02@example.org,CUST00059,Ross Bailey,+441174960914,,,STMT00357,eStatement,,,,,,,,sophie.chen@securebankplc.com,RM002,Sophie Chen,s3://banking-docs-poc-qahftr/estatements/2025/02/STMT00357.pdf,71-66-53,2025-02-27
84271094,Premier,BR001,London City,,"Monthly Premier account statement. Closing balance £15,774.70.",,15774.7,,,"8 Gemma rapid, Charlesland, DD1A 0SJ",gary02@example.org,CUST00059,Ross Bailey,+441174960914,,,STMT00358,eStatement,,,,,,,,sophie.chen@securebankplc.com,RM002,Sophie Chen,s3://banking-docs-poc-qahftr/estatements/2024/09/STMT00358.pdf,71-66-53,2024-09-08
84271094,Premier,BR001,London City,,"Monthly Premier account statement. Closing balance £20,517.16.",,20517.16,,,"8 Gemma rapid, Charlesland, DD1A 0SJ",gary02@example.org,CUST00059,Ross Bailey,+441174960914,,,STMT00359,eStatement,,,,,,,,sophie.chen@securebankplc.com,RM002,Sophie Chen,s3://banking-docs-poc-qahftr/estatements/2025/11/STMT00359.pdf,71-66-53,2025-11-26
04505331,Business Current,BR007,Cardiff,,"Monthly Business Current account statement. Closing balance £48,387.32.",,48387.32,,,"868 Hill vista, Rickyburgh, HX6E 1EJ",nwright@example.com,CUST00029,Damian Pearson,+441144960254,,,STMT00360,eStatement,,,,,,,,david.okafor@securebankplc.com,RM005,David Okafor,s3://banking-docs-poc-qahftr/estatements/2025/03/STMT00360.pdf,81-62-89,2025-03-03
51462704,ISA,BR009,Liverpool,,"Monthly ISA account statement. Closing balance £6,455.36.",,6455.36,,,"912 Davis landing, Annetown, IM38 7QB",charlene31@example.net,CUST00010,Wayne Wood,(0131) 4960642,,,STMT00361,eStatement,,,,,,,,carlos.mendez@securebankplc.com,RM009,Carlos Mendez,s3://banking-docs-poc-qahftr/estatements/2026/03/STMT00361.pdf,32-74-23,2026-03-11
83777014,Savings,BR007,Cardiff,,"Monthly Savings account statement. Closing balance £42,931.10.",,42931.1,,,"Flat 40w, Davies tunnel, Lake Edwardshire, SM29 6NX",melissa67@example.net,CUST00055,Trevor Mills,01314960541,,,STMT00362,eStatement,,,,,,,,amelia.singh@securebankplc.com,RM016,Amelia Singh,s3://banking-docs-poc-qahftr/estatements/2025/06/STMT00362.pdf,61-98-41,2025-06-17
95931034,Current,BR009,Liverpool,,"Monthly Current account statement. Closing balance £29,267.07.",,29267.07,,,"Studio 8, James island, Junemouth, WS53 0LG",natasha17@example.net,CUST00004,Angela Jackson,(0118)4960554,,,STMT00363,eStatement,,,,,,,,aisha.patel@securebankplc.com,RM010,Aisha Patel,s3://banking-docs-poc-qahftr/estatements/2025/01/STMT00363.pdf,39-22-58,2025-01-02
68727743,Business Current,BR010,Sheffield,,"Monthly Business Current account statement. Closing balance £9,972.13.",,9972.13,,,"6 Lydia branch, Hayleyborough, S5 9ZS",andreadavies@example.com,CUST00041,Jade Elliott-Adams,+44(0)113 4960408,,,STMT00364,eStatement,,,,,,,,robert.blackwood@securebankplc.com,RM017,Robert Blackwood,s3://banking-docs-poc-qahftr/estatements/2024/06/STMT00364.pdf,76-72-90,2024-06-20
54353462,Business Current,BR010,Sheffield,,"Monthly Business Current account statement. Closing balance £17,293.31.",,17293.31,,,"367 Watkins spring, West Scottberg, BH84 0YS",joanlittle@example.net,CUST00023,Terry Stephens-Turner,+44(0)306 9990092,,,STMT00365,eStatement,,,,,,,,robert.blackwood@securebankplc.com,RM017,Robert Blackwood,s3://banking-docs-poc-qahftr/estatements/2024/10/STMT00365.pdf,68-50-19,2024-10-15
31351823,Savings,BR005,Leeds,,"Monthly Savings account statement. Closing balance £12,154.35.",,12154.35,,,"81 Wilson club, Douglasmouth, IV2B 6PW",zcollins@example.com,CUST00057,Mathew Little,+44(0)8081570161,,,STMT00366,eStatement,,,,,,,,carlos.mendez@securebankplc.com,RM009,Carlos Mendez,s3://banking-docs-poc-qahftr/estatements/2024/08/STMT00366.pdf,71-45-85,2024-08-09
65185067,Current,BR006,Bristol,,"Monthly Current account statement. Closing balance £12,697.55.",,12697.55,,,"Flat 29J, Price ramp, South Sam, W3 9GT",chloe20@example.org,CUST00051,Rachael Farmer,+44909 8790358,,,STMT00367,eStatement,,,,,,,,fatima.hassan@securebankplc.com,RM018,Fatima Hassan,s3://banking-docs-poc-qahftr/estatements/2025/03/STMT00367.pdf,65-56-91,2025-03-30
55646417,Current,BR004,Edinburgh,,"Monthly Current account statement. Closing balance £6,074.57.",,6074.57,,,"Flat 16, Garry views, Hunterton, DL17 9AL",stanleyrebecca@example.com,CUST00047,Miss Abbie Hart,+441914960529,,,STMT00368,eStatement,,,,,,,,patrick.devereux@securebankplc.com,RM015,Patrick Devereux,s3://banking-docs-poc-qahftr/estatements/2025/01/STMT00368.pdf,79-16-54,2025-01-24
31351823,Savings,BR005,Leeds,,"Monthly Savings account statement. Closing balance £21,704.22.",,21704.22,,,"81 Wilson club, Douglasmouth, IV2B 6PW",zcollins@example.com,CUST00057,Mathew Little,+44(0)8081570161,,,STMT00369,eStatement,,,,,,,,carlos.mendez@securebankplc.com,RM009,Carlos Mendez,s3://banking-docs-poc-qahftr/estatements/2024/08/STMT00369.pdf,71-45-85,2024-08-03
62849877,Premier,BR008,Glasgow,,"Monthly Premier account statement. Closing balance £39,103.46.",,39103.46,,,"262 Davis trail, South Irene, PA0Y 4QQ",patriciabrown@example.org,CUST00052,Miss Catherine Shaw,(0113) 496 0142,,,STMT00370,eStatement,,,,,,,,david.okafor@securebankplc.com,RM005,David Okafor,s3://banking-docs-poc-qahftr/estatements/2025/07/STMT00370.pdf,85-44-51,2025-07-08
31665876,Current,BR007,Cardiff,,"Monthly Current account statement. Closing balance £10,622.22.",,10622.22,,,"03 French walks, East Janice, E05 3RJ",tross@example.net,CUST00043,Miss Kimberley Robinson,(0191) 496 0369,,,STMT00371,eStatement,,,,,,,,david.okafor@securebankplc.com,RM005,David Okafor,s3://banking-docs-poc-qahftr/estatements/2025/01/STMT00371.pdf,36-63-59,2025-01-10
99118384,Savings,BR001,London City,,"Monthly Savings account statement. Closing balance £35,466.56.",,35466.56,,,"73 Samantha forges, Millerton, LS9 6LT",martyn46@example.org,CUST00024,Mr Ronald Singh,+44(0)115 4960476,,,STMT00372,eStatement,,,,,,,,patrick.devereux@securebankplc.com,RM015,Patrick Devereux,s3://banking-docs-poc-qahftr/estatements/2024/08/STMT00372.pdf,54-18-41,2024-08-27
24896383,Business Current,BR008,Glasgow,,"Monthly Business Current account statement. Closing balance £48,957.20.",,48957.2,,,"2 Carter lane, Allenland, FY2M 9AU",dorothymurray@example.org,CUST00013,Ms Dorothy Burns,+44141 496 0933,,,STMT00373,eStatement,,,,,,,,fatima.hassan@securebankplc.com,RM018,Fatima Hassan,s3://banking-docs-poc-qahftr/estatements/2025/10/STMT00373.pdf,61-95-93,2025-10-17
36763201,Premier,BR007,Cardiff,,"Monthly Premier account statement. Closing balance £12,326.61.",,12326.61,,,"7 Wood trail, Guymouth, G4 3UA",barry51@example.com,CUST00039,Terence Smith,+441414960870,,,STMT00374,eStatement,,,,,,,,george.whitfield@securebankplc.com,RM019,George Whitfield,s3://banking-docs-poc-qahftr/estatements/2025/01/STMT00374.pdf,38-32-99,2025-01-10
73375433,Current,BR007,Cardiff,,"Monthly Current account statement. Closing balance £44,278.89.",,44278.89,,,"Studio 2, Leah loop, Johnsonport, G7T 2YS",brenda28@example.com,CUST00031,Kathryn Shah,+44(0)117 496 0843,,,STMT00375,eStatement,,,,,,,,sophie.chen@securebankplc.com,RM002,Sophie Chen,s3://banking-docs-poc-qahftr/estatements/2025/07/STMT00375.pdf,94-34-61,2025-07-13
93252880,ISA,BR005,Leeds,,"Monthly ISA account statement. Closing balance £30,309.65.",,30309.65,,,"5 Gough mountain, South Katherine, B6D 7NW",morgankimberley@example.net,CUST00011,Anthony Potter-Barber,+44(0)118 4960018,,,STMT00376,eStatement,,,,,,,,robert.blackwood@securebankplc.com,RM017,Robert Blackwood,s3://banking-docs-poc-qahftr/estatements/2025/12/STMT00376.pdf,51-72-12,2025-12-25
57885685,Business Current,BR005,Leeds,,"Monthly Business Current account statement. Closing balance £21,609.92.",,21609.92,,,"Flat 84, Hughes green, Lake Matthew, W7D 3DG",uford@example.com,CUST00056,Marcus Walker,+44(0)29 2018730,,,STMT00377,eStatement,,,,,,,,george.whitfield@securebankplc.com,RM019,George Whitfield,s3://banking-docs-poc-qahftr/estatements/2025/09/STMT00377.pdf,99-68-44,2025-09-20
18244935,Savings,BR005,Leeds,,"Monthly Savings account statement. Closing balance £37,631.05.",,37631.05,,,"Studio 91, Grace ports, New Brettbury, M3 7WT",nwood@example.org,CUST00026,Linda Mason-Thornton,(0115) 4960463,,,STMT00378,eStatement,,,,,,,,emily.watson@securebankplc.com,RM004,Emily Watson,s3://banking-docs-poc-qahftr/estatements/2026/01/STMT00378.pdf,97-91-43,2026-01-25
67010651,Savings,BR006,Bristol,,"Monthly Savings account statement. Closing balance £26,517.86.",,26517.86,,,"Studio 8, O'Neill common, Bradleytown, N89 1ER",kwilkinson@example.com,CUST00017,Callum Pritchard-Fletcher,(0191) 496 0585,,,STMT00379,eStatement,,,,,,,,zoe.nakamura@securebankplc.com,RM014,Zoe Nakamura,s3://banking-docs-poc-qahftr/estatements/2024/06/STMT00379.pdf,34-34-78,2024-06-29
65328710,Current,BR007,Cardiff,,"Monthly Current account statement. Closing balance £44,347.91.",,44347.91,,,"Flat 35, Schofield ramp, Roseside, M75 9FB",juliefield@example.org,CUST00008,Derek Clarke,+44909 8790520,,,STMT00380,eStatement,,,,,,,,george.whitfield@securebankplc.com,RM019,George Whitfield,s3://banking-docs-poc-qahftr/estatements/2025/10/STMT00380.pdf,29-90-30,2025-10-25
43039117,Current,BR002,Manchester Central,,"Monthly Current account statement. Closing balance £15,702.96.",,15702.96,,,"427 Brown gardens, West Bethan, AB5 0WZ",turnerjosephine@example.com,CUST00012,Dr Duncan Greenwood,(0909) 879 0062,,,STMT00381,eStatement,,,,,,,,natalie.burke@securebankplc.com,RM012,Natalie Burke,s3://banking-docs-poc-qahftr/estatements/2025/10/STMT00381.pdf,78-26-26,2025-10-09
93252880,ISA,BR005,Leeds,,"Monthly ISA account statement. Closing balance £33,493.28.",,33493.28,,,"5 Gough mountain, South Katherine, B6D 7NW",morgankimberley@example.net,CUST00011,Anthony Potter-Barber,+44(0)118 4960018,,,STMT00382,eStatement,,,,,,,,robert.blackwood@securebankplc.com,RM017,Robert Blackwood,s3://banking-docs-poc-qahftr/estatements/2024/07/STMT00382.pdf,51-72-12,2024-07-04
51462704,ISA,BR009,Liverpool,,"Monthly ISA account statement. Closing balance £27,621.79.",,27621.79,,,"912 Davis landing, Annetown, IM38 7QB",charlene31@example.net,CUST00010,Wayne Wood,(0131) 4960642,,,STMT00383,eStatement,,,,,,,,carlos.mendez@securebankplc.com,RM009,Carlos Mendez,s3://banking-docs-poc-qahftr/estatements/2024/06/STMT00383.pdf,32-74-23,2024-06-17
55646417,Current,BR004,Edinburgh,,"Monthly Current account statement. Closing balance £27,221.74.",,27221.74,,,"Flat 16, Garry views, Hunterton, DL17 9AL",stanleyrebecca@example.com,CUST00047,Miss Abbie Hart,+441914960529,,,STMT00384,eStatement,,,,,,,,patrick.devereux@securebankplc.com,RM015,Patrick Devereux,s3://banking-docs-poc-qahftr/estatements/2026/03/STMT00384.pdf,79-16-54,2026-03-02
62473178,Current,BR008,Glasgow,,"Monthly Current account statement. Closing balance £20,575.95.",,20575.95,,,"61 Maria ports, Lake Marilynburgh, SP3 4SG",duncanarmstrong@example.com,CUST00018,Lisa Lawrence,+44(0)1632 960 827,,,STMT00385,eStatement,,,,,,,,david.okafor@securebankplc.com,RM005,David Okafor,s3://banking-docs-poc-qahftr/estatements/2024/05/STMT00385.pdf,16-93-79,2024-05-21
27849808,Business Current,BR006,Bristol,,"Monthly Business Current account statement. Closing balance £18,267.05.",,18267.05,,,"Flat 3, Chan viaduct, Royport, L35 1EQ",clairewilson@example.org,CUST00025,Bryan Brown,0808 1570256,,,STMT00386,eStatement,,,,,,,,aisha.patel@securebankplc.com,RM010,Aisha Patel,s3://banking-docs-poc-qahftr/estatements/2025/02/STMT00386.pdf,94-23-27,2025-02-25
94680443,Premier,BR003,Birmingham,,"Monthly Premier account statement. Closing balance £46,895.77.",,46895.77,,,"Flat 18v, Harrison dam, Lake Terence, WC55 5TN",jwright@example.org,CUST00036,Jane Smith-Winter,01632 960 933,,,STMT00387,eStatement,,,,,,,,isabella.rossi@securebankplc.com,RM020,Isabella Rossi,s3://banking-docs-poc-qahftr/estatements/2025/12/STMT00387.pdf,84-87-93,2025-12-21
00330923,Savings,BR004,Edinburgh,,"Monthly Savings account statement. Closing balance £28,469.09.",,28469.09,,,"Flat 69, Khan plaza, West Harriet, L1S 5NB",emily97@example.org,CUST00048,Francesca Lucas,(0141) 4960004,,,STMT00388,eStatement,,,,,,,,mohammed.al-rashid@securebankplc.com,RM003,Mohammed Al-Rashid,s3://banking-docs-poc-qahftr/estatements/2025/08/STMT00388.pdf,70-95-24,2025-08-25
55646417,Current,BR004,Edinburgh,,"Monthly Current account statement. Closing balance £20,318.87.",,20318.87,,,"Flat 16, Garry views, Hunterton, DL17 9AL",stanleyrebecca@example.com,CUST00047,Miss Abbie Hart,+441914960529,,,STMT00389,eStatement,,,,,,,,patrick.devereux@securebankplc.com,RM015,Patrick Devereux,s3://banking-docs-poc-qahftr/estatements/2024/07/STMT00389.pdf,79-16-54,2024-07-02
08317278,ISA,BR009,Liverpool,,"Monthly ISA account statement. Closing balance £38,672.61.",,38672.61,,,"Flat 03O, Hollie mountains, Francescabury, N5F 6ST",julia61@example.net,CUST00040,Dr Glen Campbell,01214960724,,,STMT00390,eStatement,,,,,,,,patrick.devereux@securebankplc.com,RM015,Patrick Devereux,s3://banking-docs-poc-qahftr/estatements/2024/06/STMT00390.pdf,86-50-66,2024-06-02
52553419,Savings,BR005,Leeds,,"Monthly Savings account statement. Closing balance £47,720.96.",,47720.96,,,"Flat 03, Sara lights, Paulinetown, PA3 9FT",jayne53@example.com,CUST00005,Maria Williams-Brown,(0191) 4960489,,,STMT00391,eStatement,,,,,,,,patrick.devereux@securebankplc.com,RM015,Patrick Devereux,s3://banking-docs-poc-qahftr/estatements/2024/12/STMT00391.pdf,78-41-30,2024-12-12
14586850,Current,BR006,Bristol,,"Monthly Current account statement. Closing balance £34,425.30.",,34425.3,,,"89 Edwards creek, Daviestown, B2 2NA",robertsrosemary@example.net,CUST00032,Tracy Wilkinson-Davison,+44(0)1632 960235,,,STMT00392,eStatement,,,,,,,,carlos.mendez@securebankplc.com,RM009,Carlos Mendez,s3://banking-docs-poc-qahftr/estatements/2024/12/STMT00392.pdf,43-32-84,2024-12-15
09788208,Current,BR006,Bristol,,"Monthly Current account statement. Closing balance £25,073.79.",,25073.79,,,"46 George walks, Port Peter, NG03 2JW",robertgrant@example.org,CUST00021,Elliot Williams,0141 496 0539,,,STMT00393,eStatement,,,,,,,,sophie.chen@securebankplc.com,RM002,Sophie Chen,s3://banking-docs-poc-qahftr/estatements/2025/11/STMT00393.pdf,33-18-86,2025-11-12
27849808,Business Current,BR006,Bristol,,"Monthly Business Current account statement. Closing balance £21,572.49.",,21572.49,,,"Flat 3, Chan viaduct, Royport, L35 1EQ",clairewilson@example.org,CUST00025,Bryan Brown,0808 1570256,,,STMT00394,eStatement,,,,,,,,aisha.patel@securebankplc.com,RM010,Aisha Patel,s3://banking-docs-poc-qahftr/estatements/2025/03/STMT00394.pdf,94-23-27,2025-03-10
18244935,Savings,BR005,Leeds,,"Monthly Savings account statement. Closing balance £25,055.91.",,25055.91,,,"Studio 91, Grace ports, New Brettbury, M3 7WT",nwood@example.org,CUST00026,Linda Mason-Thornton,(0115) 4960463,,,STMT00395,eStatement,,,,,,,,emily.watson@securebankplc.com,RM004,Emily Watson,s3://banking-docs-poc-qahftr/estatements/2024/10/STMT00395.pdf,97-91-43,2024-10-26
19655698,Current,BR005,Leeds,,"Monthly Current account statement. Closing balance £21,174.57.",,21174.57,,,"8 Johnson squares, Port Katherine, G88 1RX",mohamedberry@example.org,CUST00033,Lee Middleton,(0909) 879 0898,,,STMT00396,eStatement,,,,,,,,sophie.chen@securebankplc.com,RM002,Sophie Chen,s3://banking-docs-poc-qahftr/estatements/2024/09/STMT00396.pdf,59-83-34,2024-09-14
27849808,Business Current,BR006,Bristol,,"Monthly Business Current account statement. Closing balance £10,585.21.",,10585.21,,,"Flat 3, Chan viaduct, Royport, L35 1EQ",clairewilson@example.org,CUST00025,Bryan Brown,0808 1570256,,,STMT00397,eStatement,,,,,,,,aisha.patel@securebankplc.com,RM010,Aisha Patel,s3://banking-docs-poc-qahftr/estatements/2024/09/STMT00397.pdf,94-23-27,2024-09-15
31665876,Current,BR007,Cardiff,,"Monthly Current account statement. Closing balance £40,419.37.",,40419.37,,,"03 French walks, East Janice, E05 3RJ",tross@example.net,CUST00043,Miss Kimberley Robinson,(0191) 496 0369,,,STMT00398,eStatement,,,,,,,,david.okafor@securebankplc.com,RM005,David Okafor,s3://banking-docs-poc-qahftr/estatements/2024/11/STMT00398.pdf,36-63-59,2024-11-02
34332003,Premier,BR006,Bristol,,"Monthly Premier account statement. Closing balance £3,052.25.",,3052.25,,,"0 Kate locks, Juneside, S2A 7TS",lawrencemiles@example.net,CUST00038,Frederick Pearson-Webster,(0116)4960522,,,STMT00399,eStatement,,,,,,,,mohammed.al-rashid@securebankplc.com,RM003,Mohammed Al-Rashid,s3://banking-docs-poc-qahftr/estatements/2026/02/STMT00399.pdf,88-19-68,2026-02-06
54549480,ISA,BR008,Glasgow,,"Monthly ISA account statement. Closing balance £27,636.49.",,27636.49,,,"Flat 88, Adam mountains, Lake Clifford, E2E 5YP",littlewilliam@example.org,CUST00054,Jill Norton,01134960860,,,STMT00400,eStatement,,,,,,,,thomas.müller@securebankplc.com,RM007,Thomas Müller,s3://banking-docs-poc-qahftr/estatements/2026/02/STMT00400.pdf,34-20-40,2026-02-05
09788208,Current,BR006,Bristol,Referred to Ombudsman,"ATM Withdrawal Error dispute of £1,983.96. Status: Referred to Ombudsman. Resolution: Partial refund issued.",2025-11-18,,,,"46 George walks, Port Peter, NG03 2JW",robertgrant@example.org,CUST00021,Elliot Williams,0141 496 0539,1983.96,ATM Withdrawal Error,DSP00001,Dispute,2025-10-13,,,,,,Partial refund issued,sophie.chen@securebankplc.com,RM002,Sophie Chen,s3://banking-docs-poc-qahftr/disputes/2025/10/DSP00001.pdf,33-18-86,
52553419,Savings,BR005,Leeds,Closed-Won,"Card Not Present Fraud dispute of £4,582.48. Status: Closed-Won. Resolution: Escalated to Ombudsman.",2024-10-28,,,,"Flat 03, Sara lights, Paulinetown, PA3 9FT",jayne53@example.com,CUST00005,Maria Williams-Brown,(0191) 4960489,4582.48,Card Not Present Fraud,DSP00002,Dispute,2024-09-11,,,,,,Escalated to Ombudsman,patrick.devereux@securebankplc.com,RM015,Patrick Devereux,s3://banking-docs-poc-qahftr/disputes/2024/09/DSP00002.pdf,78-41-30,
84271094,Premier,BR001,London City,Referred to Ombudsman,"Merchant Dispute dispute of £7,998.74. Status: Referred to Ombudsman. Resolution: Partial refund issued.",2025-09-08,,,,"8 Gemma rapid, Charlesland, DD1A 0SJ",gary02@example.org,CUST00059,Ross Bailey,+441174960914,7998.74,Merchant Dispute,DSP00003,Dispute,2025-07-16,,,,,,Partial refund issued,sophie.chen@securebankplc.com,RM002,Sophie Chen,s3://banking-docs-poc-qahftr/disputes/2025/07/DSP00003.pdf,71-66-53,
73375433,Current,BR007,Cardiff,Closed-Won,"ATM Withdrawal Error dispute of £7,151.82. Status: Closed-Won. Resolution: Resolved in customer favour.",2025-01-11,,,,"Studio 2, Leah loop, Johnsonport, G7T 2YS",brenda28@example.com,CUST00031,Kathryn Shah,+44(0)117 496 0843,7151.82,ATM Withdrawal Error,DSP00004,Dispute,2024-10-23,,,,,,Resolved in customer favour,sophie.chen@securebankplc.com,RM002,Sophie Chen,s3://banking-docs-poc-qahftr/disputes/2024/10/DSP00004.pdf,94-34-61,
83777014,Savings,BR007,Cardiff,Withdrawn,"ATM Withdrawal Error dispute of £2,210.00. Status: Withdrawn. Resolution: Resolved in customer favour.",2025-12-15,,,,"Flat 40w, Davies tunnel, Lake Edwardshire, SM29 6NX",melissa67@example.net,CUST00055,Trevor Mills,01314960541,2210.0,ATM Withdrawal Error,DSP00005,Dispute,2025-09-27,,,,,,Resolved in customer favour,amelia.singh@securebankplc.com,RM016,Amelia Singh,s3://banking-docs-poc-qahftr/disputes/2025/09/DSP00005.pdf,61-98-41,
31351823,Savings,BR005,Leeds,Closed-Won,Card Not Present Fraud dispute of £867.33. Status: Closed-Won. Resolution: No further action.,2025-08-19,,,,"81 Wilson club, Douglasmouth, IV2B 6PW",zcollins@example.com,CUST00057,Mathew Little,+44(0)8081570161,867.33,Card Not Present Fraud,DSP00006,Dispute,2025-07-01,,,,,,No further action,carlos.mendez@securebankplc.com,RM009,Carlos Mendez,s3://banking-docs-poc-qahftr/disputes/2025/07/DSP00006.pdf,71-45-85,
66319314,ISA,BR005,Leeds,Withdrawn,"Duplicate Charge dispute of £3,964.89. Status: Withdrawn. Resolution: Resolved in customer favour.",2025-05-24,,,,"893 Jones crest, East Diane, E3A 9GY",brownwendy@example.com,CUST00050,Adrian Davey,+44(0)808 1570942,3964.89,Duplicate Charge,DSP00007,Dispute,2025-04-20,,,,,,Resolved in customer favour,george.whitfield@securebankplc.com,RM019,George Whitfield,s3://banking-docs-poc-qahftr/disputes/2025/04/DSP00007.pdf,25-82-15,
65185067,Current,BR006,Bristol,Closed-Lost,"Currency Conversion Dispute dispute of £7,645.23. Status: Closed-Lost. Resolution: Resolved in customer favour.",2025-03-24,,,,"Flat 29J, Price ramp, South Sam, W3 9GT",chloe20@example.org,CUST00051,Rachael Farmer,+44909 8790358,7645.23,Currency Conversion Dispute,DSP00008,Dispute,2025-02-21,,,,,,Resolved in customer favour,fatima.hassan@securebankplc.com,RM018,Fatima Hassan,s3://banking-docs-poc-qahftr/disputes/2025/02/DSP00008.pdf,65-56-91,
09788208,Current,BR006,Bristol,Referred to Ombudsman,Currency Conversion Dispute dispute of £204.85. Status: Referred to Ombudsman. Resolution: Escalated to Ombudsman.,2025-06-14,,,,"46 George walks, Port Peter, NG03 2JW",robertgrant@example.org,CUST00021,Elliot Williams,0141 496 0539,204.85,Currency Conversion Dispute,DSP00009,Dispute,2025-05-25,,,,,,Escalated to Ombudsman,sophie.chen@securebankplc.com,RM002,Sophie Chen,s3://banking-docs-poc-qahftr/disputes/2025/05/DSP00009.pdf,33-18-86,
08317278,ISA,BR009,Liverpool,Withdrawn,"Merchant Dispute dispute of £2,317.94. Status: Withdrawn. Resolution: Resolved in customer favour.",2025-03-14,,,,"Flat 03O, Hollie mountains, Francescabury, N5F 6ST",julia61@example.net,CUST00040,Dr Glen Campbell,01214960724,2317.94,Merchant Dispute,DSP00010,Dispute,2025-01-29,,,,,,Resolved in customer favour,patrick.devereux@securebankplc.com,RM015,Patrick Devereux,s3://banking-docs-poc-qahftr/disputes/2025/01/DSP00010.pdf,86-50-66,
95931034,Current,BR009,Liverpool,Closed-Won,"Currency Conversion Dispute dispute of £3,154.14. Status: Closed-Won. Resolution: Resolved in bank favour.",2025-02-25,,,,"Studio 8, James island, Junemouth, WS53 0LG",natasha17@example.net,CUST00004,Angela Jackson,(0118)4960554,3154.14,Currency Conversion Dispute,DSP00011,Dispute,2025-02-15,,,,,,Resolved in bank favour,aisha.patel@securebankplc.com,RM010,Aisha Patel,s3://banking-docs-poc-qahftr/disputes/2025/02/DSP00011.pdf,39-22-58,
66319314,ISA,BR005,Leeds,Closed-Won,"Wire Transfer Error dispute of £2,668.72. Status: Closed-Won. Resolution: Escalated to Ombudsman.",2024-09-25,,,,"893 Jones crest, East Diane, E3A 9GY",brownwendy@example.com,CUST00050,Adrian Davey,+44(0)808 1570942,2668.72,Wire Transfer Error,DSP00012,Dispute,2024-09-15,,,,,,Escalated to Ombudsman,george.whitfield@securebankplc.com,RM019,George Whitfield,s3://banking-docs-poc-qahftr/disputes/2024/09/DSP00012.pdf,25-82-15,
36763201,Premier,BR007,Cardiff,Closed-Lost,"Wire Transfer Error dispute of £4,463.98. Status: Closed-Lost. Resolution: Resolved in bank favour.",2025-10-17,,,,"7 Wood trail, Guymouth, G4 3UA",barry51@example.com,CUST00039,Terence Smith,+441414960870,4463.98,Wire Transfer Error,DSP00013,Dispute,2025-09-22,,,,,,Resolved in bank favour,george.whitfield@securebankplc.com,RM019,George Whitfield,s3://banking-docs-poc-qahftr/disputes/2025/09/DSP00013.pdf,38-32-99,
94680443,Premier,BR003,Birmingham,Withdrawn,"Card Not Present Fraud dispute of £1,324.81. Status: Withdrawn. Resolution: No further action.",2025-11-10,,,,"Flat 18v, Harrison dam, Lake Terence, WC55 5TN",jwright@example.org,CUST00036,Jane Smith-Winter,01632 960 933,1324.81,Card Not Present Fraud,DSP00014,Dispute,2025-10-10,,,,,,No further action,isabella.rossi@securebankplc.com,RM020,Isabella Rossi,s3://banking-docs-poc-qahftr/disputes/2025/10/DSP00014.pdf,84-87-93,
67010651,Savings,BR006,Bristol,Referred to Ombudsman,"ATM Withdrawal Error dispute of £7,619.18. Status: Referred to Ombudsman. Resolution: Resolved in customer favour.",2026-02-26,,,,"Studio 8, O'Neill common, Bradleytown, N89 1ER",kwilkinson@example.com,CUST00017,Callum Pritchard-Fletcher,(0191) 496 0585,7619.18,ATM Withdrawal Error,DSP00015,Dispute,2026-01-05,,,,,,Resolved in customer favour,zoe.nakamura@securebankplc.com,RM014,Zoe Nakamura,s3://banking-docs-poc-qahftr/disputes/2026/01/DSP00015.pdf,34-34-78,
83777014,Savings,BR007,Cardiff,Referred to Ombudsman,"Duplicate Charge dispute of £6,909.56. Status: Referred to Ombudsman. Resolution: No further action.",2026-04-27,,,,"Flat 40w, Davies tunnel, Lake Edwardshire, SM29 6NX",melissa67@example.net,CUST00055,Trevor Mills,01314960541,6909.56,Duplicate Charge,DSP00016,Dispute,2026-03-01,,,,,,No further action,amelia.singh@securebankplc.com,RM016,Amelia Singh,s3://banking-docs-poc-qahftr/disputes/2026/03/DSP00016.pdf,61-98-41,
31351823,Savings,BR005,Leeds,Withdrawn,"Currency Conversion Dispute dispute of £6,233.84. Status: Withdrawn. Resolution: Withdrawn by customer.",2025-05-28,,,,"81 Wilson club, Douglasmouth, IV2B 6PW",zcollins@example.com,CUST00057,Mathew Little,+44(0)8081570161,6233.84,Currency Conversion Dispute,DSP00017,Dispute,2025-04-07,,,,,,Withdrawn by customer,carlos.mendez@securebankplc.com,RM009,Carlos Mendez,s3://banking-docs-poc-qahftr/disputes/2025/04/DSP00017.pdf,71-45-85,
22602563,Business Current,BR003,Birmingham,Closed-Lost,"Currency Conversion Dispute dispute of £7,734.99. Status: Closed-Lost. Resolution: No further action.",2025-12-19,,,,"5 Colin tunnel, Hazelshire, BS92 9UW",dylanreid@example.com,CUST00030,Mohamed Ahmed,(0121) 4960087,7734.99,Currency Conversion Dispute,DSP00018,Dispute,2025-12-07,,,,,,No further action,rachel.o'brien@securebankplc.com,RM008,Rachel O'Brien,s3://banking-docs-poc-qahftr/disputes/2025/12/DSP00018.pdf,30-99-23,
24896383,Business Current,BR008,Glasgow,Closed-Lost,"Direct Debit Dispute dispute of £5,511.30. Status: Closed-Lost. Resolution: Resolved in customer favour.",2026-03-25,,,,"2 Carter lane, Allenland, FY2M 9AU",dorothymurray@example.org,CUST00013,Ms Dorothy Burns,+44141 496 0933,5511.3,Direct Debit Dispute,DSP00019,Dispute,2026-01-04,,,,,,Resolved in customer favour,fatima.hassan@securebankplc.com,RM018,Fatima Hassan,s3://banking-docs-poc-qahftr/disputes/2026/01/DSP00019.pdf,61-95-93,
68011280,Business Current,BR008,Glasgow,Referred to Ombudsman,"Merchant Dispute dispute of £4,753.92. Status: Referred to Ombudsman. Resolution: No further action.",2025-10-31,,,,"9 Graeme throughway, Jonesmouth, TS6 3LX",terence80@example.org,CUST00028,Dominic Harvey,+441632 960888,4753.92,Merchant Dispute,DSP00020,Dispute,2025-10-02,,,,,,No further action,fatima.hassan@securebankplc.com,RM018,Fatima Hassan,s3://banking-docs-poc-qahftr/disputes/2025/10/DSP00020.pdf,84-80-28,
96001338,ISA,BR009,Liverpool,Closed-Won,"Currency Conversion Dispute dispute of £2,474.75. Status: Closed-Won. Resolution: No further action.",2026-03-27,,,,"9 Bird courts, Lake Lesley, E9U 5AD",ellie28@example.net,CUST00001,Eileen Evans,+44(0)1632 960 112,2474.75,Currency Conversion Dispute,DSP00021,Dispute,2026-02-22,,,,,,No further action,mohammed.al-rashid@securebankplc.com,RM003,Mohammed Al-Rashid,s3://banking-docs-poc-qahftr/disputes/2026/02/DSP00021.pdf,13-81-35,
67010651,Savings,BR006,Bristol,Closed-Lost,"Direct Debit Dispute dispute of £3,217.14. Status: Closed-Lost. Resolution: Resolved in customer favour.",2024-07-26,,,,"Studio 8, O'Neill common, Bradleytown, N89 1ER",kwilkinson@example.com,CUST00017,Callum Pritchard-Fletcher,(0191) 496 0585,3217.14,Direct Debit Dispute,DSP00022,Dispute,2024-07-14,,,,,,Resolved in customer favour,zoe.nakamura@securebankplc.com,RM014,Zoe Nakamura,s3://banking-docs-poc-qahftr/disputes/2024/07/DSP00022.pdf,34-34-78,
65328710,Current,BR007,Cardiff,Closed-Won,"Wire Transfer Error dispute of £5,804.02. Status: Closed-Won. Resolution: Escalated to Ombudsman.",2025-02-10,,,,"Flat 35, Schofield ramp, Roseside, M75 9FB",juliefield@example.org,CUST00008,Derek Clarke,+44909 8790520,5804.02,Wire Transfer Error,DSP00023,Dispute,2024-12-04,,,,,,Escalated to Ombudsman,george.whitfield@securebankplc.com,RM019,George Whitfield,s3://banking-docs-poc-qahftr/disputes/2024/12/DSP00023.pdf,29-90-30,
51462704,ISA,BR009,Liverpool,Closed-Won,Currency Conversion Dispute dispute of £957.03. Status: Closed-Won. Resolution: Escalated to Ombudsman.,2025-10-10,,,,"912 Davis landing, Annetown, IM38 7QB",charlene31@example.net,CUST00010,Wayne Wood,(0131) 4960642,957.03,Currency Conversion Dispute,DSP00024,Dispute,2025-09-16,,,,,,Escalated to Ombudsman,carlos.mendez@securebankplc.com,RM009,Carlos Mendez,s3://banking-docs-poc-qahftr/disputes/2025/09/DSP00024.pdf,32-74-23,
99016272,Current,BR001,London City,Closed-Won,"Currency Conversion Dispute dispute of £3,666.18. Status: Closed-Won. Resolution: Resolved in customer favour.",2025-10-20,,,,"Flat 46k, Campbell junction, Port Rosemarychester, DE87 6LD",kathleenjones@example.org,CUST00046,Nathan Sanderson,(0808)1570938,3666.18,Currency Conversion Dispute,DSP00025,Dispute,2025-09-04,,,,,,Resolved in customer favour,liam.fitzgerald@securebankplc.com,RM013,Liam Fitzgerald,s3://banking-docs-poc-qahftr/disputes/2025/09/DSP00025.pdf,43-58-51,
57885685,Business Current,BR005,Leeds,Closed-Lost,"Currency Conversion Dispute dispute of £1,353.77. Status: Closed-Lost. Resolution: Resolved in customer favour.",2025-06-01,,,,"Flat 84, Hughes green, Lake Matthew, W7D 3DG",uford@example.com,CUST00056,Marcus Walker,+44(0)29 2018730,1353.77,Currency Conversion Dispute,DSP00026,Dispute,2025-03-11,,,,,,Resolved in customer favour,george.whitfield@securebankplc.com,RM019,George Whitfield,s3://banking-docs-poc-qahftr/disputes/2025/03/DSP00026.pdf,99-68-44,
32677360,Savings,BR001,London City,Closed-Won,"Currency Conversion Dispute dispute of £7,723.63. Status: Closed-Won. Resolution: Escalated to Ombudsman.",2025-02-09,,,,"60 Mitchell expressway, Martinberg, B5 8WU",thomasking@example.org,CUST00019,Sharon Price,0191 498 0065,7723.63,Currency Conversion Dispute,DSP00027,Dispute,2024-12-14,,,,,,Escalated to Ombudsman,mohammed.al-rashid@securebankplc.com,RM003,Mohammed Al-Rashid,s3://banking-docs-poc-qahftr/disputes/2024/12/DSP00027.pdf,58-10-59,
16697848,Current,BR007,Cardiff,Referred to Ombudsman,"Unauthorised Transaction dispute of £1,239.73. Status: Referred to Ombudsman. Resolution: Partial refund issued.",2024-12-19,,,,"Studio 67, Lee rue, McDonaldmouth, DT3X 5GB",brenda41@example.com,CUST00009,Dr Sharon Jones,(0909) 8790528,1239.73,Unauthorised Transaction,DSP00028,Dispute,2024-10-31,,,,,,Partial refund issued,isabella.rossi@securebankplc.com,RM020,Isabella Rossi,s3://banking-docs-poc-qahftr/disputes/2024/10/DSP00028.pdf,97-24-97,
52553419,Savings,BR005,Leeds,Closed-Lost,"Merchant Dispute dispute of £2,721.45. Status: Closed-Lost. Resolution: Escalated to Ombudsman.",2025-08-05,,,,"Flat 03, Sara lights, Paulinetown, PA3 9FT",jayne53@example.com,CUST00005,Maria Williams-Brown,(0191) 4960489,2721.45,Merchant Dispute,DSP00029,Dispute,2025-06-22,,,,,,Escalated to Ombudsman,patrick.devereux@securebankplc.com,RM015,Patrick Devereux,s3://banking-docs-poc-qahftr/disputes/2025/06/DSP00029.pdf,78-41-30,
31351823,Savings,BR005,Leeds,Closed-Lost,"Direct Debit Dispute dispute of £3,569.23. Status: Closed-Lost. Resolution: Escalated to Ombudsman.",2025-10-30,,,,"81 Wilson club, Douglasmouth, IV2B 6PW",zcollins@example.com,CUST00057,Mathew Little,+44(0)8081570161,3569.23,Direct Debit Dispute,DSP00030,Dispute,2025-09-19,,,,,,Escalated to Ombudsman,carlos.mendez@securebankplc.com,RM009,Carlos Mendez,s3://banking-docs-poc-qahftr/disputes/2025/09/DSP00030.pdf,71-45-85,
22602563,Business Current,BR003,Birmingham,Closed-Lost,"Unauthorised Transaction dispute of £5,803.81. Status: Closed-Lost. Resolution: Withdrawn by customer.",2025-12-18,,,,"5 Colin tunnel, Hazelshire, BS92 9UW",dylanreid@example.com,CUST00030,Mohamed Ahmed,(0121) 4960087,5803.81,Unauthorised Transaction,DSP00031,Dispute,2025-10-19,,,,,,Withdrawn by customer,rachel.o'brien@securebankplc.com,RM008,Rachel O'Brien,s3://banking-docs-poc-qahftr/disputes/2025/10/DSP00031.pdf,30-99-23,
18244935,Savings,BR005,Leeds,Withdrawn,Direct Debit Dispute dispute of £298.27. Status: Withdrawn. Resolution: Escalated to Ombudsman.,2024-09-28,,,,"Studio 91, Grace ports, New Brettbury, M3 7WT",nwood@example.org,CUST00026,Linda Mason-Thornton,(0115) 4960463,298.27,Direct Debit Dispute,DSP00032,Dispute,2024-08-31,,,,,,Escalated to Ombudsman,emily.watson@securebankplc.com,RM004,Emily Watson,s3://banking-docs-poc-qahftr/disputes/2024/08/DSP00032.pdf,97-91-43,
29973763,Current,BR004,Edinburgh,Closed-Won,"Currency Conversion Dispute dispute of £1,940.17. Status: Closed-Won. Resolution: Resolved in bank favour.",2025-02-22,,,,"609 Price crescent, North Joanneside, HP84 0EX",antonyjones@example.com,CUST00016,Leah Kay,+44(0)118 496 0897,1940.17,Currency Conversion Dispute,DSP00033,Dispute,2025-01-31,,,,,,Resolved in bank favour,fatima.hassan@securebankplc.com,RM018,Fatima Hassan,s3://banking-docs-poc-qahftr/disputes/2025/01/DSP00033.pdf,22-94-65,
66319314,ISA,BR005,Leeds,Referred to Ombudsman,"Wire Transfer Error dispute of £3,743.17. Status: Referred to Ombudsman. Resolution: Partial refund issued.",2024-09-02,,,,"893 Jones crest, East Diane, E3A 9GY",brownwendy@example.com,CUST00050,Adrian Davey,+44(0)808 1570942,3743.17,Wire Transfer Error,DSP00034,Dispute,2024-07-08,,,,,,Partial refund issued,george.whitfield@securebankplc.com,RM019,George Whitfield,s3://banking-docs-poc-qahftr/disputes/2024/07/DSP00034.pdf,25-82-15,
71434558,Current,BR004,Edinburgh,Withdrawn,"Duplicate Charge dispute of £6,260.29. Status: Withdrawn. Resolution: Partial refund issued.",2024-06-13,,,,"Studio 39, Justin center, Lynnland, IP6X 6GJ",gbell@example.net,CUST00042,Dylan White,(0116)4960817,6260.29,Duplicate Charge,DSP00035,Dispute,2024-05-17,,,,,,Partial refund issued,carlos.mendez@securebankplc.com,RM009,Carlos Mendez,s3://banking-docs-poc-qahftr/disputes/2024/05/DSP00035.pdf,27-29-39,
68727743,Business Current,BR010,Sheffield,Closed-Won,"Wire Transfer Error dispute of £8,312.06. Status: Closed-Won. Resolution: Resolved in bank favour.",2026-04-20,,,,"6 Lydia branch, Hayleyborough, S5 9ZS",andreadavies@example.com,CUST00041,Jade Elliott-Adams,+44(0)113 4960408,8312.06,Wire Transfer Error,DSP00036,Dispute,2026-03-11,,,,,,Resolved in bank favour,robert.blackwood@securebankplc.com,RM017,Robert Blackwood,s3://banking-docs-poc-qahftr/disputes/2026/03/DSP00036.pdf,76-72-90,
10310518,Savings,BR004,Edinburgh,Referred to Ombudsman,"Merchant Dispute dispute of £3,974.75. Status: Referred to Ombudsman. Resolution: Resolved in customer favour.",2025-01-28,,,,"18 Kenneth turnpike, New Louise, G47 7JP",xmacdonald@example.net,CUST00015,Wayne Atkinson,+44(0)1632960597,3974.75,Merchant Dispute,DSP00037,Dispute,2024-10-30,,,,,,Resolved in customer favour,james.hargreaves@securebankplc.com,RM001,James Hargreaves,s3://banking-docs-poc-qahftr/disputes/2024/10/DSP00037.pdf,45-95-72,
94680443,Premier,BR003,Birmingham,Closed-Lost,"Unauthorised Transaction dispute of £8,106.28. Status: Closed-Lost. Resolution: Resolved in bank favour.",2024-09-21,,,,"Flat 18v, Harrison dam, Lake Terence, WC55 5TN",jwright@example.org,CUST00036,Jane Smith-Winter,01632 960 933,8106.28,Unauthorised Transaction,DSP00038,Dispute,2024-07-21,,,,,,Resolved in bank favour,isabella.rossi@securebankplc.com,RM020,Isabella Rossi,s3://banking-docs-poc-qahftr/disputes/2024/07/DSP00038.pdf,84-87-93,
65328710,Current,BR007,Cardiff,Referred to Ombudsman,"Currency Conversion Dispute dispute of £7,289.55. Status: Referred to Ombudsman. Resolution: Withdrawn by customer.",2025-03-25,,,,"Flat 35, Schofield ramp, Roseside, M75 9FB",juliefield@example.org,CUST00008,Derek Clarke,+44909 8790520,7289.55,Currency Conversion Dispute,DSP00039,Dispute,2024-12-27,,,,,,Withdrawn by customer,george.whitfield@securebankplc.com,RM019,George Whitfield,s3://banking-docs-poc-qahftr/disputes/2024/12/DSP00039.pdf,29-90-30,
32677360,Savings,BR001,London City,Withdrawn,"Direct Debit Dispute dispute of £1,151.09. Status: Withdrawn. Resolution: Partial refund issued.",2025-06-01,,,,"60 Mitchell expressway, Martinberg, B5 8WU",thomasking@example.org,CUST00019,Sharon Price,0191 498 0065,1151.09,Direct Debit Dispute,DSP00040,Dispute,2025-05-13,,,,,,Partial refund issued,mohammed.al-rashid@securebankplc.com,RM003,Mohammed Al-Rashid,s3://banking-docs-poc-qahftr/disputes/2025/05/DSP00040.pdf,58-10-59,
37940265,Business Current,BR009,Liverpool,Closed-Won,"Direct Debit Dispute dispute of £5,664.24. Status: Closed-Won. Resolution: Resolved in customer favour.",2025-10-14,,,,"04 Howard land, Port Leeview, N5C 3RF",rachelkelly@example.org,CUST00002,Nigel Rose,+44151 4960869,5664.24,Direct Debit Dispute,DSP00041,Dispute,2025-08-07,,,,,,Resolved in customer favour,zoe.nakamura@securebankplc.com,RM014,Zoe Nakamura,s3://banking-docs-poc-qahftr/disputes/2025/08/DSP00041.pdf,29-37-53,
93252880,ISA,BR005,Leeds,Withdrawn,"Unauthorised Transaction dispute of £4,786.86. Status: Withdrawn. Resolution: Escalated to Ombudsman.",2026-04-23,,,,"5 Gough mountain, South Katherine, B6D 7NW",morgankimberley@example.net,CUST00011,Anthony Potter-Barber,+44(0)118 4960018,4786.86,Unauthorised Transaction,DSP00042,Dispute,2026-02-09,,,,,,Escalated to Ombudsman,robert.blackwood@securebankplc.com,RM017,Robert Blackwood,s3://banking-docs-poc-qahftr/disputes/2026/02/DSP00042.pdf,51-72-12,
62473178,Current,BR008,Glasgow,Closed-Won,"ATM Withdrawal Error dispute of £6,570.29. Status: Closed-Won. Resolution: No further action.",2025-04-22,,,,"61 Maria ports, Lake Marilynburgh, SP3 4SG",duncanarmstrong@example.com,CUST00018,Lisa Lawrence,+44(0)1632 960 827,6570.29,ATM Withdrawal Error,DSP00043,Dispute,2025-03-05,,,,,,No further action,david.okafor@securebankplc.com,RM005,David Okafor,s3://banking-docs-poc-qahftr/disputes/2025/03/DSP00043.pdf,16-93-79,
34332003,Premier,BR006,Bristol,Referred to Ombudsman,"ATM Withdrawal Error dispute of £7,929.95. Status: Referred to Ombudsman. Resolution: Withdrawn by customer.",2026-01-07,,,,"0 Kate locks, Juneside, S2A 7TS",lawrencemiles@example.net,CUST00038,Frederick Pearson-Webster,(0116)4960522,7929.95,ATM Withdrawal Error,DSP00044,Dispute,2025-11-23,,,,,,Withdrawn by customer,mohammed.al-rashid@securebankplc.com,RM003,Mohammed Al-Rashid,s3://banking-docs-poc-qahftr/disputes/2025/11/DSP00044.pdf,88-19-68,
36763201,Premier,BR007,Cardiff,Referred to Ombudsman,"Duplicate Charge dispute of £2,679.68. Status: Referred to Ombudsman. Resolution: Resolved in customer favour.",2024-10-22,,,,"7 Wood trail, Guymouth, G4 3UA",barry51@example.com,CUST00039,Terence Smith,+441414960870,2679.68,Duplicate Charge,DSP00045,Dispute,2024-10-14,,,,,,Resolved in customer favour,george.whitfield@securebankplc.com,RM019,George Whitfield,s3://banking-docs-poc-qahftr/disputes/2024/10/DSP00045.pdf,38-32-99,
71434558,Current,BR004,Edinburgh,Withdrawn,Direct Debit Dispute dispute of £553.46. Status: Withdrawn. Resolution: Escalated to Ombudsman.,2024-12-06,,,,"Studio 39, Justin center, Lynnland, IP6X 6GJ",gbell@example.net,CUST00042,Dylan White,(0116)4960817,553.46,Direct Debit Dispute,DSP00046,Dispute,2024-11-20,,,,,,Escalated to Ombudsman,carlos.mendez@securebankplc.com,RM009,Carlos Mendez,s3://banking-docs-poc-qahftr/disputes/2024/11/DSP00046.pdf,27-29-39,
74529912,Business Current,BR010,Sheffield,Referred to Ombudsman,Direct Debit Dispute dispute of £660.72. Status: Referred to Ombudsman. Resolution: Resolved in bank favour.,2026-03-24,,,,"217 Natasha passage, Staceyberg, B2B 9DT",carterdeclan@example.org,CUST00049,Patricia Hopkins-Waters,+449098790877,660.72,Direct Debit Dispute,DSP00047,Dispute,2026-01-04,,,,,,Resolved in bank favour,thomas.müller@securebankplc.com,RM007,Thomas Müller,s3://banking-docs-poc-qahftr/disputes/2026/01/DSP00047.pdf,23-84-13,
31351823,Savings,BR005,Leeds,Withdrawn,"Direct Debit Dispute dispute of £1,867.62. Status: Withdrawn. Resolution: Escalated to Ombudsman.",2025-11-24,,,,"81 Wilson club, Douglasmouth, IV2B 6PW",zcollins@example.com,CUST00057,Mathew Little,+44(0)8081570161,1867.62,Direct Debit Dispute,DSP00048,Dispute,2025-10-28,,,,,,Escalated to Ombudsman,carlos.mendez@securebankplc.com,RM009,Carlos Mendez,s3://banking-docs-poc-qahftr/disputes/2025/10/DSP00048.pdf,71-45-85,
24896383,Business Current,BR008,Glasgow,Withdrawn,"Direct Debit Dispute dispute of £4,514.06. Status: Withdrawn. Resolution: No further action.",2025-02-17,,,,"2 Carter lane, Allenland, FY2M 9AU",dorothymurray@example.org,CUST00013,Ms Dorothy Burns,+44141 496 0933,4514.06,Direct Debit Dispute,DSP00049,Dispute,2025-02-10,,,,,,No further action,fatima.hassan@securebankplc.com,RM018,Fatima Hassan,s3://banking-docs-poc-qahftr/disputes/2025/02/DSP00049.pdf,61-95-93,
08317278,ISA,BR009,Liverpool,Referred to Ombudsman,ATM Withdrawal Error dispute of £969.75. Status: Referred to Ombudsman. Resolution: Escalated to Ombudsman.,2025-11-07,,,,"Flat 03O, Hollie mountains, Francescabury, N5F 6ST",julia61@example.net,CUST00040,Dr Glen Campbell,01214960724,969.75,ATM Withdrawal Error,DSP00050,Dispute,2025-09-29,,,,,,Escalated to Ombudsman,patrick.devereux@securebankplc.com,RM015,Patrick Devereux,s3://banking-docs-poc-qahftr/disputes/2025/09/DSP00050.pdf,86-50-66,
48350305,Premier,BR008,Glasgow,Withdrawn,Wire Transfer Error dispute of £672.49. Status: Withdrawn. Resolution: No further action.,2025-07-17,,,,"172 Cameron meadow, Wayneview, S56 4EY",littlefrances@example.com,CUST00006,Simon Evans,+44(0)1144960022,672.49,Wire Transfer Error,DSP00051,Dispute,2025-06-23,,,,,,No further action,liam.fitzgerald@securebankplc.com,RM013,Liam Fitzgerald,s3://banking-docs-poc-qahftr/disputes/2025/06/DSP00051.pdf,44-18-37,
84271094,Premier,BR001,London City,Withdrawn,"Duplicate Charge dispute of £1,301.91. Status: Withdrawn. Resolution: Resolved in bank favour.",2025-08-20,,,,"8 Gemma rapid, Charlesland, DD1A 0SJ",gary02@example.org,CUST00059,Ross Bailey,+441174960914,1301.91,Duplicate Charge,DSP00052,Dispute,2025-07-28,,,,,,Resolved in bank favour,sophie.chen@securebankplc.com,RM002,Sophie Chen,s3://banking-docs-poc-qahftr/disputes/2025/07/DSP00052.pdf,71-66-53,
96705466,ISA,BR010,Sheffield,Referred to Ombudsman,"Unauthorised Transaction dispute of £6,307.60. Status: Referred to Ombudsman. Resolution: Resolved in customer favour.",2025-04-15,,,,"40 Lucy bridge, Lindseymouth, G84 0TL",tread@example.com,CUST00044,Gemma Wheeler,+44(0)2074960205,6307.6,Unauthorised Transaction,DSP00053,Dispute,2025-02-04,,,,,,Resolved in customer favour,james.hargreaves@securebankplc.com,RM001,James Hargreaves,s3://banking-docs-poc-qahftr/disputes/2025/02/DSP00053.pdf,79-87-38,
37672423,ISA,BR010,Sheffield,Closed-Won,"ATM Withdrawal Error dispute of £4,962.64. Status: Closed-Won. Resolution: Resolved in customer favour.",2025-04-15,,,,"5 Chelsea street, Jessicashire, SN4 9XJ",elliott68@example.com,CUST00007,Sylvia Bolton,0131 496 0785,4962.64,ATM Withdrawal Error,DSP00054,Dispute,2025-02-13,,,,,,Resolved in customer favour,william.foster@securebankplc.com,RM011,William Foster,s3://banking-docs-poc-qahftr/disputes/2025/02/DSP00054.pdf,78-43-84,
94680443,Premier,BR003,Birmingham,Withdrawn,"Unauthorised Transaction dispute of £6,586.86. Status: Withdrawn. Resolution: Withdrawn by customer.",2026-01-27,,,,"Flat 18v, Harrison dam, Lake Terence, WC55 5TN",jwright@example.org,CUST00036,Jane Smith-Winter,01632 960 933,6586.86,Unauthorised Transaction,DSP00055,Dispute,2025-11-12,,,,,,Withdrawn by customer,isabella.rossi@securebankplc.com,RM020,Isabella Rossi,s3://banking-docs-poc-qahftr/disputes/2025/11/DSP00055.pdf,84-87-93,
67010651,Savings,BR006,Bristol,Referred to Ombudsman,"Card Not Present Fraud dispute of £4,716.25. Status: Referred to Ombudsman. Resolution: No further action.",2025-04-17,,,,"Studio 8, O'Neill common, Bradleytown, N89 1ER",kwilkinson@example.com,CUST00017,Callum Pritchard-Fletcher,(0191) 496 0585,4716.25,Card Not Present Fraud,DSP00056,Dispute,2025-01-20,,,,,,No further action,zoe.nakamura@securebankplc.com,RM014,Zoe Nakamura,s3://banking-docs-poc-qahftr/disputes/2025/01/DSP00056.pdf,34-34-78,
55646417,Current,BR004,Edinburgh,Closed-Lost,"Wire Transfer Error dispute of £4,389.97. Status: Closed-Lost. Resolution: Withdrawn by customer.",2024-11-18,,,,"Flat 16, Garry views, Hunterton, DL17 9AL",stanleyrebecca@example.com,CUST00047,Miss Abbie Hart,+441914960529,4389.97,Wire Transfer Error,DSP00057,Dispute,2024-09-12,,,,,,Withdrawn by customer,patrick.devereux@securebankplc.com,RM015,Patrick Devereux,s3://banking-docs-poc-qahftr/disputes/2024/09/DSP00057.pdf,79-16-54,
96001338,ISA,BR009,Liverpool,Closed-Won,"Direct Debit Dispute dispute of £4,387.07. Status: Closed-Won. Resolution: Withdrawn by customer.",2024-08-15,,,,"9 Bird courts, Lake Lesley, E9U 5AD",ellie28@example.net,CUST00001,Eileen Evans,+44(0)1632 960 112,4387.07,Direct Debit Dispute,DSP00058,Dispute,2024-05-27,,,,,,Withdrawn by customer,mohammed.al-rashid@securebankplc.com,RM003,Mohammed Al-Rashid,s3://banking-docs-poc-qahftr/disputes/2024/05/DSP00058.pdf,13-81-35,
96001338,ISA,BR009,Liverpool,Closed-Won,"Merchant Dispute dispute of £2,290.70. Status: Closed-Won. Resolution: Resolved in bank favour.",2025-05-14,,,,"9 Bird courts, Lake Lesley, E9U 5AD",ellie28@example.net,CUST00001,Eileen Evans,+44(0)1632 960 112,2290.7,Merchant Dispute,DSP00059,Dispute,2025-04-15,,,,,,Resolved in bank favour,mohammed.al-rashid@securebankplc.com,RM003,Mohammed Al-Rashid,s3://banking-docs-poc-qahftr/disputes/2025/04/DSP00059.pdf,13-81-35,
99016272,Current,BR001,London City,Withdrawn,"Unauthorised Transaction dispute of £4,708.31. Status: Withdrawn. Resolution: No further action.",2024-06-26,,,,"Flat 46k, Campbell junction, Port Rosemarychester, DE87 6LD",kathleenjones@example.org,CUST00046,Nathan Sanderson,(0808)1570938,4708.31,Unauthorised Transaction,DSP00060,Dispute,2024-06-07,,,,,,No further action,liam.fitzgerald@securebankplc.com,RM013,Liam Fitzgerald,s3://banking-docs-poc-qahftr/disputes/2024/06/DSP00060.pdf,43-58-51,
41343524,Current,BR009,Liverpool,Withdrawn,"Wire Transfer Error dispute of £8,338.27. Status: Withdrawn. Resolution: Partial refund issued.",2024-08-03,,,,"849 Hughes shore, Collinsland, UB6 1HT",matthewsfrances@example.org,CUST00058,Linda Hall,01632 960639,8338.27,Wire Transfer Error,DSP00061,Dispute,2024-07-01,,,,,,Partial refund issued,isabella.rossi@securebankplc.com,RM020,Isabella Rossi,s3://banking-docs-poc-qahftr/disputes/2024/07/DSP00061.pdf,78-26-45,
60883561,Business Current,BR005,Leeds,Closed-Won,"ATM Withdrawal Error dispute of £8,172.93. Status: Closed-Won. Resolution: Resolved in customer favour.",2025-09-02,,,,"03 Faulkner run, Lake Victorstad, HA9 2TL",hicksdawn@example.net,CUST00034,Brandon Middleton,(0131) 496 0052,8172.93,ATM Withdrawal Error,DSP00062,Dispute,2025-07-29,,,,,,Resolved in customer favour,sophie.chen@securebankplc.com,RM002,Sophie Chen,s3://banking-docs-poc-qahftr/disputes/2025/07/DSP00062.pdf,89-50-94,
40164005,Savings,BR009,Liverpool,Withdrawn,Wire Transfer Error dispute of £206.90. Status: Withdrawn. Resolution: No further action.,2025-08-02,,,,"080 Lewis route, Port Sara, G5G 7RZ",browneileen@example.net,CUST00027,Maria Forster,0909 879 0429,206.9,Wire Transfer Error,DSP00063,Dispute,2025-07-11,,,,,,No further action,amelia.singh@securebankplc.com,RM016,Amelia Singh,s3://banking-docs-poc-qahftr/disputes/2025/07/DSP00063.pdf,91-43-30,
93252880,ISA,BR005,Leeds,Referred to Ombudsman,"Currency Conversion Dispute dispute of £7,053.82. Status: Referred to Ombudsman. Resolution: Resolved in bank favour.",2025-04-13,,,,"5 Gough mountain, South Katherine, B6D 7NW",morgankimberley@example.net,CUST00011,Anthony Potter-Barber,+44(0)118 4960018,7053.82,Currency Conversion Dispute,DSP00064,Dispute,2025-03-06,,,,,,Resolved in bank favour,robert.blackwood@securebankplc.com,RM017,Robert Blackwood,s3://banking-docs-poc-qahftr/disputes/2025/03/DSP00064.pdf,51-72-12,
65328710,Current,BR007,Cardiff,Withdrawn,"Duplicate Charge dispute of £3,382.65. Status: Withdrawn. Resolution: Resolved in customer favour.",2024-11-06,,,,"Flat 35, Schofield ramp, Roseside, M75 9FB",juliefield@example.org,CUST00008,Derek Clarke,+44909 8790520,3382.65,Duplicate Charge,DSP00065,Dispute,2024-10-12,,,,,,Resolved in customer favour,george.whitfield@securebankplc.com,RM019,George Whitfield,s3://banking-docs-poc-qahftr/disputes/2024/10/DSP00065.pdf,29-90-30,
47379965,Current,BR004,Edinburgh,Withdrawn,"Direct Debit Dispute dispute of £5,097.98. Status: Withdrawn. Resolution: Escalated to Ombudsman.",2025-03-09,,,,"Studio 89, Harvey brook, Stevenshire, N8 9TX",judithnash@example.org,CUST00053,Scott Hussain,+441314960267,5097.98,Direct Debit Dispute,DSP00066,Dispute,2025-02-10,,,,,,Escalated to Ombudsman,mohammed.al-rashid@securebankplc.com,RM003,Mohammed Al-Rashid,s3://banking-docs-poc-qahftr/disputes/2025/02/DSP00066.pdf,73-51-33,
57885685,Business Current,BR005,Leeds,Closed-Lost,"Unauthorised Transaction dispute of £2,094.98. Status: Closed-Lost. Resolution: No further action.",2026-01-10,,,,"Flat 84, Hughes green, Lake Matthew, W7D 3DG",uford@example.com,CUST00056,Marcus Walker,+44(0)29 2018730,2094.98,Unauthorised Transaction,DSP00067,Dispute,2025-12-26,,,,,,No further action,george.whitfield@securebankplc.com,RM019,George Whitfield,s3://banking-docs-poc-qahftr/disputes/2025/12/DSP00067.pdf,99-68-44,
67010651,Savings,BR006,Bristol,Withdrawn,"Wire Transfer Error dispute of £8,233.88. Status: Withdrawn. Resolution: Escalated to Ombudsman.",2025-09-18,,,,"Studio 8, O'Neill common, Bradleytown, N89 1ER",kwilkinson@example.com,CUST00017,Callum Pritchard-Fletcher,(0191) 496 0585,8233.88,Wire Transfer Error,DSP00068,Dispute,2025-07-30,,,,,,Escalated to Ombudsman,zoe.nakamura@securebankplc.com,RM014,Zoe Nakamura,s3://banking-docs-poc-qahftr/disputes/2025/07/DSP00068.pdf,34-34-78,
41343524,Current,BR009,Liverpool,Referred to Ombudsman,"Wire Transfer Error dispute of £3,025.51. Status: Referred to Ombudsman. Resolution: No further action.",2024-11-21,,,,"849 Hughes shore, Collinsland, UB6 1HT",matthewsfrances@example.org,CUST00058,Linda Hall,01632 960639,3025.51,Wire Transfer Error,DSP00069,Dispute,2024-09-12,,,,,,No further action,isabella.rossi@securebankplc.com,RM020,Isabella Rossi,s3://banking-docs-poc-qahftr/disputes/2024/09/DSP00069.pdf,78-26-45,
87133150,ISA,BR006,Bristol,Withdrawn,"Direct Debit Dispute dispute of £7,222.61. Status: Withdrawn. Resolution: Resolved in bank favour.",2024-07-18,,,,"Flat 9, Linda ridges, North Bryan, M6D 0FR",dominic47@example.com,CUST00014,Jodie Pritchard-Baker,(020)74960896,7222.61,Direct Debit Dispute,DSP00070,Dispute,2024-06-05,,,,,,Resolved in bank favour,patrick.devereux@securebankplc.com,RM015,Patrick Devereux,s3://banking-docs-poc-qahftr/disputes/2024/06/DSP00070.pdf,80-39-85,
77387214,ISA,BR006,Bristol,Withdrawn,"Merchant Dispute dispute of £3,394.49. Status: Withdrawn. Resolution: Resolved in customer favour.",2025-08-11,,,,"Flat 81G, Singh loaf, Colehaven, PL0V 2FR",ashleigh56@example.com,CUST00037,Edward Jackson,0117 496 0960,3394.49,Merchant Dispute,DSP00071,Dispute,2025-06-22,,,,,,Resolved in customer favour,patrick.devereux@securebankplc.com,RM015,Patrick Devereux,s3://banking-docs-poc-qahftr/disputes/2025/06/DSP00071.pdf,94-91-89,
27849808,Business Current,BR006,Bristol,Withdrawn,"Duplicate Charge dispute of £6,755.72. Status: Withdrawn. Resolution: Resolved in bank favour.",2024-10-28,,,,"Flat 3, Chan viaduct, Royport, L35 1EQ",clairewilson@example.org,CUST00025,Bryan Brown,0808 1570256,6755.72,Duplicate Charge,DSP00072,Dispute,2024-10-07,,,,,,Resolved in bank favour,aisha.patel@securebankplc.com,RM010,Aisha Patel,s3://banking-docs-poc-qahftr/disputes/2024/10/DSP00072.pdf,94-23-27,
10310518,Savings,BR004,Edinburgh,Referred to Ombudsman,"ATM Withdrawal Error dispute of £8,442.49. Status: Referred to Ombudsman. Resolution: Escalated to Ombudsman.",2024-08-19,,,,"18 Kenneth turnpike, New Louise, G47 7JP",xmacdonald@example.net,CUST00015,Wayne Atkinson,+44(0)1632960597,8442.49,ATM Withdrawal Error,DSP00073,Dispute,2024-06-05,,,,,,Escalated to Ombudsman,james.hargreaves@securebankplc.com,RM001,James Hargreaves,s3://banking-docs-poc-qahftr/disputes/2024/06/DSP00073.pdf,45-95-72,
67010651,Savings,BR006,Bristol,Closed-Lost,Wire Transfer Error dispute of £857.29. Status: Closed-Lost. Resolution: No further action.,2024-09-18,,,,"Studio 8, O'Neill common, Bradleytown, N89 1ER",kwilkinson@example.com,CUST00017,Callum Pritchard-Fletcher,(0191) 496 0585,857.29,Wire Transfer Error,DSP00074,Dispute,2024-08-17,,,,,,No further action,zoe.nakamura@securebankplc.com,RM014,Zoe Nakamura,s3://banking-docs-poc-qahftr/disputes/2024/08/DSP00074.pdf,34-34-78,
77387214,ISA,BR006,Bristol,Withdrawn,"Currency Conversion Dispute dispute of £2,150.99. Status: Withdrawn. Resolution: Escalated to Ombudsman.",2025-08-02,,,,"Flat 81G, Singh loaf, Colehaven, PL0V 2FR",ashleigh56@example.com,CUST00037,Edward Jackson,0117 496 0960,2150.99,Currency Conversion Dispute,DSP00075,Dispute,2025-05-20,,,,,,Escalated to Ombudsman,patrick.devereux@securebankplc.com,RM015,Patrick Devereux,s3://banking-docs-poc-qahftr/disputes/2025/05/DSP00075.pdf,94-91-89,
19655698,Current,BR005,Leeds,Withdrawn,"Duplicate Charge dispute of £4,909.64. Status: Withdrawn. Resolution: Resolved in customer favour.",2024-07-09,,,,"8 Johnson squares, Port Katherine, G88 1RX",mohamedberry@example.org,CUST00033,Lee Middleton,(0909) 879 0898,4909.64,Duplicate Charge,DSP00076,Dispute,2024-05-26,,,,,,Resolved in customer favour,sophie.chen@securebankplc.com,RM002,Sophie Chen,s3://banking-docs-poc-qahftr/disputes/2024/05/DSP00076.pdf,59-83-34,
10310518,Savings,BR004,Edinburgh,Withdrawn,"Card Not Present Fraud dispute of £7,146.59. Status: Withdrawn. Resolution: Escalated to Ombudsman.",2025-08-19,,,,"18 Kenneth turnpike, New Louise, G47 7JP",xmacdonald@example.net,CUST00015,Wayne Atkinson,+44(0)1632960597,7146.59,Card Not Present Fraud,DSP00077,Dispute,2025-05-25,,,,,,Escalated to Ombudsman,james.hargreaves@securebankplc.com,RM001,James Hargreaves,s3://banking-docs-poc-qahftr/disputes/2025/05/DSP00077.pdf,45-95-72,
60883561,Business Current,BR005,Leeds,Closed-Won,ATM Withdrawal Error dispute of £148.71. Status: Closed-Won. Resolution: Escalated to Ombudsman.,2025-07-31,,,,"03 Faulkner run, Lake Victorstad, HA9 2TL",hicksdawn@example.net,CUST00034,Brandon Middleton,(0131) 496 0052,148.71,ATM Withdrawal Error,DSP00078,Dispute,2025-05-09,,,,,,Escalated to Ombudsman,sophie.chen@securebankplc.com,RM002,Sophie Chen,s3://banking-docs-poc-qahftr/disputes/2025/05/DSP00078.pdf,89-50-94,
27849808,Business Current,BR006,Bristol,Closed-Lost,"ATM Withdrawal Error dispute of £3,161.47. Status: Closed-Lost. Resolution: Escalated to Ombudsman.",2026-04-21,,,,"Flat 3, Chan viaduct, Royport, L35 1EQ",clairewilson@example.org,CUST00025,Bryan Brown,0808 1570256,3161.47,ATM Withdrawal Error,DSP00079,Dispute,2026-01-30,,,,,,Escalated to Ombudsman,aisha.patel@securebankplc.com,RM010,Aisha Patel,s3://banking-docs-poc-qahftr/disputes/2026/01/DSP00079.pdf,94-23-27,
51462704,ISA,BR009,Liverpool,Referred to Ombudsman,"ATM Withdrawal Error dispute of £1,197.50. Status: Referred to Ombudsman. Resolution: Withdrawn by customer.",2025-10-22,,,,"912 Davis landing, Annetown, IM38 7QB",charlene31@example.net,CUST00010,Wayne Wood,(0131) 4960642,1197.5,ATM Withdrawal Error,DSP00080,Dispute,2025-08-25,,,,,,Withdrawn by customer,carlos.mendez@securebankplc.com,RM009,Carlos Mendez,s3://banking-docs-poc-qahftr/disputes/2025/08/DSP00080.pdf,32-74-23,
48350305,Premier,BR008,Glasgow,Referred to Ombudsman,"Direct Debit Dispute dispute of £1,976.30. Status: Referred to Ombudsman. Resolution: Resolved in customer favour.",2024-12-14,,,,"172 Cameron meadow, Wayneview, S56 4EY",littlefrances@example.com,CUST00006,Simon Evans,+44(0)1144960022,1976.3,Direct Debit Dispute,DSP00081,Dispute,2024-11-07,,,,,,Resolved in customer favour,liam.fitzgerald@securebankplc.com,RM013,Liam Fitzgerald,s3://banking-docs-poc-qahftr/disputes/2024/11/DSP00081.pdf,44-18-37,
87133150,ISA,BR006,Bristol,Withdrawn,"Direct Debit Dispute dispute of £5,402.94. Status: Withdrawn. Resolution: Withdrawn by customer.",2026-04-05,,,,"Flat 9, Linda ridges, North Bryan, M6D 0FR",dominic47@example.com,CUST00014,Jodie Pritchard-Baker,(020)74960896,5402.94,Direct Debit Dispute,DSP00082,Dispute,2026-01-30,,,,,,Withdrawn by customer,patrick.devereux@securebankplc.com,RM015,Patrick Devereux,s3://banking-docs-poc-qahftr/disputes/2026/01/DSP00082.pdf,80-39-85,
00330923,Savings,BR004,Edinburgh,Closed-Lost,"ATM Withdrawal Error dispute of £7,601.26. Status: Closed-Lost. Resolution: Resolved in customer favour.",2024-06-22,,,,"Flat 69, Khan plaza, West Harriet, L1S 5NB",emily97@example.org,CUST00048,Francesca Lucas,(0141) 4960004,7601.26,ATM Withdrawal Error,DSP00083,Dispute,2024-06-15,,,,,,Resolved in customer favour,mohammed.al-rashid@securebankplc.com,RM003,Mohammed Al-Rashid,s3://banking-docs-poc-qahftr/disputes/2024/06/DSP00083.pdf,70-95-24,
22602563,Business Current,BR003,Birmingham,Closed-Won,"Unauthorised Transaction dispute of £3,585.80. Status: Closed-Won. Resolution: Partial refund issued.",2025-12-20,,,,"5 Colin tunnel, Hazelshire, BS92 9UW",dylanreid@example.com,CUST00030,Mohamed Ahmed,(0121) 4960087,3585.8,Unauthorised Transaction,DSP00084,Dispute,2025-10-04,,,,,,Partial refund issued,rachel.o'brien@securebankplc.com,RM008,Rachel O'Brien,s3://banking-docs-poc-qahftr/disputes/2025/10/DSP00084.pdf,30-99-23,
57885685,Business Current,BR005,Leeds,Closed-Lost,"Wire Transfer Error dispute of £5,621.38. Status: Closed-Lost. Resolution: Partial refund issued.",2024-08-17,,,,"Flat 84, Hughes green, Lake Matthew, W7D 3DG",uford@example.com,CUST00056,Marcus Walker,+44(0)29 2018730,5621.38,Wire Transfer Error,DSP00085,Dispute,2024-05-31,,,,,,Partial refund issued,george.whitfield@securebankplc.com,RM019,George Whitfield,s3://banking-docs-poc-qahftr/disputes/2024/05/DSP00085.pdf,99-68-44,
22602563,Business Current,BR003,Birmingham,Withdrawn,"Duplicate Charge dispute of £2,373.82. Status: Withdrawn. Resolution: Partial refund issued.",2025-03-24,,,,"5 Colin tunnel, Hazelshire, BS92 9UW",dylanreid@example.com,CUST00030,Mohamed Ahmed,(0121) 4960087,2373.82,Duplicate Charge,DSP00086,Dispute,2024-12-27,,,,,,Partial refund issued,rachel.o'brien@securebankplc.com,RM008,Rachel O'Brien,s3://banking-docs-poc-qahftr/disputes/2024/12/DSP00086.pdf,30-99-23,
29973763,Current,BR004,Edinburgh,Closed-Won,"Unauthorised Transaction dispute of £6,320.51. Status: Closed-Won. Resolution: Resolved in bank favour.",2026-03-08,,,,"609 Price crescent, North Joanneside, HP84 0EX",antonyjones@example.com,CUST00016,Leah Kay,+44(0)118 496 0897,6320.51,Unauthorised Transaction,DSP00087,Dispute,2026-02-08,,,,,,Resolved in bank favour,fatima.hassan@securebankplc.com,RM018,Fatima Hassan,s3://banking-docs-poc-qahftr/disputes/2026/02/DSP00087.pdf,22-94-65,
46706562,Premier,BR008,Glasgow,Referred to Ombudsman,"Wire Transfer Error dispute of £8,214.50. Status: Referred to Ombudsman. Resolution: No further action.",2024-12-03,,,,"02 Dorothy haven, Melanieland, E5 7RW",joanturner@example.net,CUST00045,Mrs Hayley Edwards,+44131 496 0418,8214.5,Wire Transfer Error,DSP00088,Dispute,2024-09-16,,,,,,No further action,rachel.o'brien@securebankplc.com,RM008,Rachel O'Brien,s3://banking-docs-poc-qahftr/disputes/2024/09/DSP00088.pdf,26-89-78,
31351823,Savings,BR005,Leeds,Referred to Ombudsman,"Currency Conversion Dispute dispute of £8,158.27. Status: Referred to Ombudsman. Resolution: Escalated to Ombudsman.",2025-08-27,,,,"81 Wilson club, Douglasmouth, IV2B 6PW",zcollins@example.com,CUST00057,Mathew Little,+44(0)8081570161,8158.27,Currency Conversion Dispute,DSP00089,Dispute,2025-07-21,,,,,,Escalated to Ombudsman,carlos.mendez@securebankplc.com,RM009,Carlos Mendez,s3://banking-docs-poc-qahftr/disputes/2025/07/DSP00089.pdf,71-45-85,
71434558,Current,BR004,Edinburgh,Closed-Lost,"Unauthorised Transaction dispute of £6,061.41. Status: Closed-Lost. Resolution: Resolved in customer favour.",2026-03-10,,,,"Studio 39, Justin center, Lynnland, IP6X 6GJ",gbell@example.net,CUST00042,Dylan White,(0116)4960817,6061.41,Unauthorised Transaction,DSP00090,Dispute,2026-02-21,,,,,,Resolved in customer favour,carlos.mendez@securebankplc.com,RM009,Carlos Mendez,s3://banking-docs-poc-qahftr/disputes/2026/02/DSP00090.pdf,27-29-39,
57885685,Business Current,BR005,Leeds,Withdrawn,"Unauthorised Transaction dispute of £4,695.06. Status: Withdrawn. Resolution: Partial refund issued.",2024-09-22,,,,"Flat 84, Hughes green, Lake Matthew, W7D 3DG",uford@example.com,CUST00056,Marcus Walker,+44(0)29 2018730,4695.06,Unauthorised Transaction,DSP00091,Dispute,2024-07-14,,,,,,Partial refund issued,george.whitfield@securebankplc.com,RM019,George Whitfield,s3://banking-docs-poc-qahftr/disputes/2024/07/DSP00091.pdf,99-68-44,
00330923,Savings,BR004,Edinburgh,Closed-Lost,Wire Transfer Error dispute of £171.31. Status: Closed-Lost. Resolution: No further action.,2025-09-19,,,,"Flat 69, Khan plaza, West Harriet, L1S 5NB",emily97@example.org,CUST00048,Francesca Lucas,(0141) 4960004,171.31,Wire Transfer Error,DSP00092,Dispute,2025-09-04,,,,,,No further action,mohammed.al-rashid@securebankplc.com,RM003,Mohammed Al-Rashid,s3://banking-docs-poc-qahftr/disputes/2025/09/DSP00092.pdf,70-95-24,
04505331,Business Current,BR007,Cardiff,Referred to Ombudsman,"Direct Debit Dispute dispute of £5,484.09. Status: Referred to Ombudsman. Resolution: No further action.",2025-10-04,,,,"868 Hill vista, Rickyburgh, HX6E 1EJ",nwright@example.com,CUST00029,Damian Pearson,+441144960254,5484.09,Direct Debit Dispute,DSP00093,Dispute,2025-09-05,,,,,,No further action,david.okafor@securebankplc.com,RM005,David Okafor,s3://banking-docs-poc-qahftr/disputes/2025/09/DSP00093.pdf,81-62-89,
51462704,ISA,BR009,Liverpool,Withdrawn,"Duplicate Charge dispute of £5,035.69. Status: Withdrawn. Resolution: Resolved in bank favour.",2024-12-18,,,,"912 Davis landing, Annetown, IM38 7QB",charlene31@example.net,CUST00010,Wayne Wood,(0131) 4960642,5035.69,Duplicate Charge,DSP00094,Dispute,2024-09-26,,,,,,Resolved in bank favour,carlos.mendez@securebankplc.com,RM009,Carlos Mendez,s3://banking-docs-poc-qahftr/disputes/2024/09/DSP00094.pdf,32-74-23,
67010651,Savings,BR006,Bristol,Withdrawn,"Currency Conversion Dispute dispute of £4,064.05. Status: Withdrawn. Resolution: Escalated to Ombudsman.",2024-10-19,,,,"Studio 8, O'Neill common, Bradleytown, N89 1ER",kwilkinson@example.com,CUST00017,Callum Pritchard-Fletcher,(0191) 496 0585,4064.05,Currency Conversion Dispute,DSP00095,Dispute,2024-09-21,,,,,,Escalated to Ombudsman,zoe.nakamura@securebankplc.com,RM014,Zoe Nakamura,s3://banking-docs-poc-qahftr/disputes/2024/09/DSP00095.pdf,34-34-78,
67010651,Savings,BR006,Bristol,Referred to Ombudsman,Direct Debit Dispute dispute of £426.20. Status: Referred to Ombudsman. Resolution: No further action.,2025-06-05,,,,"Studio 8, O'Neill common, Bradleytown, N89 1ER",kwilkinson@example.com,CUST00017,Callum Pritchard-Fletcher,(0191) 496 0585,426.2,Direct Debit Dispute,DSP00096,Dispute,2025-05-18,,,,,,No further action,zoe.nakamura@securebankplc.com,RM014,Zoe Nakamura,s3://banking-docs-poc-qahftr/disputes/2025/05/DSP00096.pdf,34-34-78,
60883561,Business Current,BR005,Leeds,Withdrawn,ATM Withdrawal Error dispute of £810.63. Status: Withdrawn. Resolution: Withdrawn by customer.,2025-12-13,,,,"03 Faulkner run, Lake Victorstad, HA9 2TL",hicksdawn@example.net,CUST00034,Brandon Middleton,(0131) 496 0052,810.63,ATM Withdrawal Error,DSP00097,Dispute,2025-11-02,,,,,,Withdrawn by customer,sophie.chen@securebankplc.com,RM002,Sophie Chen,s3://banking-docs-poc-qahftr/disputes/2025/11/DSP00097.pdf,89-50-94,
68011280,Business Current,BR008,Glasgow,Closed-Lost,"Wire Transfer Error dispute of £1,627.85. Status: Closed-Lost. Resolution: Withdrawn by customer.",2024-07-21,,,,"9 Graeme throughway, Jonesmouth, TS6 3LX",terence80@example.org,CUST00028,Dominic Harvey,+441632 960888,1627.85,Wire Transfer Error,DSP00098,Dispute,2024-06-17,,,,,,Withdrawn by customer,fatima.hassan@securebankplc.com,RM018,Fatima Hassan,s3://banking-docs-poc-qahftr/disputes/2024/06/DSP00098.pdf,84-80-28,
18244935,Savings,BR005,Leeds,Referred to Ombudsman,"Card Not Present Fraud dispute of £1,515.41. Status: Referred to Ombudsman. Resolution: No further action.",2025-11-18,,,,"Studio 91, Grace ports, New Brettbury, M3 7WT",nwood@example.org,CUST00026,Linda Mason-Thornton,(0115) 4960463,1515.41,Card Not Present Fraud,DSP00099,Dispute,2025-11-11,,,,,,No further action,emily.watson@securebankplc.com,RM004,Emily Watson,s3://banking-docs-poc-qahftr/disputes/2025/11/DSP00099.pdf,97-91-43,
31665876,Current,BR007,Cardiff,Referred to Ombudsman,"Direct Debit Dispute dispute of £7,653.83. Status: Referred to Ombudsman. Resolution: No further action.",2025-05-25,,,,"03 French walks, East Janice, E05 3RJ",tross@example.net,CUST00043,Miss Kimberley Robinson,(0191) 496 0369,7653.83,Direct Debit Dispute,DSP00100,Dispute,2025-03-01,,,,,,No further action,david.okafor@securebankplc.com,RM005,David Okafor,s3://banking-docs-poc-qahftr/disputes/2025/03/DSP00100.pdf,36-63-59,
66319314,ISA,BR005,Leeds,Closed-Lost,"Direct Debit Dispute dispute of £5,645.52. Status: Closed-Lost. Resolution: Partial refund issued.",2026-02-26,,,,"893 Jones crest, East Diane, E3A 9GY",brownwendy@example.com,CUST00050,Adrian Davey,+44(0)808 1570942,5645.52,Direct Debit Dispute,DSP00101,Dispute,2025-12-07,,,,,,Partial refund issued,george.whitfield@securebankplc.com,RM019,George Whitfield,s3://banking-docs-poc-qahftr/disputes/2025/12/DSP00101.pdf,25-82-15,
74529912,Business Current,BR010,Sheffield,Closed-Won,"Wire Transfer Error dispute of £4,906.42. Status: Closed-Won. Resolution: No further action.",2025-10-17,,,,"217 Natasha passage, Staceyberg, B2B 9DT",carterdeclan@example.org,CUST00049,Patricia Hopkins-Waters,+449098790877,4906.42,Wire Transfer Error,DSP00102,Dispute,2025-09-11,,,,,,No further action,thomas.müller@securebankplc.com,RM007,Thomas Müller,s3://banking-docs-poc-qahftr/disputes/2025/09/DSP00102.pdf,23-84-13,
43039117,Current,BR002,Manchester Central,Withdrawn,"Duplicate Charge dispute of £1,129.20. Status: Withdrawn. Resolution: Resolved in customer favour.",2026-01-27,,,,"427 Brown gardens, West Bethan, AB5 0WZ",turnerjosephine@example.com,CUST00012,Dr Duncan Greenwood,(0909) 879 0062,1129.2,Duplicate Charge,DSP00103,Dispute,2025-11-02,,,,,,Resolved in customer favour,natalie.burke@securebankplc.com,RM012,Natalie Burke,s3://banking-docs-poc-qahftr/disputes/2025/11/DSP00103.pdf,78-26-26,
47116719,Current,BR003,Birmingham,Withdrawn,Wire Transfer Error dispute of £708.69. Status: Withdrawn. Resolution: No further action.,2025-05-30,,,,"Flat 7, Tina brook, Samberg, W2 8EN",leslie82@example.com,CUST00060,Ricky Duffy,0113 4960453,708.69,Wire Transfer Error,DSP00104,Dispute,2025-04-02,,,,,,No further action,sophie.chen@securebankplc.com,RM002,Sophie Chen,s3://banking-docs-poc-qahftr/disputes/2025/04/DSP00104.pdf,29-29-82,
99016272,Current,BR001,London City,Referred to Ombudsman,"Card Not Present Fraud dispute of £3,509.60. Status: Referred to Ombudsman. Resolution: No further action.",2026-05-04,,,,"Flat 46k, Campbell junction, Port Rosemarychester, DE87 6LD",kathleenjones@example.org,CUST00046,Nathan Sanderson,(0808)1570938,3509.6,Card Not Present Fraud,DSP00105,Dispute,2026-03-04,,,,,,No further action,liam.fitzgerald@securebankplc.com,RM013,Liam Fitzgerald,s3://banking-docs-poc-qahftr/disputes/2026/03/DSP00105.pdf,43-58-51,
60883561,Business Current,BR005,Leeds,Referred to Ombudsman,"Duplicate Charge dispute of £6,105.07. Status: Referred to Ombudsman. Resolution: Resolved in bank favour.",2024-08-05,,,,"03 Faulkner run, Lake Victorstad, HA9 2TL",hicksdawn@example.net,CUST00034,Brandon Middleton,(0131) 496 0052,6105.07,Duplicate Charge,DSP00106,Dispute,2024-07-21,,,,,,Resolved in bank favour,sophie.chen@securebankplc.com,RM002,Sophie Chen,s3://banking-docs-poc-qahftr/disputes/2024/07/DSP00106.pdf,89-50-94,
77387214,ISA,BR006,Bristol,Withdrawn,"Direct Debit Dispute dispute of £8,314.64. Status: Withdrawn. Resolution: Resolved in bank favour.",2025-06-29,,,,"Flat 81G, Singh loaf, Colehaven, PL0V 2FR",ashleigh56@example.com,CUST00037,Edward Jackson,0117 496 0960,8314.64,Direct Debit Dispute,DSP00107,Dispute,2025-04-11,,,,,,Resolved in bank favour,patrick.devereux@securebankplc.com,RM015,Patrick Devereux,s3://banking-docs-poc-qahftr/disputes/2025/04/DSP00107.pdf,94-91-89,
52553419,Savings,BR005,Leeds,Withdrawn,"Currency Conversion Dispute dispute of £1,486.33. Status: Withdrawn. Resolution: Partial refund issued.",2024-12-01,,,,"Flat 03, Sara lights, Paulinetown, PA3 9FT",jayne53@example.com,CUST00005,Maria Williams-Brown,(0191) 4960489,1486.33,Currency Conversion Dispute,DSP00108,Dispute,2024-09-07,,,,,,Partial refund issued,patrick.devereux@securebankplc.com,RM015,Patrick Devereux,s3://banking-docs-poc-qahftr/disputes/2024/09/DSP00108.pdf,78-41-30,
95931034,Current,BR009,Liverpool,Withdrawn,"Currency Conversion Dispute dispute of £1,832.72. Status: Withdrawn. Resolution: Withdrawn by customer.",2024-10-16,,,,"Studio 8, James island, Junemouth, WS53 0LG",natasha17@example.net,CUST00004,Angela Jackson,(0118)4960554,1832.72,Currency Conversion Dispute,DSP00109,Dispute,2024-08-10,,,,,,Withdrawn by customer,aisha.patel@securebankplc.com,RM010,Aisha Patel,s3://banking-docs-poc-qahftr/disputes/2024/08/DSP00109.pdf,39-22-58,
16697848,Current,BR007,Cardiff,Closed-Lost,"Wire Transfer Error dispute of £7,510.73. Status: Closed-Lost. Resolution: Partial refund issued.",2025-08-16,,,,"Studio 67, Lee rue, McDonaldmouth, DT3X 5GB",brenda41@example.com,CUST00009,Dr Sharon Jones,(0909) 8790528,7510.73,Wire Transfer Error,DSP00110,Dispute,2025-06-27,,,,,,Partial refund issued,isabella.rossi@securebankplc.com,RM020,Isabella Rossi,s3://banking-docs-poc-qahftr/disputes/2025/06/DSP00110.pdf,97-24-97,
77387214,ISA,BR006,Bristol,Referred to Ombudsman,"Currency Conversion Dispute dispute of £4,855.23. Status: Referred to Ombudsman. Resolution: Withdrawn by customer.",2026-04-16,,,,"Flat 81G, Singh loaf, Colehaven, PL0V 2FR",ashleigh56@example.com,CUST00037,Edward Jackson,0117 496 0960,4855.23,Currency Conversion Dispute,DSP00111,Dispute,2026-02-09,,,,,,Withdrawn by customer,patrick.devereux@securebankplc.com,RM015,Patrick Devereux,s3://banking-docs-poc-qahftr/disputes/2026/02/DSP00111.pdf,94-91-89,
68727743,Business Current,BR010,Sheffield,Closed-Lost,Unauthorised Transaction dispute of £393.06. Status: Closed-Lost. Resolution: Resolved in customer favour.,2025-01-12,,,,"6 Lydia branch, Hayleyborough, S5 9ZS",andreadavies@example.com,CUST00041,Jade Elliott-Adams,+44(0)113 4960408,393.06,Unauthorised Transaction,DSP00112,Dispute,2024-10-17,,,,,,Resolved in customer favour,robert.blackwood@securebankplc.com,RM017,Robert Blackwood,s3://banking-docs-poc-qahftr/disputes/2024/10/DSP00112.pdf,76-72-90,
65185067,Current,BR006,Bristol,Closed-Won,"Card Not Present Fraud dispute of £1,528.64. Status: Closed-Won. Resolution: No further action.",2024-08-08,,,,"Flat 29J, Price ramp, South Sam, W3 9GT",chloe20@example.org,CUST00051,Rachael Farmer,+44909 8790358,1528.64,Card Not Present Fraud,DSP00113,Dispute,2024-06-12,,,,,,No further action,fatima.hassan@securebankplc.com,RM018,Fatima Hassan,s3://banking-docs-poc-qahftr/disputes/2024/06/DSP00113.pdf,65-56-91,
36763201,Premier,BR007,Cardiff,Referred to Ombudsman,"ATM Withdrawal Error dispute of £2,731.37. Status: Referred to Ombudsman. Resolution: Escalated to Ombudsman.",2024-08-26,,,,"7 Wood trail, Guymouth, G4 3UA",barry51@example.com,CUST00039,Terence Smith,+441414960870,2731.37,ATM Withdrawal Error,DSP00114,Dispute,2024-07-11,,,,,,Escalated to Ombudsman,george.whitfield@securebankplc.com,RM019,George Whitfield,s3://banking-docs-poc-qahftr/disputes/2024/07/DSP00114.pdf,38-32-99,
34332003,Premier,BR006,Bristol,Closed-Won,"Card Not Present Fraud dispute of £7,372.51. Status: Closed-Won. Resolution: Withdrawn by customer.",2025-05-06,,,,"0 Kate locks, Juneside, S2A 7TS",lawrencemiles@example.net,CUST00038,Frederick Pearson-Webster,(0116)4960522,7372.51,Card Not Present Fraud,DSP00115,Dispute,2025-04-26,,,,,,Withdrawn by customer,mohammed.al-rashid@securebankplc.com,RM003,Mohammed Al-Rashid,s3://banking-docs-poc-qahftr/disputes/2025/04/DSP00115.pdf,88-19-68,
18244935,Savings,BR005,Leeds,Closed-Won,"Unauthorised Transaction dispute of £5,649.02. Status: Closed-Won. Resolution: Resolved in customer favour.",2025-08-17,,,,"Studio 91, Grace ports, New Brettbury, M3 7WT",nwood@example.org,CUST00026,Linda Mason-Thornton,(0115) 4960463,5649.02,Unauthorised Transaction,DSP00116,Dispute,2025-08-11,,,,,,Resolved in customer favour,emily.watson@securebankplc.com,RM004,Emily Watson,s3://banking-docs-poc-qahftr/disputes/2025/08/DSP00116.pdf,97-91-43,
67010651,Savings,BR006,Bristol,Withdrawn,"Currency Conversion Dispute dispute of £7,653.79. Status: Withdrawn. Resolution: Resolved in bank favour.",2026-03-29,,,,"Studio 8, O'Neill common, Bradleytown, N89 1ER",kwilkinson@example.com,CUST00017,Callum Pritchard-Fletcher,(0191) 496 0585,7653.79,Currency Conversion Dispute,DSP00117,Dispute,2026-02-18,,,,,,Resolved in bank favour,zoe.nakamura@securebankplc.com,RM014,Zoe Nakamura,s3://banking-docs-poc-qahftr/disputes/2026/02/DSP00117.pdf,34-34-78,
43039117,Current,BR002,Manchester Central,Withdrawn,"Wire Transfer Error dispute of £3,611.61. Status: Withdrawn. Resolution: Resolved in bank favour.",2025-12-18,,,,"427 Brown gardens, West Bethan, AB5 0WZ",turnerjosephine@example.com,CUST00012,Dr Duncan Greenwood,(0909) 879 0062,3611.61,Wire Transfer Error,DSP00118,Dispute,2025-09-20,,,,,,Resolved in bank favour,natalie.burke@securebankplc.com,RM012,Natalie Burke,s3://banking-docs-poc-qahftr/disputes/2025/09/DSP00118.pdf,78-26-26,
46872343,Current,BR005,Leeds,Closed-Lost,"Unauthorised Transaction dispute of £8,074.73. Status: Closed-Lost. Resolution: Resolved in customer favour.",2025-12-11,,,,"Flat 36Y, Robinson isle, Smithtown, E14 6PL",lydiadunn@example.net,CUST00020,Gemma Clark-Parry,(0141) 4960819,8074.73,Unauthorised Transaction,DSP00119,Dispute,2025-10-23,,,,,,Resolved in customer favour,patrick.devereux@securebankplc.com,RM015,Patrick Devereux,s3://banking-docs-poc-qahftr/disputes/2025/10/DSP00119.pdf,84-79-17,
65328710,Current,BR007,Cardiff,Referred to Ombudsman,"ATM Withdrawal Error dispute of £6,320.15. Status: Referred to Ombudsman. Resolution: Resolved in bank favour.",2026-01-16,,,,"Flat 35, Schofield ramp, Roseside, M75 9FB",juliefield@example.org,CUST00008,Derek Clarke,+44909 8790520,6320.15,ATM Withdrawal Error,DSP00120,Dispute,2026-01-03,,,,,,Resolved in bank favour,george.whitfield@securebankplc.com,RM019,George Whitfield,s3://banking-docs-poc-qahftr/disputes/2026/01/DSP00120.pdf,29-90-30,
87133150,ISA,BR006,Bristol,Closed-Lost,"Duplicate Charge dispute of £2,797.60. Status: Closed-Lost. Resolution: Escalated to Ombudsman.",2025-03-31,,,,"Flat 9, Linda ridges, North Bryan, M6D 0FR",dominic47@example.com,CUST00014,Jodie Pritchard-Baker,(020)74960896,2797.6,Duplicate Charge,DSP00121,Dispute,2025-01-30,,,,,,Escalated to Ombudsman,patrick.devereux@securebankplc.com,RM015,Patrick Devereux,s3://banking-docs-poc-qahftr/disputes/2025/01/DSP00121.pdf,80-39-85,
96705466,ISA,BR010,Sheffield,Referred to Ombudsman,"Currency Conversion Dispute dispute of £3,787.47. Status: Referred to Ombudsman. Resolution: No further action.",2025-09-20,,,,"40 Lucy bridge, Lindseymouth, G84 0TL",tread@example.com,CUST00044,Gemma Wheeler,+44(0)2074960205,3787.47,Currency Conversion Dispute,DSP00122,Dispute,2025-08-14,,,,,,No further action,james.hargreaves@securebankplc.com,RM001,James Hargreaves,s3://banking-docs-poc-qahftr/disputes/2025/08/DSP00122.pdf,79-87-38,
47379965,Current,BR004,Edinburgh,Referred to Ombudsman,"Direct Debit Dispute dispute of £4,531.64. Status: Referred to Ombudsman. Resolution: Partial refund issued.",2024-11-28,,,,"Studio 89, Harvey brook, Stevenshire, N8 9TX",judithnash@example.org,CUST00053,Scott Hussain,+441314960267,4531.64,Direct Debit Dispute,DSP00123,Dispute,2024-09-23,,,,,,Partial refund issued,mohammed.al-rashid@securebankplc.com,RM003,Mohammed Al-Rashid,s3://banking-docs-poc-qahftr/disputes/2024/09/DSP00123.pdf,73-51-33,
87133150,ISA,BR006,Bristol,Closed-Won,"Card Not Present Fraud dispute of £6,031.13. Status: Closed-Won. Resolution: Escalated to Ombudsman.",2024-10-11,,,,"Flat 9, Linda ridges, North Bryan, M6D 0FR",dominic47@example.com,CUST00014,Jodie Pritchard-Baker,(020)74960896,6031.13,Card Not Present Fraud,DSP00124,Dispute,2024-07-23,,,,,,Escalated to Ombudsman,patrick.devereux@securebankplc.com,RM015,Patrick Devereux,s3://banking-docs-poc-qahftr/disputes/2024/07/DSP00124.pdf,80-39-85,
48350305,Premier,BR008,Glasgow,Closed-Won,"Currency Conversion Dispute dispute of £7,757.67. Status: Closed-Won. Resolution: No further action.",2025-02-13,,,,"172 Cameron meadow, Wayneview, S56 4EY",littlefrances@example.com,CUST00006,Simon Evans,+44(0)1144960022,7757.67,Currency Conversion Dispute,DSP00125,Dispute,2025-01-30,,,,,,No further action,liam.fitzgerald@securebankplc.com,RM013,Liam Fitzgerald,s3://banking-docs-poc-qahftr/disputes/2025/01/DSP00125.pdf,44-18-37,
68727743,Business Current,BR010,Sheffield,Closed-Won,Wire Transfer Error dispute of £743.68. Status: Closed-Won. Resolution: Withdrawn by customer.,2025-02-12,,,,"6 Lydia branch, Hayleyborough, S5 9ZS",andreadavies@example.com,CUST00041,Jade Elliott-Adams,+44(0)113 4960408,743.68,Wire Transfer Error,DSP00126,Dispute,2024-11-15,,,,,,Withdrawn by customer,robert.blackwood@securebankplc.com,RM017,Robert Blackwood,s3://banking-docs-poc-qahftr/disputes/2024/11/DSP00126.pdf,76-72-90,
61559407,ISA,BR002,Manchester Central,Withdrawn,"Wire Transfer Error dispute of £3,352.95. Status: Withdrawn. Resolution: Withdrawn by customer.",2025-11-13,,,,"1 George falls, Seanhaven, BA2 6PH",dennis04@example.org,CUST00003,Mrs Lindsey Green,0292018265,3352.95,Wire Transfer Error,DSP00127,Dispute,2025-09-17,,,,,,Withdrawn by customer,mohammed.al-rashid@securebankplc.com,RM003,Mohammed Al-Rashid,s3://banking-docs-poc-qahftr/disputes/2025/09/DSP00127.pdf,25-58-20,
14586850,Current,BR006,Bristol,Referred to Ombudsman,"ATM Withdrawal Error dispute of £6,750.19. Status: Referred to Ombudsman. Resolution: Escalated to Ombudsman.",2025-03-04,,,,"89 Edwards creek, Daviestown, B2 2NA",robertsrosemary@example.net,CUST00032,Tracy Wilkinson-Davison,+44(0)1632 960235,6750.19,ATM Withdrawal Error,DSP00128,Dispute,2025-02-16,,,,,,Escalated to Ombudsman,carlos.mendez@securebankplc.com,RM009,Carlos Mendez,s3://banking-docs-poc-qahftr/disputes/2025/02/DSP00128.pdf,43-32-84,
74529912,Business Current,BR010,Sheffield,Withdrawn,"Duplicate Charge dispute of £3,142.78. Status: Withdrawn. Resolution: Withdrawn by customer.",2025-01-01,,,,"217 Natasha passage, Staceyberg, B2B 9DT",carterdeclan@example.org,CUST00049,Patricia Hopkins-Waters,+449098790877,3142.78,Duplicate Charge,DSP00129,Dispute,2024-11-03,,,,,,Withdrawn by customer,thomas.müller@securebankplc.com,RM007,Thomas Müller,s3://banking-docs-poc-qahftr/disputes/2024/11/DSP00129.pdf,23-84-13,
62849877,Premier,BR008,Glasgow,Closed-Won,"Duplicate Charge dispute of £1,322.86. Status: Closed-Won. Resolution: Escalated to Ombudsman.",2025-02-17,,,,"262 Davis trail, South Irene, PA0Y 4QQ",patriciabrown@example.org,CUST00052,Miss Catherine Shaw,(0113) 496 0142,1322.86,Duplicate Charge,DSP00130,Dispute,2025-01-18,,,,,,Escalated to Ombudsman,david.okafor@securebankplc.com,RM005,David Okafor,s3://banking-docs-poc-qahftr/disputes/2025/01/DSP00130.pdf,85-44-51,
84271094,Premier,BR001,London City,Withdrawn,"ATM Withdrawal Error dispute of £7,512.73. Status: Withdrawn. Resolution: Withdrawn by customer.",2026-02-04,,,,"8 Gemma rapid, Charlesland, DD1A 0SJ",gary02@example.org,CUST00059,Ross Bailey,+441174960914,7512.73,ATM Withdrawal Error,DSP00131,Dispute,2025-12-20,,,,,,Withdrawn by customer,sophie.chen@securebankplc.com,RM002,Sophie Chen,s3://banking-docs-poc-qahftr/disputes/2025/12/DSP00131.pdf,71-66-53,
55646417,Current,BR004,Edinburgh,Referred to Ombudsman,"Duplicate Charge dispute of £2,735.09. Status: Referred to Ombudsman. Resolution: Escalated to Ombudsman.",2025-06-11,,,,"Flat 16, Garry views, Hunterton, DL17 9AL",stanleyrebecca@example.com,CUST00047,Miss Abbie Hart,+441914960529,2735.09,Duplicate Charge,DSP00132,Dispute,2025-06-05,,,,,,Escalated to Ombudsman,patrick.devereux@securebankplc.com,RM015,Patrick Devereux,s3://banking-docs-poc-qahftr/disputes/2025/06/DSP00132.pdf,79-16-54,
74529912,Business Current,BR010,Sheffield,Closed-Won,"Currency Conversion Dispute dispute of £1,511.27. Status: Closed-Won. Resolution: No further action.",2024-09-18,,,,"217 Natasha passage, Staceyberg, B2B 9DT",carterdeclan@example.org,CUST00049,Patricia Hopkins-Waters,+449098790877,1511.27,Currency Conversion Dispute,DSP00133,Dispute,2024-08-16,,,,,,No further action,thomas.müller@securebankplc.com,RM007,Thomas Müller,s3://banking-docs-poc-qahftr/disputes/2024/08/DSP00133.pdf,23-84-13,
46872343,Current,BR005,Leeds,Referred to Ombudsman,"Card Not Present Fraud dispute of £8,053.00. Status: Referred to Ombudsman. Resolution: No further action.",2025-10-25,,,,"Flat 36Y, Robinson isle, Smithtown, E14 6PL",lydiadunn@example.net,CUST00020,Gemma Clark-Parry,(0141) 4960819,8053.0,Card Not Present Fraud,DSP00134,Dispute,2025-08-28,,,,,,No further action,patrick.devereux@securebankplc.com,RM015,Patrick Devereux,s3://banking-docs-poc-qahftr/disputes/2025/08/DSP00134.pdf,84-79-17,
52553419,Savings,BR005,Leeds,Referred to Ombudsman,"Merchant Dispute dispute of £2,227.41. Status: Referred to Ombudsman. Resolution: Withdrawn by customer.",2025-02-10,,,,"Flat 03, Sara lights, Paulinetown, PA3 9FT",jayne53@example.com,CUST00005,Maria Williams-Brown,(0191) 4960489,2227.41,Merchant Dispute,DSP00135,Dispute,2024-11-16,,,,,,Withdrawn by customer,patrick.devereux@securebankplc.com,RM015,Patrick Devereux,s3://banking-docs-poc-qahftr/disputes/2024/11/DSP00135.pdf,78-41-30,
31665876,Current,BR007,Cardiff,Closed-Lost,"Merchant Dispute dispute of £6,557.53. Status: Closed-Lost. Resolution: Resolved in bank favour.",2025-08-25,,,,"03 French walks, East Janice, E05 3RJ",tross@example.net,CUST00043,Miss Kimberley Robinson,(0191) 496 0369,6557.53,Merchant Dispute,DSP00136,Dispute,2025-07-01,,,,,,Resolved in bank favour,david.okafor@securebankplc.com,RM005,David Okafor,s3://banking-docs-poc-qahftr/disputes/2025/07/DSP00136.pdf,36-63-59,
84271094,Premier,BR001,London City,Withdrawn,"Wire Transfer Error dispute of £5,939.34. Status: Withdrawn. Resolution: Resolved in bank favour.",2025-09-13,,,,"8 Gemma rapid, Charlesland, DD1A 0SJ",gary02@example.org,CUST00059,Ross Bailey,+441174960914,5939.34,Wire Transfer Error,DSP00137,Dispute,2025-08-07,,,,,,Resolved in bank favour,sophie.chen@securebankplc.com,RM002,Sophie Chen,s3://banking-docs-poc-qahftr/disputes/2025/08/DSP00137.pdf,71-66-53,
57885685,Business Current,BR005,Leeds,Withdrawn,"Merchant Dispute dispute of £5,358.56. Status: Withdrawn. Resolution: Escalated to Ombudsman.",2024-08-08,,,,"Flat 84, Hughes green, Lake Matthew, W7D 3DG",uford@example.com,CUST00056,Marcus Walker,+44(0)29 2018730,5358.56,Merchant Dispute,DSP00138,Dispute,2024-06-21,,,,,,Escalated to Ombudsman,george.whitfield@securebankplc.com,RM019,George Whitfield,s3://banking-docs-poc-qahftr/disputes/2024/06/DSP00138.pdf,99-68-44,
87133150,ISA,BR006,Bristol,Closed-Won,"Wire Transfer Error dispute of £1,723.22. Status: Closed-Won. Resolution: No further action.",2024-06-21,,,,"Flat 9, Linda ridges, North Bryan, M6D 0FR",dominic47@example.com,CUST00014,Jodie Pritchard-Baker,(020)74960896,1723.22,Wire Transfer Error,DSP00139,Dispute,2024-05-29,,,,,,No further action,patrick.devereux@securebankplc.com,RM015,Patrick Devereux,s3://banking-docs-poc-qahftr/disputes/2024/05/DSP00139.pdf,80-39-85,
65185067,Current,BR006,Bristol,Withdrawn,"Merchant Dispute dispute of £3,317.37. Status: Withdrawn. Resolution: Escalated to Ombudsman.",2024-07-19,,,,"Flat 29J, Price ramp, South Sam, W3 9GT",chloe20@example.org,CUST00051,Rachael Farmer,+44909 8790358,3317.37,Merchant Dispute,DSP00140,Dispute,2024-07-07,,,,,,Escalated to Ombudsman,fatima.hassan@securebankplc.com,RM018,Fatima Hassan,s3://banking-docs-poc-qahftr/disputes/2024/07/DSP00140.pdf,65-56-91,
22602563,Business Current,BR003,Birmingham,Closed-Won,"Card Not Present Fraud dispute of £7,137.06. Status: Closed-Won. Resolution: Resolved in customer favour.",2026-05-15,,,,"5 Colin tunnel, Hazelshire, BS92 9UW",dylanreid@example.com,CUST00030,Mohamed Ahmed,(0121) 4960087,7137.06,Card Not Present Fraud,DSP00141,Dispute,2026-03-07,,,,,,Resolved in customer favour,rachel.o'brien@securebankplc.com,RM008,Rachel O'Brien,s3://banking-docs-poc-qahftr/disputes/2026/03/DSP00141.pdf,30-99-23,
87133150,ISA,BR006,Bristol,Withdrawn,"Duplicate Charge dispute of £7,428.51. Status: Withdrawn. Resolution: No further action.",2026-05-17,,,,"Flat 9, Linda ridges, North Bryan, M6D 0FR",dominic47@example.com,CUST00014,Jodie Pritchard-Baker,(020)74960896,7428.51,Duplicate Charge,DSP00142,Dispute,2026-03-13,,,,,,No further action,patrick.devereux@securebankplc.com,RM015,Patrick Devereux,s3://banking-docs-poc-qahftr/disputes/2026/03/DSP00142.pdf,80-39-85,
31665876,Current,BR007,Cardiff,Closed-Lost,"Wire Transfer Error dispute of £3,114.27. Status: Closed-Lost. Resolution: Escalated to Ombudsman.",2026-03-15,,,,"03 French walks, East Janice, E05 3RJ",tross@example.net,CUST00043,Miss Kimberley Robinson,(0191) 496 0369,3114.27,Wire Transfer Error,DSP00143,Dispute,2026-02-18,,,,,,Escalated to Ombudsman,david.okafor@securebankplc.com,RM005,David Okafor,s3://banking-docs-poc-qahftr/disputes/2026/02/DSP00143.pdf,36-63-59,
31351823,Savings,BR005,Leeds,Withdrawn,"Wire Transfer Error dispute of £3,756.85. Status: Withdrawn. Resolution: No further action.",2024-12-31,,,,"81 Wilson club, Douglasmouth, IV2B 6PW",zcollins@example.com,CUST00057,Mathew Little,+44(0)8081570161,3756.85,Wire Transfer Error,DSP00144,Dispute,2024-10-27,,,,,,No further action,carlos.mendez@securebankplc.com,RM009,Carlos Mendez,s3://banking-docs-poc-qahftr/disputes/2024/10/DSP00144.pdf,71-45-85,
61939909,Current,BR002,Manchester Central,Withdrawn,"Unauthorised Transaction dispute of £4,041.24. Status: Withdrawn. Resolution: No further action.",2025-06-14,,,,"13 Dean green, South Dennischester, IG4 0SA",justin74@example.org,CUST00022,Mrs Lucy Hyde,(0191)4960767,4041.24,Unauthorised Transaction,DSP00145,Dispute,2025-05-17,,,,,,No further action,rachel.o'brien@securebankplc.com,RM008,Rachel O'Brien,s3://banking-docs-poc-qahftr/disputes/2025/05/DSP00145.pdf,63-94-84,
84271094,Premier,BR001,London City,Referred to Ombudsman,"Merchant Dispute dispute of £2,781.58. Status: Referred to Ombudsman. Resolution: Resolved in bank favour.",2026-04-07,,,,"8 Gemma rapid, Charlesland, DD1A 0SJ",gary02@example.org,CUST00059,Ross Bailey,+441174960914,2781.58,Merchant Dispute,DSP00146,Dispute,2026-01-22,,,,,,Resolved in bank favour,sophie.chen@securebankplc.com,RM002,Sophie Chen,s3://banking-docs-poc-qahftr/disputes/2026/01/DSP00146.pdf,71-66-53,
73375433,Current,BR007,Cardiff,Closed-Won,"ATM Withdrawal Error dispute of £4,886.51. Status: Closed-Won. Resolution: No further action.",2024-06-23,,,,"Studio 2, Leah loop, Johnsonport, G7T 2YS",brenda28@example.com,CUST00031,Kathryn Shah,+44(0)117 496 0843,4886.51,ATM Withdrawal Error,DSP00147,Dispute,2024-05-22,,,,,,No further action,sophie.chen@securebankplc.com,RM002,Sophie Chen,s3://banking-docs-poc-qahftr/disputes/2024/05/DSP00147.pdf,94-34-61,
37672423,ISA,BR010,Sheffield,Closed-Lost,"Wire Transfer Error dispute of £4,338.99. Status: Closed-Lost. Resolution: Escalated to Ombudsman.",2025-01-14,,,,"5 Chelsea street, Jessicashire, SN4 9XJ",elliott68@example.com,CUST00007,Sylvia Bolton,0131 496 0785,4338.99,Wire Transfer Error,DSP00148,Dispute,2024-12-16,,,,,,Escalated to Ombudsman,william.foster@securebankplc.com,RM011,William Foster,s3://banking-docs-poc-qahftr/disputes/2024/12/DSP00148.pdf,78-43-84,
67010651,Savings,BR006,Bristol,Closed-Won,ATM Withdrawal Error dispute of £565.59. Status: Closed-Won. Resolution: Withdrawn by customer.,2025-09-15,,,,"Studio 8, O'Neill common, Bradleytown, N89 1ER",kwilkinson@example.com,CUST00017,Callum Pritchard-Fletcher,(0191) 496 0585,565.59,ATM Withdrawal Error,DSP00149,Dispute,2025-07-17,,,,,,Withdrawn by customer,zoe.nakamura@securebankplc.com,RM014,Zoe Nakamura,s3://banking-docs-poc-qahftr/disputes/2025/07/DSP00149.pdf,34-34-78,
84656482,Savings,BR002,Manchester Central,Closed-Won,"Direct Debit Dispute dispute of £4,257.64. Status: Closed-Won. Resolution: No further action.",2025-03-18,,,,"9 Barry circles, Hollandland, BN7 6GW",gerald83@example.org,CUST00035,Dr Bruce Metcalfe,+44(0)114 4960337,4257.64,Direct Debit Dispute,DSP00150,Dispute,2025-03-03,,,,,,No further action,aisha.patel@securebankplc.com,RM010,Aisha Patel,s3://banking-docs-poc-qahftr/disputes/2025/03/DSP00150.pdf,63-95-58,
00330923,Savings,BR004,Edinburgh,Closed-Won,"Card Not Present Fraud dispute of £1,485.19. Status: Closed-Won. Resolution: No further action.",2026-04-20,,,,"Flat 69, Khan plaza, West Harriet, L1S 5NB",emily97@example.org,CUST00048,Francesca Lucas,(0141) 4960004,1485.19,Card Not Present Fraud,DSP00151,Dispute,2026-01-25,,,,,,No further action,mohammed.al-rashid@securebankplc.com,RM003,Mohammed Al-Rashid,s3://banking-docs-poc-qahftr/disputes/2026/01/DSP00151.pdf,70-95-24,
52553419,Savings,BR005,Leeds,Withdrawn,"Wire Transfer Error dispute of £6,404.49. Status: Withdrawn. Resolution: Escalated to Ombudsman.",2026-03-13,,,,"Flat 03, Sara lights, Paulinetown, PA3 9FT",jayne53@example.com,CUST00005,Maria Williams-Brown,(0191) 4960489,6404.49,Wire Transfer Error,DSP00152,Dispute,2026-01-07,,,,,,Escalated to Ombudsman,patrick.devereux@securebankplc.com,RM015,Patrick Devereux,s3://banking-docs-poc-qahftr/disputes/2026/01/DSP00152.pdf,78-41-30,
84271094,Premier,BR001,London City,Withdrawn,"ATM Withdrawal Error dispute of £1,335.57. Status: Withdrawn. Resolution: Partial refund issued.",2025-07-12,,,,"8 Gemma rapid, Charlesland, DD1A 0SJ",gary02@example.org,CUST00059,Ross Bailey,+441174960914,1335.57,ATM Withdrawal Error,DSP00153,Dispute,2025-05-21,,,,,,Partial refund issued,sophie.chen@securebankplc.com,RM002,Sophie Chen,s3://banking-docs-poc-qahftr/disputes/2025/05/DSP00153.pdf,71-66-53,
46706562,Premier,BR008,Glasgow,Withdrawn,"Currency Conversion Dispute dispute of £5,686.17. Status: Withdrawn. Resolution: Resolved in bank favour.",2026-01-22,,,,"02 Dorothy haven, Melanieland, E5 7RW",joanturner@example.net,CUST00045,Mrs Hayley Edwards,+44131 496 0418,5686.17,Currency Conversion Dispute,DSP00154,Dispute,2025-11-23,,,,,,Resolved in bank favour,rachel.o'brien@securebankplc.com,RM008,Rachel O'Brien,s3://banking-docs-poc-qahftr/disputes/2025/11/DSP00154.pdf,26-89-78,
65185067,Current,BR006,Bristol,Closed-Lost,"ATM Withdrawal Error dispute of £5,178.83. Status: Closed-Lost. Resolution: Resolved in bank favour.",2024-11-16,,,,"Flat 29J, Price ramp, South Sam, W3 9GT",chloe20@example.org,CUST00051,Rachael Farmer,+44909 8790358,5178.83,ATM Withdrawal Error,DSP00155,Dispute,2024-10-14,,,,,,Resolved in bank favour,fatima.hassan@securebankplc.com,RM018,Fatima Hassan,s3://banking-docs-poc-qahftr/disputes/2024/10/DSP00155.pdf,65-56-91,
51462704,ISA,BR009,Liverpool,Referred to Ombudsman,Currency Conversion Dispute dispute of £900.82. Status: Referred to Ombudsman. Resolution: Partial refund issued.,2025-12-19,,,,"912 Davis landing, Annetown, IM38 7QB",charlene31@example.net,CUST00010,Wayne Wood,(0131) 4960642,900.82,Currency Conversion Dispute,DSP00156,Dispute,2025-11-20,,,,,,Partial refund issued,carlos.mendez@securebankplc.com,RM009,Carlos Mendez,s3://banking-docs-poc-qahftr/disputes/2025/11/DSP00156.pdf,32-74-23,
41343524,Current,BR009,Liverpool,Referred to Ombudsman,"Card Not Present Fraud dispute of £4,127.92. Status: Referred to Ombudsman. Resolution: Escalated to Ombudsman.",2026-02-09,,,,"849 Hughes shore, Collinsland, UB6 1HT",matthewsfrances@example.org,CUST00058,Linda Hall,01632 960639,4127.92,Card Not Present Fraud,DSP00157,Dispute,2026-01-15,,,,,,Escalated to Ombudsman,isabella.rossi@securebankplc.com,RM020,Isabella Rossi,s3://banking-docs-poc-qahftr/disputes/2026/01/DSP00157.pdf,78-26-45,
31665876,Current,BR007,Cardiff,Referred to Ombudsman,"Card Not Present Fraud dispute of £3,516.81. Status: Referred to Ombudsman. Resolution: Partial refund issued.",2025-05-16,,,,"03 French walks, East Janice, E05 3RJ",tross@example.net,CUST00043,Miss Kimberley Robinson,(0191) 496 0369,3516.81,Card Not Present Fraud,DSP00158,Dispute,2025-03-26,,,,,,Partial refund issued,david.okafor@securebankplc.com,RM005,David Okafor,s3://banking-docs-poc-qahftr/disputes/2025/03/DSP00158.pdf,36-63-59,
22602563,Business Current,BR003,Birmingham,Closed-Lost,"Merchant Dispute dispute of £6,449.46. Status: Closed-Lost. Resolution: Withdrawn by customer.",2024-11-03,,,,"5 Colin tunnel, Hazelshire, BS92 9UW",dylanreid@example.com,CUST00030,Mohamed Ahmed,(0121) 4960087,6449.46,Merchant Dispute,DSP00159,Dispute,2024-10-14,,,,,,Withdrawn by customer,rachel.o'brien@securebankplc.com,RM008,Rachel O'Brien,s3://banking-docs-poc-qahftr/disputes/2024/10/DSP00159.pdf,30-99-23,
55646417,Current,BR004,Edinburgh,Closed-Won,"Currency Conversion Dispute dispute of £2,700.46. Status: Closed-Won. Resolution: Partial refund issued.",2024-08-15,,,,"Flat 16, Garry views, Hunterton, DL17 9AL",stanleyrebecca@example.com,CUST00047,Miss Abbie Hart,+441914960529,2700.46,Currency Conversion Dispute,DSP00160,Dispute,2024-07-02,,,,,,Partial refund issued,patrick.devereux@securebankplc.com,RM015,Patrick Devereux,s3://banking-docs-poc-qahftr/disputes/2024/07/DSP00160.pdf,79-16-54,
37940265,Business Current,BR009,Liverpool,Closed-Won,"Unauthorised Transaction dispute of £2,734.11. Status: Closed-Won. Resolution: Resolved in customer favour.",2025-04-30,,,,"04 Howard land, Port Leeview, N5C 3RF",rachelkelly@example.org,CUST00002,Nigel Rose,+44151 4960869,2734.11,Unauthorised Transaction,DSP00161,Dispute,2025-04-24,,,,,,Resolved in customer favour,zoe.nakamura@securebankplc.com,RM014,Zoe Nakamura,s3://banking-docs-poc-qahftr/disputes/2025/04/DSP00161.pdf,29-37-53,
94680443,Premier,BR003,Birmingham,Referred to Ombudsman,"Currency Conversion Dispute dispute of £5,061.71. Status: Referred to Ombudsman. Resolution: Partial refund issued.",2026-04-08,,,,"Flat 18v, Harrison dam, Lake Terence, WC55 5TN",jwright@example.org,CUST00036,Jane Smith-Winter,01632 960 933,5061.71,Currency Conversion Dispute,DSP00162,Dispute,2026-03-01,,,,,,Partial refund issued,isabella.rossi@securebankplc.com,RM020,Isabella Rossi,s3://banking-docs-poc-qahftr/disputes/2026/03/DSP00162.pdf,84-87-93,
68011280,Business Current,BR008,Glasgow,Closed-Lost,"Currency Conversion Dispute dispute of £4,526.19. Status: Closed-Lost. Resolution: Escalated to Ombudsman.",2024-10-16,,,,"9 Graeme throughway, Jonesmouth, TS6 3LX",terence80@example.org,CUST00028,Dominic Harvey,+441632 960888,4526.19,Currency Conversion Dispute,DSP00163,Dispute,2024-08-02,,,,,,Escalated to Ombudsman,fatima.hassan@securebankplc.com,RM018,Fatima Hassan,s3://banking-docs-poc-qahftr/disputes/2024/08/DSP00163.pdf,84-80-28,
24896383,Business Current,BR008,Glasgow,Withdrawn,"Wire Transfer Error dispute of £6,488.49. Status: Withdrawn. Resolution: Resolved in bank favour.",2025-07-16,,,,"2 Carter lane, Allenland, FY2M 9AU",dorothymurray@example.org,CUST00013,Ms Dorothy Burns,+44141 496 0933,6488.49,Wire Transfer Error,DSP00164,Dispute,2025-06-10,,,,,,Resolved in bank favour,fatima.hassan@securebankplc.com,RM018,Fatima Hassan,s3://banking-docs-poc-qahftr/disputes/2025/06/DSP00164.pdf,61-95-93,
46872343,Current,BR005,Leeds,Referred to Ombudsman,"Card Not Present Fraud dispute of £6,327.03. Status: Referred to Ombudsman. Resolution: Resolved in bank favour.",2025-10-06,,,,"Flat 36Y, Robinson isle, Smithtown, E14 6PL",lydiadunn@example.net,CUST00020,Gemma Clark-Parry,(0141) 4960819,6327.03,Card Not Present Fraud,DSP00165,Dispute,2025-08-10,,,,,,Resolved in bank favour,patrick.devereux@securebankplc.com,RM015,Patrick Devereux,s3://banking-docs-poc-qahftr/disputes/2025/08/DSP00165.pdf,84-79-17,
73375433,Current,BR007,Cardiff,Closed-Lost,"ATM Withdrawal Error dispute of £6,746.45. Status: Closed-Lost. Resolution: Resolved in bank favour.",2026-02-23,,,,"Studio 2, Leah loop, Johnsonport, G7T 2YS",brenda28@example.com,CUST00031,Kathryn Shah,+44(0)117 496 0843,6746.45,ATM Withdrawal Error,DSP00166,Dispute,2025-12-25,,,,,,Resolved in bank favour,sophie.chen@securebankplc.com,RM002,Sophie Chen,s3://banking-docs-poc-qahftr/disputes/2025/12/DSP00166.pdf,94-34-61,
65328710,Current,BR007,Cardiff,Closed-Won,Direct Debit Dispute dispute of £24.40. Status: Closed-Won. Resolution: Escalated to Ombudsman.,2026-03-06,,,,"Flat 35, Schofield ramp, Roseside, M75 9FB",juliefield@example.org,CUST00008,Derek Clarke,+44909 8790520,24.4,Direct Debit Dispute,DSP00167,Dispute,2026-02-02,,,,,,Escalated to Ombudsman,george.whitfield@securebankplc.com,RM019,George Whitfield,s3://banking-docs-poc-qahftr/disputes/2026/02/DSP00167.pdf,29-90-30,
87133150,ISA,BR006,Bristol,Referred to Ombudsman,"Duplicate Charge dispute of £2,464.78. Status: Referred to Ombudsman. Resolution: Resolved in customer favour.",2026-01-10,,,,"Flat 9, Linda ridges, North Bryan, M6D 0FR",dominic47@example.com,CUST00014,Jodie Pritchard-Baker,(020)74960896,2464.78,Duplicate Charge,DSP00168,Dispute,2025-11-26,,,,,,Resolved in customer favour,patrick.devereux@securebankplc.com,RM015,Patrick Devereux,s3://banking-docs-poc-qahftr/disputes/2025/11/DSP00168.pdf,80-39-85,
93252880,ISA,BR005,Leeds,Withdrawn,"Unauthorised Transaction dispute of £2,729.28. Status: Withdrawn. Resolution: Resolved in customer favour.",2024-12-03,,,,"5 Gough mountain, South Katherine, B6D 7NW",morgankimberley@example.net,CUST00011,Anthony Potter-Barber,+44(0)118 4960018,2729.28,Unauthorised Transaction,DSP00169,Dispute,2024-09-08,,,,,,Resolved in customer favour,robert.blackwood@securebankplc.com,RM017,Robert Blackwood,s3://banking-docs-poc-qahftr/disputes/2024/09/DSP00169.pdf,51-72-12,
73375433,Current,BR007,Cardiff,Referred to Ombudsman,"Unauthorised Transaction dispute of £5,314.18. Status: Referred to Ombudsman. Resolution: Withdrawn by customer.",2024-12-19,,,,"Studio 2, Leah loop, Johnsonport, G7T 2YS",brenda28@example.com,CUST00031,Kathryn Shah,+44(0)117 496 0843,5314.18,Unauthorised Transaction,DSP00170,Dispute,2024-09-23,,,,,,Withdrawn by customer,sophie.chen@securebankplc.com,RM002,Sophie Chen,s3://banking-docs-poc-qahftr/disputes/2024/09/DSP00170.pdf,94-34-61,
93252880,ISA,BR005,Leeds,Closed-Won,"Card Not Present Fraud dispute of £3,033.82. Status: Closed-Won. Resolution: Escalated to Ombudsman.",2026-04-02,,,,"5 Gough mountain, South Katherine, B6D 7NW",morgankimberley@example.net,CUST00011,Anthony Potter-Barber,+44(0)118 4960018,3033.82,Card Not Present Fraud,DSP00171,Dispute,2026-01-12,,,,,,Escalated to Ombudsman,robert.blackwood@securebankplc.com,RM017,Robert Blackwood,s3://banking-docs-poc-qahftr/disputes/2026/01/DSP00171.pdf,51-72-12,
29973763,Current,BR004,Edinburgh,Referred to Ombudsman,"Unauthorised Transaction dispute of £4,871.75. Status: Referred to Ombudsman. Resolution: Withdrawn by customer.",2025-08-20,,,,"609 Price crescent, North Joanneside, HP84 0EX",antonyjones@example.com,CUST00016,Leah Kay,+44(0)118 496 0897,4871.75,Unauthorised Transaction,DSP00172,Dispute,2025-07-06,,,,,,Withdrawn by customer,fatima.hassan@securebankplc.com,RM018,Fatima Hassan,s3://banking-docs-poc-qahftr/disputes/2025/07/DSP00172.pdf,22-94-65,
36763201,Premier,BR007,Cardiff,Closed-Won,"Currency Conversion Dispute dispute of £6,391.67. Status: Closed-Won. Resolution: No further action.",2026-02-09,,,,"7 Wood trail, Guymouth, G4 3UA",barry51@example.com,CUST00039,Terence Smith,+441414960870,6391.67,Currency Conversion Dispute,DSP00173,Dispute,2025-12-04,,,,,,No further action,george.whitfield@securebankplc.com,RM019,George Whitfield,s3://banking-docs-poc-qahftr/disputes/2025/12/DSP00173.pdf,38-32-99,
27849808,Business Current,BR006,Bristol,Withdrawn,"Duplicate Charge dispute of £5,226.70. Status: Withdrawn. Resolution: Withdrawn by customer.",2025-10-28,,,,"Flat 3, Chan viaduct, Royport, L35 1EQ",clairewilson@example.org,CUST00025,Bryan Brown,0808 1570256,5226.7,Duplicate Charge,DSP00174,Dispute,2025-08-02,,,,,,Withdrawn by customer,aisha.patel@securebankplc.com,RM010,Aisha Patel,s3://banking-docs-poc-qahftr/disputes/2025/08/DSP00174.pdf,94-23-27,
54353462,Business Current,BR010,Sheffield,Referred to Ombudsman,"Card Not Present Fraud dispute of £4,310.58. Status: Referred to Ombudsman. Resolution: No further action.",2026-01-20,,,,"367 Watkins spring, West Scottberg, BH84 0YS",joanlittle@example.net,CUST00023,Terry Stephens-Turner,+44(0)306 9990092,4310.58,Card Not Present Fraud,DSP00175,Dispute,2025-10-31,,,,,,No further action,robert.blackwood@securebankplc.com,RM017,Robert Blackwood,s3://banking-docs-poc-qahftr/disputes/2025/10/DSP00175.pdf,68-50-19,
54353462,Business Current,BR010,Sheffield,Withdrawn,"Currency Conversion Dispute dispute of £1,007.65. Status: Withdrawn. Resolution: No further action.",2026-04-02,,,,"367 Watkins spring, West Scottberg, BH84 0YS",joanlittle@example.net,CUST00023,Terry Stephens-Turner,+44(0)306 9990092,1007.65,Currency Conversion Dispute,DSP00176,Dispute,2026-03-14,,,,,,No further action,robert.blackwood@securebankplc.com,RM017,Robert Blackwood,s3://banking-docs-poc-qahftr/disputes/2026/03/DSP00176.pdf,68-50-19,
84656482,Savings,BR002,Manchester Central,Withdrawn,"Card Not Present Fraud dispute of £8,144.65. Status: Withdrawn. Resolution: Escalated to Ombudsman.",2025-04-18,,,,"9 Barry circles, Hollandland, BN7 6GW",gerald83@example.org,CUST00035,Dr Bruce Metcalfe,+44(0)114 4960337,8144.65,Card Not Present Fraud,DSP00177,Dispute,2025-01-27,,,,,,Escalated to Ombudsman,aisha.patel@securebankplc.com,RM010,Aisha Patel,s3://banking-docs-poc-qahftr/disputes/2025/01/DSP00177.pdf,63-95-58,
84271094,Premier,BR001,London City,Closed-Lost,"Direct Debit Dispute dispute of £1,555.65. Status: Closed-Lost. Resolution: Partial refund issued.",2025-10-06,,,,"8 Gemma rapid, Charlesland, DD1A 0SJ",gary02@example.org,CUST00059,Ross Bailey,+441174960914,1555.65,Direct Debit Dispute,DSP00178,Dispute,2025-08-01,,,,,,Partial refund issued,sophie.chen@securebankplc.com,RM002,Sophie Chen,s3://banking-docs-poc-qahftr/disputes/2025/08/DSP00178.pdf,71-66-53,
73375433,Current,BR007,Cardiff,Withdrawn,"Duplicate Charge dispute of £3,739.23. Status: Withdrawn. Resolution: Resolved in customer favour.",2025-10-14,,,,"Studio 2, Leah loop, Johnsonport, G7T 2YS",brenda28@example.com,CUST00031,Kathryn Shah,+44(0)117 496 0843,3739.23,Duplicate Charge,DSP00179,Dispute,2025-09-19,,,,,,Resolved in customer favour,sophie.chen@securebankplc.com,RM002,Sophie Chen,s3://banking-docs-poc-qahftr/disputes/2025/09/DSP00179.pdf,94-34-61,
10310518,Savings,BR004,Edinburgh,Withdrawn,"Currency Conversion Dispute dispute of £3,788.30. Status: Withdrawn. Resolution: Resolved in customer favour.",2025-12-07,,,,"18 Kenneth turnpike, New Louise, G47 7JP",xmacdonald@example.net,CUST00015,Wayne Atkinson,+44(0)1632960597,3788.3,Currency Conversion Dispute,DSP00180,Dispute,2025-10-14,,,,,,Resolved in customer favour,james.hargreaves@securebankplc.com,RM001,James Hargreaves,s3://banking-docs-poc-qahftr/disputes/2025/10/DSP00180.pdf,45-95-72,
83777014,Savings,BR007,Cardiff,Closed-Won,"Currency Conversion Dispute dispute of £2,836.29. Status: Closed-Won. Resolution: Withdrawn by customer.",2026-04-16,,,,"Flat 40w, Davies tunnel, Lake Edwardshire, SM29 6NX",melissa67@example.net,CUST00055,Trevor Mills,01314960541,2836.29,Currency Conversion Dispute,DSP00181,Dispute,2026-02-07,,,,,,Withdrawn by customer,amelia.singh@securebankplc.com,RM016,Amelia Singh,s3://banking-docs-poc-qahftr/disputes/2026/02/DSP00181.pdf,61-98-41,
31665876,Current,BR007,Cardiff,Closed-Lost,"ATM Withdrawal Error dispute of £6,214.40. Status: Closed-Lost. Resolution: Resolved in customer favour.",2026-02-03,,,,"03 French walks, East Janice, E05 3RJ",tross@example.net,CUST00043,Miss Kimberley Robinson,(0191) 496 0369,6214.4,ATM Withdrawal Error,DSP00182,Dispute,2025-11-14,,,,,,Resolved in customer favour,david.okafor@securebankplc.com,RM005,David Okafor,s3://banking-docs-poc-qahftr/disputes/2025/11/DSP00182.pdf,36-63-59,
66319314,ISA,BR005,Leeds,Closed-Won,"Direct Debit Dispute dispute of £5,016.37. Status: Closed-Won. Resolution: Partial refund issued.",2024-07-26,,,,"893 Jones crest, East Diane, E3A 9GY",brownwendy@example.com,CUST00050,Adrian Davey,+44(0)808 1570942,5016.37,Direct Debit Dispute,DSP00183,Dispute,2024-06-11,,,,,,Partial refund issued,george.whitfield@securebankplc.com,RM019,George Whitfield,s3://banking-docs-poc-qahftr/disputes/2024/06/DSP00183.pdf,25-82-15,
00330923,Savings,BR004,Edinburgh,Referred to Ombudsman,"Duplicate Charge dispute of £3,240.57. Status: Referred to Ombudsman. Resolution: Partial refund issued.",2024-11-20,,,,"Flat 69, Khan plaza, West Harriet, L1S 5NB",emily97@example.org,CUST00048,Francesca Lucas,(0141) 4960004,3240.57,Duplicate Charge,DSP00184,Dispute,2024-09-06,,,,,,Partial refund issued,mohammed.al-rashid@securebankplc.com,RM003,Mohammed Al-Rashid,s3://banking-docs-poc-qahftr/disputes/2024/09/DSP00184.pdf,70-95-24,
61559407,ISA,BR002,Manchester Central,Closed-Won,"Duplicate Charge dispute of £2,371.07. Status: Closed-Won. Resolution: Partial refund issued.",2025-05-06,,,,"1 George falls, Seanhaven, BA2 6PH",dennis04@example.org,CUST00003,Mrs Lindsey Green,0292018265,2371.07,Duplicate Charge,DSP00185,Dispute,2025-04-08,,,,,,Partial refund issued,mohammed.al-rashid@securebankplc.com,RM003,Mohammed Al-Rashid,s3://banking-docs-poc-qahftr/disputes/2025/04/DSP00185.pdf,25-58-20,
16697848,Current,BR007,Cardiff,Closed-Won,"ATM Withdrawal Error dispute of £1,618.00. Status: Closed-Won. Resolution: Resolved in bank favour.",2025-10-09,,,,"Studio 67, Lee rue, McDonaldmouth, DT3X 5GB",brenda41@example.com,CUST00009,Dr Sharon Jones,(0909) 8790528,1618.0,ATM Withdrawal Error,DSP00186,Dispute,2025-09-05,,,,,,Resolved in bank favour,isabella.rossi@securebankplc.com,RM020,Isabella Rossi,s3://banking-docs-poc-qahftr/disputes/2025/09/DSP00186.pdf,97-24-97,
66319314,ISA,BR005,Leeds,Withdrawn,"Duplicate Charge dispute of £1,734.47. Status: Withdrawn. Resolution: No further action.",2025-08-01,,,,"893 Jones crest, East Diane, E3A 9GY",brownwendy@example.com,CUST00050,Adrian Davey,+44(0)808 1570942,1734.47,Duplicate Charge,DSP00187,Dispute,2025-07-03,,,,,,No further action,george.whitfield@securebankplc.com,RM019,George Whitfield,s3://banking-docs-poc-qahftr/disputes/2025/07/DSP00187.pdf,25-82-15,
08317278,ISA,BR009,Liverpool,Withdrawn,"Unauthorised Transaction dispute of £4,856.33. Status: Withdrawn. Resolution: Withdrawn by customer.",2025-10-03,,,,"Flat 03O, Hollie mountains, Francescabury, N5F 6ST",julia61@example.net,CUST00040,Dr Glen Campbell,01214960724,4856.33,Unauthorised Transaction,DSP00188,Dispute,2025-09-08,,,,,,Withdrawn by customer,patrick.devereux@securebankplc.com,RM015,Patrick Devereux,s3://banking-docs-poc-qahftr/disputes/2025/09/DSP00188.pdf,86-50-66,
55646417,Current,BR004,Edinburgh,Referred to Ombudsman,"Unauthorised Transaction dispute of £4,474.94. Status: Referred to Ombudsman. Resolution: Escalated to Ombudsman.",2024-11-27,,,,"Flat 16, Garry views, Hunterton, DL17 9AL",stanleyrebecca@example.com,CUST00047,Miss Abbie Hart,+441914960529,4474.94,Unauthorised Transaction,DSP00189,Dispute,2024-09-12,,,,,,Escalated to Ombudsman,patrick.devereux@securebankplc.com,RM015,Patrick Devereux,s3://banking-docs-poc-qahftr/disputes/2024/09/DSP00189.pdf,79-16-54,
68727743,Business Current,BR010,Sheffield,Referred to Ombudsman,"ATM Withdrawal Error dispute of £6,619.71. Status: Referred to Ombudsman. Resolution: Resolved in bank favour.",2025-06-15,,,,"6 Lydia branch, Hayleyborough, S5 9ZS",andreadavies@example.com,CUST00041,Jade Elliott-Adams,+44(0)113 4960408,6619.71,ATM Withdrawal Error,DSP00190,Dispute,2025-04-11,,,,,,Resolved in bank favour,robert.blackwood@securebankplc.com,RM017,Robert Blackwood,s3://banking-docs-poc-qahftr/disputes/2025/04/DSP00190.pdf,76-72-90,
83777014,Savings,BR007,Cardiff,Closed-Lost,"Unauthorised Transaction dispute of £5,006.15. Status: Closed-Lost. Resolution: Escalated to Ombudsman.",2025-09-25,,,,"Flat 40w, Davies tunnel, Lake Edwardshire, SM29 6NX",melissa67@example.net,CUST00055,Trevor Mills,01314960541,5006.15,Unauthorised Transaction,DSP00191,Dispute,2025-07-22,,,,,,Escalated to Ombudsman,amelia.singh@securebankplc.com,RM016,Amelia Singh,s3://banking-docs-poc-qahftr/disputes/2025/07/DSP00191.pdf,61-98-41,
34332003,Premier,BR006,Bristol,Closed-Lost,"Wire Transfer Error dispute of £7,190.21. Status: Closed-Lost. Resolution: Resolved in customer favour.",2026-04-26,,,,"0 Kate locks, Juneside, S2A 7TS",lawrencemiles@example.net,CUST00038,Frederick Pearson-Webster,(0116)4960522,7190.21,Wire Transfer Error,DSP00192,Dispute,2026-02-28,,,,,,Resolved in customer favour,mohammed.al-rashid@securebankplc.com,RM003,Mohammed Al-Rashid,s3://banking-docs-poc-qahftr/disputes/2026/02/DSP00192.pdf,88-19-68,
14586850,Current,BR006,Bristol,Referred to Ombudsman,"Direct Debit Dispute dispute of £7,905.83. Status: Referred to Ombudsman. Resolution: Resolved in customer favour.",2025-12-23,,,,"89 Edwards creek, Daviestown, B2 2NA",robertsrosemary@example.net,CUST00032,Tracy Wilkinson-Davison,+44(0)1632 960235,7905.83,Direct Debit Dispute,DSP00193,Dispute,2025-12-17,,,,,,Resolved in customer favour,carlos.mendez@securebankplc.com,RM009,Carlos Mendez,s3://banking-docs-poc-qahftr/disputes/2025/12/DSP00193.pdf,43-32-84,
71434558,Current,BR004,Edinburgh,Withdrawn,"Direct Debit Dispute dispute of £5,631.72. Status: Withdrawn. Resolution: No further action.",2025-05-08,,,,"Studio 39, Justin center, Lynnland, IP6X 6GJ",gbell@example.net,CUST00042,Dylan White,(0116)4960817,5631.72,Direct Debit Dispute,DSP00194,Dispute,2025-03-08,,,,,,No further action,carlos.mendez@securebankplc.com,RM009,Carlos Mendez,s3://banking-docs-poc-qahftr/disputes/2025/03/DSP00194.pdf,27-29-39,
36763201,Premier,BR007,Cardiff,Closed-Lost,"Unauthorised Transaction dispute of £5,839.56. Status: Closed-Lost. Resolution: Escalated to Ombudsman.",2025-07-03,,,,"7 Wood trail, Guymouth, G4 3UA",barry51@example.com,CUST00039,Terence Smith,+441414960870,5839.56,Unauthorised Transaction,DSP00195,Dispute,2025-06-26,,,,,,Escalated to Ombudsman,george.whitfield@securebankplc.com,RM019,George Whitfield,s3://banking-docs-poc-qahftr/disputes/2025/06/DSP00195.pdf,38-32-99,
10310518,Savings,BR004,Edinburgh,Closed-Lost,"Wire Transfer Error dispute of £3,036.27. Status: Closed-Lost. Resolution: Withdrawn by customer.",2025-01-16,,,,"18 Kenneth turnpike, New Louise, G47 7JP",xmacdonald@example.net,CUST00015,Wayne Atkinson,+44(0)1632960597,3036.27,Wire Transfer Error,DSP00196,Dispute,2024-11-15,,,,,,Withdrawn by customer,james.hargreaves@securebankplc.com,RM001,James Hargreaves,s3://banking-docs-poc-qahftr/disputes/2024/11/DSP00196.pdf,45-95-72,
54353462,Business Current,BR010,Sheffield,Referred to Ombudsman,Duplicate Charge dispute of £153.13. Status: Referred to Ombudsman. Resolution: Partial refund issued.,2025-05-28,,,,"367 Watkins spring, West Scottberg, BH84 0YS",joanlittle@example.net,CUST00023,Terry Stephens-Turner,+44(0)306 9990092,153.13,Duplicate Charge,DSP00197,Dispute,2025-03-05,,,,,,Partial refund issued,robert.blackwood@securebankplc.com,RM017,Robert Blackwood,s3://banking-docs-poc-qahftr/disputes/2025/03/DSP00197.pdf,68-50-19,
48350305,Premier,BR008,Glasgow,Referred to Ombudsman,"Currency Conversion Dispute dispute of £1,046.65. Status: Referred to Ombudsman. Resolution: Escalated to Ombudsman.",2025-07-09,,,,"172 Cameron meadow, Wayneview, S56 4EY",littlefrances@example.com,CUST00006,Simon Evans,+44(0)1144960022,1046.65,Currency Conversion Dispute,DSP00198,Dispute,2025-05-07,,,,,,Escalated to Ombudsman,liam.fitzgerald@securebankplc.com,RM013,Liam Fitzgerald,s3://banking-docs-poc-qahftr/disputes/2025/05/DSP00198.pdf,44-18-37,
87133150,ISA,BR006,Bristol,Referred to Ombudsman,"ATM Withdrawal Error dispute of £2,377.11. Status: Referred to Ombudsman. Resolution: Partial refund issued.",2026-03-28,,,,"Flat 9, Linda ridges, North Bryan, M6D 0FR",dominic47@example.com,CUST00014,Jodie Pritchard-Baker,(020)74960896,2377.11,ATM Withdrawal Error,DSP00199,Dispute,2026-01-01,,,,,,Partial refund issued,patrick.devereux@securebankplc.com,RM015,Patrick Devereux,s3://banking-docs-poc-qahftr/disputes/2026/01/DSP00199.pdf,80-39-85,
48350305,Premier,BR008,Glasgow,Referred to Ombudsman,"Unauthorised Transaction dispute of £8,349.22. Status: Referred to Ombudsman. Resolution: Withdrawn by customer.",2026-04-07,,,,"172 Cameron meadow, Wayneview, S56 4EY",littlefrances@example.com,CUST00006,Simon Evans,+44(0)1144960022,8349.22,Unauthorised Transaction,DSP00200,Dispute,2026-01-07,,,,,,Withdrawn by customer,liam.fitzgerald@securebankplc.com,RM013,Liam Fitzgerald,s3://banking-docs-poc-qahftr/disputes/2026/01/DSP00200.pdf,44-18-37,
96001338,ISA,BR009,Liverpool,Withdrawn,"Direct Debit Dispute dispute of £6,505.62. Status: Withdrawn. Resolution: Resolved in customer favour.",2025-12-15,,,,"9 Bird courts, Lake Lesley, E9U 5AD",ellie28@example.net,CUST00001,Eileen Evans,+44(0)1632 960 112,6505.62,Direct Debit Dispute,DSP00201,Dispute,2025-10-01,,,,,,Resolved in customer favour,mohammed.al-rashid@securebankplc.com,RM003,Mohammed Al-Rashid,s3://banking-docs-poc-qahftr/disputes/2025/10/DSP00201.pdf,13-81-35,
24896383,Business Current,BR008,Glasgow,Withdrawn,"Currency Conversion Dispute dispute of £1,223.61. Status: Withdrawn. Resolution: Resolved in bank favour.",2025-08-28,,,,"2 Carter lane, Allenland, FY2M 9AU",dorothymurray@example.org,CUST00013,Ms Dorothy Burns,+44141 496 0933,1223.61,Currency Conversion Dispute,DSP00202,Dispute,2025-06-18,,,,,,Resolved in bank favour,fatima.hassan@securebankplc.com,RM018,Fatima Hassan,s3://banking-docs-poc-qahftr/disputes/2025/06/DSP00202.pdf,61-95-93,
08317278,ISA,BR009,Liverpool,Closed-Won,"Currency Conversion Dispute dispute of £6,301.64. Status: Closed-Won. Resolution: Partial refund issued.",2025-06-04,,,,"Flat 03O, Hollie mountains, Francescabury, N5F 6ST",julia61@example.net,CUST00040,Dr Glen Campbell,01214960724,6301.64,Currency Conversion Dispute,DSP00203,Dispute,2025-05-27,,,,,,Partial refund issued,patrick.devereux@securebankplc.com,RM015,Patrick Devereux,s3://banking-docs-poc-qahftr/disputes/2025/05/DSP00203.pdf,86-50-66,
62849877,Premier,BR008,Glasgow,Closed-Won,"Wire Transfer Error dispute of £5,158.96. Status: Closed-Won. Resolution: Resolved in bank favour.",2025-01-24,,,,"262 Davis trail, South Irene, PA0Y 4QQ",patriciabrown@example.org,CUST00052,Miss Catherine Shaw,(0113) 496 0142,5158.96,Wire Transfer Error,DSP00204,Dispute,2024-11-23,,,,,,Resolved in bank favour,david.okafor@securebankplc.com,RM005,David Okafor,s3://banking-docs-poc-qahftr/disputes/2024/11/DSP00204.pdf,85-44-51,
66319314,ISA,BR005,Leeds,Closed-Won,"Direct Debit Dispute dispute of £3,311.31. Status: Closed-Won. Resolution: Withdrawn by customer.",2024-10-27,,,,"893 Jones crest, East Diane, E3A 9GY",brownwendy@example.com,CUST00050,Adrian Davey,+44(0)808 1570942,3311.31,Direct Debit Dispute,DSP00205,Dispute,2024-09-21,,,,,,Withdrawn by customer,george.whitfield@securebankplc.com,RM019,George Whitfield,s3://banking-docs-poc-qahftr/disputes/2024/09/DSP00205.pdf,25-82-15,
65185067,Current,BR006,Bristol,Closed-Lost,"Currency Conversion Dispute dispute of £7,355.65. Status: Closed-Lost. Resolution: Partial refund issued.",2024-08-20,,,,"Flat 29J, Price ramp, South Sam, W3 9GT",chloe20@example.org,CUST00051,Rachael Farmer,+44909 8790358,7355.65,Currency Conversion Dispute,DSP00206,Dispute,2024-06-10,,,,,,Partial refund issued,fatima.hassan@securebankplc.com,RM018,Fatima Hassan,s3://banking-docs-poc-qahftr/disputes/2024/06/DSP00206.pdf,65-56-91,
04505331,Business Current,BR007,Cardiff,Closed-Lost,"Merchant Dispute dispute of £2,468.90. Status: Closed-Lost. Resolution: Resolved in bank favour.",2026-03-04,,,,"868 Hill vista, Rickyburgh, HX6E 1EJ",nwright@example.com,CUST00029,Damian Pearson,+441144960254,2468.9,Merchant Dispute,DSP00207,Dispute,2025-12-16,,,,,,Resolved in bank favour,david.okafor@securebankplc.com,RM005,David Okafor,s3://banking-docs-poc-qahftr/disputes/2025/12/DSP00207.pdf,81-62-89,
48350305,Premier,BR008,Glasgow,Referred to Ombudsman,"Merchant Dispute dispute of £4,085.68. Status: Referred to Ombudsman. Resolution: Escalated to Ombudsman.",2025-01-01,,,,"172 Cameron meadow, Wayneview, S56 4EY",littlefrances@example.com,CUST00006,Simon Evans,+44(0)1144960022,4085.68,Merchant Dispute,DSP00208,Dispute,2024-12-27,,,,,,Escalated to Ombudsman,liam.fitzgerald@securebankplc.com,RM013,Liam Fitzgerald,s3://banking-docs-poc-qahftr/disputes/2024/12/DSP00208.pdf,44-18-37,
24896383,Business Current,BR008,Glasgow,Closed-Won,"Direct Debit Dispute dispute of £4,520.29. Status: Closed-Won. Resolution: Escalated to Ombudsman.",2025-12-22,,,,"2 Carter lane, Allenland, FY2M 9AU",dorothymurray@example.org,CUST00013,Ms Dorothy Burns,+44141 496 0933,4520.29,Direct Debit Dispute,DSP00209,Dispute,2025-12-13,,,,,,Escalated to Ombudsman,fatima.hassan@securebankplc.com,RM018,Fatima Hassan,s3://banking-docs-poc-qahftr/disputes/2025/12/DSP00209.pdf,61-95-93,
67010651,Savings,BR006,Bristol,Closed-Lost,"Wire Transfer Error dispute of £6,620.52. Status: Closed-Lost. Resolution: Resolved in customer favour.",2025-12-18,,,,"Studio 8, O'Neill common, Bradleytown, N89 1ER",kwilkinson@example.com,CUST00017,Callum Pritchard-Fletcher,(0191) 496 0585,6620.52,Wire Transfer Error,DSP00210,Dispute,2025-10-08,,,,,,Resolved in customer favour,zoe.nakamura@securebankplc.com,RM014,Zoe Nakamura,s3://banking-docs-poc-qahftr/disputes/2025/10/DSP00210.pdf,34-34-78,
04505331,Business Current,BR007,Cardiff,Closed-Lost,"Wire Transfer Error dispute of £3,628.81. Status: Closed-Lost. Resolution: Escalated to Ombudsman.",2025-01-23,,,,"868 Hill vista, Rickyburgh, HX6E 1EJ",nwright@example.com,CUST00029,Damian Pearson,+441144960254,3628.81,Wire Transfer Error,DSP00211,Dispute,2024-10-25,,,,,,Escalated to Ombudsman,david.okafor@securebankplc.com,RM005,David Okafor,s3://banking-docs-poc-qahftr/disputes/2024/10/DSP00211.pdf,81-62-89,
47116719,Current,BR003,Birmingham,Referred to Ombudsman,"Currency Conversion Dispute dispute of £3,169.42. Status: Referred to Ombudsman. Resolution: Withdrawn by customer.",2025-08-13,,,,"Flat 7, Tina brook, Samberg, W2 8EN",leslie82@example.com,CUST00060,Ricky Duffy,0113 4960453,3169.42,Currency Conversion Dispute,DSP00212,Dispute,2025-06-25,,,,,,Withdrawn by customer,sophie.chen@securebankplc.com,RM002,Sophie Chen,s3://banking-docs-poc-qahftr/disputes/2025/06/DSP00212.pdf,29-29-82,
04505331,Business Current,BR007,Cardiff,Withdrawn,Card Not Present Fraud dispute of £872.10. Status: Withdrawn. Resolution: Partial refund issued.,2025-01-22,,,,"868 Hill vista, Rickyburgh, HX6E 1EJ",nwright@example.com,CUST00029,Damian Pearson,+441144960254,872.1,Card Not Present Fraud,DSP00213,Dispute,2025-01-17,,,,,,Partial refund issued,david.okafor@securebankplc.com,RM005,David Okafor,s3://banking-docs-poc-qahftr/disputes/2025/01/DSP00213.pdf,81-62-89,
74529912,Business Current,BR010,Sheffield,Referred to Ombudsman,"Currency Conversion Dispute dispute of £7,653.72. Status: Referred to Ombudsman. Resolution: Partial refund issued.",2026-03-19,,,,"217 Natasha passage, Staceyberg, B2B 9DT",carterdeclan@example.org,CUST00049,Patricia Hopkins-Waters,+449098790877,7653.72,Currency Conversion Dispute,DSP00214,Dispute,2026-02-26,,,,,,Partial refund issued,thomas.müller@securebankplc.com,RM007,Thomas Müller,s3://banking-docs-poc-qahftr/disputes/2026/02/DSP00214.pdf,23-84-13,
32677360,Savings,BR001,London City,Closed-Lost,"Direct Debit Dispute dispute of £5,858.02. Status: Closed-Lost. Resolution: No further action.",2024-09-03,,,,"60 Mitchell expressway, Martinberg, B5 8WU",thomasking@example.org,CUST00019,Sharon Price,0191 498 0065,5858.02,Direct Debit Dispute,DSP00215,Dispute,2024-06-22,,,,,,No further action,mohammed.al-rashid@securebankplc.com,RM003,Mohammed Al-Rashid,s3://banking-docs-poc-qahftr/disputes/2024/06/DSP00215.pdf,58-10-59,
00330923,Savings,BR004,Edinburgh,Closed-Won,"Unauthorised Transaction dispute of £5,346.99. Status: Closed-Won. Resolution: Partial refund issued.",2025-11-23,,,,"Flat 69, Khan plaza, West Harriet, L1S 5NB",emily97@example.org,CUST00048,Francesca Lucas,(0141) 4960004,5346.99,Unauthorised Transaction,DSP00216,Dispute,2025-10-09,,,,,,Partial refund issued,mohammed.al-rashid@securebankplc.com,RM003,Mohammed Al-Rashid,s3://banking-docs-poc-qahftr/disputes/2025/10/DSP00216.pdf,70-95-24,
04505331,Business Current,BR007,Cardiff,Closed-Lost,"Direct Debit Dispute dispute of £4,127.97. Status: Closed-Lost. Resolution: Partial refund issued.",2024-11-25,,,,"868 Hill vista, Rickyburgh, HX6E 1EJ",nwright@example.com,CUST00029,Damian Pearson,+441144960254,4127.97,Direct Debit Dispute,DSP00217,Dispute,2024-10-14,,,,,,Partial refund issued,david.okafor@securebankplc.com,RM005,David Okafor,s3://banking-docs-poc-qahftr/disputes/2024/10/DSP00217.pdf,81-62-89,
73375433,Current,BR007,Cardiff,Closed-Lost,"Unauthorised Transaction dispute of £4,483.83. Status: Closed-Lost. Resolution: Partial refund issued.",2026-03-12,,,,"Studio 2, Leah loop, Johnsonport, G7T 2YS",brenda28@example.com,CUST00031,Kathryn Shah,+44(0)117 496 0843,4483.83,Unauthorised Transaction,DSP00218,Dispute,2026-02-16,,,,,,Partial refund issued,sophie.chen@securebankplc.com,RM002,Sophie Chen,s3://banking-docs-poc-qahftr/disputes/2026/02/DSP00218.pdf,94-34-61,
37940265,Business Current,BR009,Liverpool,Closed-Won,Direct Debit Dispute dispute of £522.59. Status: Closed-Won. Resolution: No further action.,2025-05-05,,,,"04 Howard land, Port Leeview, N5C 3RF",rachelkelly@example.org,CUST00002,Nigel Rose,+44151 4960869,522.59,Direct Debit Dispute,DSP00219,Dispute,2025-03-02,,,,,,No further action,zoe.nakamura@securebankplc.com,RM014,Zoe Nakamura,s3://banking-docs-poc-qahftr/disputes/2025/03/DSP00219.pdf,29-37-53,
46872343,Current,BR005,Leeds,Closed-Lost,"Merchant Dispute dispute of £3,463.45. Status: Closed-Lost. Resolution: Withdrawn by customer.",2026-01-02,,,,"Flat 36Y, Robinson isle, Smithtown, E14 6PL",lydiadunn@example.net,CUST00020,Gemma Clark-Parry,(0141) 4960819,3463.45,Merchant Dispute,DSP00220,Dispute,2025-12-27,,,,,,Withdrawn by customer,patrick.devereux@securebankplc.com,RM015,Patrick Devereux,s3://banking-docs-poc-qahftr/disputes/2025/12/DSP00220.pdf,84-79-17,
65328710,Current,BR007,Cardiff,Closed-Won,"Merchant Dispute dispute of £2,930.98. Status: Closed-Won. Resolution: No further action.",2025-09-14,,,,"Flat 35, Schofield ramp, Roseside, M75 9FB",juliefield@example.org,CUST00008,Derek Clarke,+44909 8790520,2930.98,Merchant Dispute,DSP00221,Dispute,2025-07-25,,,,,,No further action,george.whitfield@securebankplc.com,RM019,George Whitfield,s3://banking-docs-poc-qahftr/disputes/2025/07/DSP00221.pdf,29-90-30,
68011280,Business Current,BR008,Glasgow,Closed-Lost,Card Not Present Fraud dispute of £161.16. Status: Closed-Lost. Resolution: Escalated to Ombudsman.,2024-09-21,,,,"9 Graeme throughway, Jonesmouth, TS6 3LX",terence80@example.org,CUST00028,Dominic Harvey,+441632 960888,161.16,Card Not Present Fraud,DSP00222,Dispute,2024-08-12,,,,,,Escalated to Ombudsman,fatima.hassan@securebankplc.com,RM018,Fatima Hassan,s3://banking-docs-poc-qahftr/disputes/2024/08/DSP00222.pdf,84-80-28,
71434558,Current,BR004,Edinburgh,Closed-Won,Unauthorised Transaction dispute of £371.34. Status: Closed-Won. Resolution: Partial refund issued.,2025-06-25,,,,"Studio 39, Justin center, Lynnland, IP6X 6GJ",gbell@example.net,CUST00042,Dylan White,(0116)4960817,371.34,Unauthorised Transaction,DSP00223,Dispute,2025-05-12,,,,,,Partial refund issued,carlos.mendez@securebankplc.com,RM009,Carlos Mendez,s3://banking-docs-poc-qahftr/disputes/2025/05/DSP00223.pdf,27-29-39,
46872343,Current,BR005,Leeds,Closed-Lost,"ATM Withdrawal Error dispute of £5,330.12. Status: Closed-Lost. Resolution: Escalated to Ombudsman.",2024-06-23,,,,"Flat 36Y, Robinson isle, Smithtown, E14 6PL",lydiadunn@example.net,CUST00020,Gemma Clark-Parry,(0141) 4960819,5330.12,ATM Withdrawal Error,DSP00224,Dispute,2024-06-16,,,,,,Escalated to Ombudsman,patrick.devereux@securebankplc.com,RM015,Patrick Devereux,s3://banking-docs-poc-qahftr/disputes/2024/06/DSP00224.pdf,84-79-17,
41343524,Current,BR009,Liverpool,Closed-Won,"Wire Transfer Error dispute of £2,650.23. Status: Closed-Won. Resolution: Withdrawn by customer.",2026-01-31,,,,"849 Hughes shore, Collinsland, UB6 1HT",matthewsfrances@example.org,CUST00058,Linda Hall,01632 960639,2650.23,Wire Transfer Error,DSP00225,Dispute,2025-12-18,,,,,,Withdrawn by customer,isabella.rossi@securebankplc.com,RM020,Isabella Rossi,s3://banking-docs-poc-qahftr/disputes/2025/12/DSP00225.pdf,78-26-45,
61939909,Current,BR002,Manchester Central,Withdrawn,"Unauthorised Transaction dispute of £7,824.27. Status: Withdrawn. Resolution: No further action.",2025-09-05,,,,"13 Dean green, South Dennischester, IG4 0SA",justin74@example.org,CUST00022,Mrs Lucy Hyde,(0191)4960767,7824.27,Unauthorised Transaction,DSP00226,Dispute,2025-08-03,,,,,,No further action,rachel.o'brien@securebankplc.com,RM008,Rachel O'Brien,s3://banking-docs-poc-qahftr/disputes/2025/08/DSP00226.pdf,63-94-84,
87133150,ISA,BR006,Bristol,Closed-Lost,"Wire Transfer Error dispute of £2,503.63. Status: Closed-Lost. Resolution: Resolved in bank favour.",2025-12-31,,,,"Flat 9, Linda ridges, North Bryan, M6D 0FR",dominic47@example.com,CUST00014,Jodie Pritchard-Baker,(020)74960896,2503.63,Wire Transfer Error,DSP00227,Dispute,2025-12-09,,,,,,Resolved in bank favour,patrick.devereux@securebankplc.com,RM015,Patrick Devereux,s3://banking-docs-poc-qahftr/disputes/2025/12/DSP00227.pdf,80-39-85,
99118384,Savings,BR001,London City,Closed-Won,Currency Conversion Dispute dispute of £345.47. Status: Closed-Won. Resolution: Resolved in bank favour.,2025-05-14,,,,"73 Samantha forges, Millerton, LS9 6LT",martyn46@example.org,CUST00024,Mr Ronald Singh,+44(0)115 4960476,345.47,Currency Conversion Dispute,DSP00228,Dispute,2025-04-11,,,,,,Resolved in bank favour,patrick.devereux@securebankplc.com,RM015,Patrick Devereux,s3://banking-docs-poc-qahftr/disputes/2025/04/DSP00228.pdf,54-18-41,
52553419,Savings,BR005,Leeds,Closed-Lost,"Card Not Present Fraud dispute of £2,327.81. Status: Closed-Lost. Resolution: Withdrawn by customer.",2025-06-06,,,,"Flat 03, Sara lights, Paulinetown, PA3 9FT",jayne53@example.com,CUST00005,Maria Williams-Brown,(0191) 4960489,2327.81,Card Not Present Fraud,DSP00229,Dispute,2025-03-12,,,,,,Withdrawn by customer,patrick.devereux@securebankplc.com,RM015,Patrick Devereux,s3://banking-docs-poc-qahftr/disputes/2025/03/DSP00229.pdf,78-41-30,
54549480,ISA,BR008,Glasgow,Referred to Ombudsman,"Duplicate Charge dispute of £5,711.72. Status: Referred to Ombudsman. Resolution: Resolved in customer favour.",2025-07-12,,,,"Flat 88, Adam mountains, Lake Clifford, E2E 5YP",littlewilliam@example.org,CUST00054,Jill Norton,01134960860,5711.72,Duplicate Charge,DSP00230,Dispute,2025-07-03,,,,,,Resolved in customer favour,thomas.müller@securebankplc.com,RM007,Thomas Müller,s3://banking-docs-poc-qahftr/disputes/2025/07/DSP00230.pdf,34-20-40,
61559407,ISA,BR002,Manchester Central,Withdrawn,"Duplicate Charge dispute of £5,037.60. Status: Withdrawn. Resolution: Resolved in customer favour.",2025-04-19,,,,"1 George falls, Seanhaven, BA2 6PH",dennis04@example.org,CUST00003,Mrs Lindsey Green,0292018265,5037.6,Duplicate Charge,DSP00231,Dispute,2025-02-03,,,,,,Resolved in customer favour,mohammed.al-rashid@securebankplc.com,RM003,Mohammed Al-Rashid,s3://banking-docs-poc-qahftr/disputes/2025/02/DSP00231.pdf,25-58-20,
46706562,Premier,BR008,Glasgow,Referred to Ombudsman,"Currency Conversion Dispute dispute of £5,379.07. Status: Referred to Ombudsman. Resolution: Resolved in customer favour.",2026-01-11,,,,"02 Dorothy haven, Melanieland, E5 7RW",joanturner@example.net,CUST00045,Mrs Hayley Edwards,+44131 496 0418,5379.07,Currency Conversion Dispute,DSP00232,Dispute,2025-11-27,,,,,,Resolved in customer favour,rachel.o'brien@securebankplc.com,RM008,Rachel O'Brien,s3://banking-docs-poc-qahftr/disputes/2025/11/DSP00232.pdf,26-89-78,
96001338,ISA,BR009,Liverpool,Referred to Ombudsman,"Merchant Dispute dispute of £6,284.52. Status: Referred to Ombudsman. Resolution: Withdrawn by customer.",2026-01-03,,,,"9 Bird courts, Lake Lesley, E9U 5AD",ellie28@example.net,CUST00001,Eileen Evans,+44(0)1632 960 112,6284.52,Merchant Dispute,DSP00233,Dispute,2025-12-23,,,,,,Withdrawn by customer,mohammed.al-rashid@securebankplc.com,RM003,Mohammed Al-Rashid,s3://banking-docs-poc-qahftr/disputes/2025/12/DSP00233.pdf,13-81-35,
19655698,Current,BR005,Leeds,Closed-Lost,"Merchant Dispute dispute of £4,241.48. Status: Closed-Lost. Resolution: Withdrawn by customer.",2025-08-20,,,,"8 Johnson squares, Port Katherine, G88 1RX",mohamedberry@example.org,CUST00033,Lee Middleton,(0909) 879 0898,4241.48,Merchant Dispute,DSP00234,Dispute,2025-08-14,,,,,,Withdrawn by customer,sophie.chen@securebankplc.com,RM002,Sophie Chen,s3://banking-docs-poc-qahftr/disputes/2025/08/DSP00234.pdf,59-83-34,
65328710,Current,BR007,Cardiff,Referred to Ombudsman,"Merchant Dispute dispute of £1,910.01. Status: Referred to Ombudsman. Resolution: Resolved in bank favour.",2025-07-01,,,,"Flat 35, Schofield ramp, Roseside, M75 9FB",juliefield@example.org,CUST00008,Derek Clarke,+44909 8790520,1910.01,Merchant Dispute,DSP00235,Dispute,2025-06-24,,,,,,Resolved in bank favour,george.whitfield@securebankplc.com,RM019,George Whitfield,s3://banking-docs-poc-qahftr/disputes/2025/06/DSP00235.pdf,29-90-30,
68727743,Business Current,BR010,Sheffield,Withdrawn,"Wire Transfer Error dispute of £5,131.22. Status: Withdrawn. Resolution: Withdrawn by customer.",2025-12-20,,,,"6 Lydia branch, Hayleyborough, S5 9ZS",andreadavies@example.com,CUST00041,Jade Elliott-Adams,+44(0)113 4960408,5131.22,Wire Transfer Error,DSP00236,Dispute,2025-11-22,,,,,,Withdrawn by customer,robert.blackwood@securebankplc.com,RM017,Robert Blackwood,s3://banking-docs-poc-qahftr/disputes/2025/11/DSP00236.pdf,76-72-90,
99118384,Savings,BR001,London City,Closed-Won,"Wire Transfer Error dispute of £2,160.20. Status: Closed-Won. Resolution: Escalated to Ombudsman.",2024-08-14,,,,"73 Samantha forges, Millerton, LS9 6LT",martyn46@example.org,CUST00024,Mr Ronald Singh,+44(0)115 4960476,2160.2,Wire Transfer Error,DSP00237,Dispute,2024-07-07,,,,,,Escalated to Ombudsman,patrick.devereux@securebankplc.com,RM015,Patrick Devereux,s3://banking-docs-poc-qahftr/disputes/2024/07/DSP00237.pdf,54-18-41,
51462704,ISA,BR009,Liverpool,Referred to Ombudsman,Duplicate Charge dispute of £967.24. Status: Referred to Ombudsman. Resolution: Resolved in bank favour.,2025-07-14,,,,"912 Davis landing, Annetown, IM38 7QB",charlene31@example.net,CUST00010,Wayne Wood,(0131) 4960642,967.24,Duplicate Charge,DSP00238,Dispute,2025-05-26,,,,,,Resolved in bank favour,carlos.mendez@securebankplc.com,RM009,Carlos Mendez,s3://banking-docs-poc-qahftr/disputes/2025/05/DSP00238.pdf,32-74-23,
37672423,ISA,BR010,Sheffield,Referred to Ombudsman,"Wire Transfer Error dispute of £5,052.91. Status: Referred to Ombudsman. Resolution: Escalated to Ombudsman.",2024-11-21,,,,"5 Chelsea street, Jessicashire, SN4 9XJ",elliott68@example.com,CUST00007,Sylvia Bolton,0131 496 0785,5052.91,Wire Transfer Error,DSP00239,Dispute,2024-09-20,,,,,,Escalated to Ombudsman,william.foster@securebankplc.com,RM011,William Foster,s3://banking-docs-poc-qahftr/disputes/2024/09/DSP00239.pdf,78-43-84,
66319314,ISA,BR005,Leeds,Withdrawn,"Currency Conversion Dispute dispute of £6,734.30. Status: Withdrawn. Resolution: Withdrawn by customer.",2025-01-19,,,,"893 Jones crest, East Diane, E3A 9GY",brownwendy@example.com,CUST00050,Adrian Davey,+44(0)808 1570942,6734.3,Currency Conversion Dispute,DSP00240,Dispute,2024-10-25,,,,,,Withdrawn by customer,george.whitfield@securebankplc.com,RM019,George Whitfield,s3://banking-docs-poc-qahftr/disputes/2024/10/DSP00240.pdf,25-82-15,
14586850,Current,BR006,Bristol,Withdrawn,"Unauthorised Transaction dispute of £4,729.56. Status: Withdrawn. Resolution: Withdrawn by customer.",2025-05-19,,,,"89 Edwards creek, Daviestown, B2 2NA",robertsrosemary@example.net,CUST00032,Tracy Wilkinson-Davison,+44(0)1632 960235,4729.56,Unauthorised Transaction,DSP00241,Dispute,2025-02-23,,,,,,Withdrawn by customer,carlos.mendez@securebankplc.com,RM009,Carlos Mendez,s3://banking-docs-poc-qahftr/disputes/2025/02/DSP00241.pdf,43-32-84,
19655698,Current,BR005,Leeds,Referred to Ombudsman,"Merchant Dispute dispute of £3,973.78. Status: Referred to Ombudsman. Resolution: No further action.",2026-03-09,,,,"8 Johnson squares, Port Katherine, G88 1RX",mohamedberry@example.org,CUST00033,Lee Middleton,(0909) 879 0898,3973.78,Merchant Dispute,DSP00242,Dispute,2026-02-03,,,,,,No further action,sophie.chen@securebankplc.com,RM002,Sophie Chen,s3://banking-docs-poc-qahftr/disputes/2026/02/DSP00242.pdf,59-83-34,
48350305,Premier,BR008,Glasgow,Referred to Ombudsman,"Merchant Dispute dispute of £7,930.45. Status: Referred to Ombudsman. Resolution: Partial refund issued.",2025-05-01,,,,"172 Cameron meadow, Wayneview, S56 4EY",littlefrances@example.com,CUST00006,Simon Evans,+44(0)1144960022,7930.45,Merchant Dispute,DSP00243,Dispute,2025-04-22,,,,,,Partial refund issued,liam.fitzgerald@securebankplc.com,RM013,Liam Fitzgerald,s3://banking-docs-poc-qahftr/disputes/2025/04/DSP00243.pdf,44-18-37,
27849808,Business Current,BR006,Bristol,Withdrawn,"Card Not Present Fraud dispute of £3,817.32. Status: Withdrawn. Resolution: Partial refund issued.",2024-10-02,,,,"Flat 3, Chan viaduct, Royport, L35 1EQ",clairewilson@example.org,CUST00025,Bryan Brown,0808 1570256,3817.32,Card Not Present Fraud,DSP00244,Dispute,2024-08-05,,,,,,Partial refund issued,aisha.patel@securebankplc.com,RM010,Aisha Patel,s3://banking-docs-poc-qahftr/disputes/2024/08/DSP00244.pdf,94-23-27,
83777014,Savings,BR007,Cardiff,Withdrawn,"Merchant Dispute dispute of £3,157.42. Status: Withdrawn. Resolution: Partial refund issued.",2025-04-09,,,,"Flat 40w, Davies tunnel, Lake Edwardshire, SM29 6NX",melissa67@example.net,CUST00055,Trevor Mills,01314960541,3157.42,Merchant Dispute,DSP00245,Dispute,2025-02-08,,,,,,Partial refund issued,amelia.singh@securebankplc.com,RM016,Amelia Singh,s3://banking-docs-poc-qahftr/disputes/2025/02/DSP00245.pdf,61-98-41,
54353462,Business Current,BR010,Sheffield,Closed-Lost,"Wire Transfer Error dispute of £6,282.82. Status: Closed-Lost. Resolution: No further action.",2025-11-17,,,,"367 Watkins spring, West Scottberg, BH84 0YS",joanlittle@example.net,CUST00023,Terry Stephens-Turner,+44(0)306 9990092,6282.82,Wire Transfer Error,DSP00246,Dispute,2025-10-07,,,,,,No further action,robert.blackwood@securebankplc.com,RM017,Robert Blackwood,s3://banking-docs-poc-qahftr/disputes/2025/10/DSP00246.pdf,68-50-19,
67010651,Savings,BR006,Bristol,Closed-Won,"Duplicate Charge dispute of £7,923.59. Status: Closed-Won. Resolution: Withdrawn by customer.",2024-10-12,,,,"Studio 8, O'Neill common, Bradleytown, N89 1ER",kwilkinson@example.com,CUST00017,Callum Pritchard-Fletcher,(0191) 496 0585,7923.59,Duplicate Charge,DSP00247,Dispute,2024-08-09,,,,,,Withdrawn by customer,zoe.nakamura@securebankplc.com,RM014,Zoe Nakamura,s3://banking-docs-poc-qahftr/disputes/2024/08/DSP00247.pdf,34-34-78,
67010651,Savings,BR006,Bristol,Referred to Ombudsman,"Wire Transfer Error dispute of £1,165.11. Status: Referred to Ombudsman. Resolution: Resolved in bank favour.",2026-04-04,,,,"Studio 8, O'Neill common, Bradleytown, N89 1ER",kwilkinson@example.com,CUST00017,Callum Pritchard-Fletcher,(0191) 496 0585,1165.11,Wire Transfer Error,DSP00248,Dispute,2026-01-12,,,,,,Resolved in bank favour,zoe.nakamura@securebankplc.com,RM014,Zoe Nakamura,s3://banking-docs-poc-qahftr/disputes/2026/01/DSP00248.pdf,34-34-78,
94680443,Premier,BR003,Birmingham,Referred to Ombudsman,"Duplicate Charge dispute of £5,059.07. Status: Referred to Ombudsman. Resolution: No further action.",2025-01-10,,,,"Flat 18v, Harrison dam, Lake Terence, WC55 5TN",jwright@example.org,CUST00036,Jane Smith-Winter,01632 960 933,5059.07,Duplicate Charge,DSP00249,Dispute,2024-11-25,,,,,,No further action,isabella.rossi@securebankplc.com,RM020,Isabella Rossi,s3://banking-docs-poc-qahftr/disputes/2024/11/DSP00249.pdf,84-87-93,
46872343,Current,BR005,Leeds,Referred to Ombudsman,Wire Transfer Error dispute of £40.61. Status: Referred to Ombudsman. Resolution: Partial refund issued.,2025-01-12,,,,"Flat 36Y, Robinson isle, Smithtown, E14 6PL",lydiadunn@example.net,CUST00020,Gemma Clark-Parry,(0141) 4960819,40.61,Wire Transfer Error,DSP00250,Dispute,2024-11-06,,,,,,Partial refund issued,patrick.devereux@securebankplc.com,RM015,Patrick Devereux,s3://banking-docs-poc-qahftr/disputes/2024/11/DSP00250.pdf,84-79-17,
96705466,ISA,BR010,Sheffield,Withdrawn,"Account Closure Complaint complaint, priority High. Status: Withdrawn. Compensation: £85.18",2024-11-03,,85.18,Account Closure Complaint,"40 Lucy bridge, Lindseymouth, G84 0TL",tread@example.com,CUST00044,Gemma Wheeler,+44(0)2074960205,,,CMP00001,Complaint,2024-09-13,High,,,,,Partial refund issued,james.hargreaves@securebankplc.com,RM001,James Hargreaves,s3://banking-docs-poc-qahftr/complaints/2024/09/CMP00001.pdf,79-87-38,
46706562,Premier,BR008,Glasgow,Closed-Lost,"Fee Dispute complaint, priority Medium. Status: Closed-Lost. Compensation: £170.74",2024-10-07,,170.74,Fee Dispute,"02 Dorothy haven, Melanieland, E5 7RW",joanturner@example.net,CUST00045,Mrs Hayley Edwards,+44131 496 0418,,,CMP00002,Complaint,2024-09-16,Medium,,,,,Resolved in bank favour,rachel.o'brien@securebankplc.com,RM008,Rachel O'Brien,s3://banking-docs-poc-qahftr/complaints/2024/09/CMP00002.pdf,26-89-78,
48350305,Premier,BR008,Glasgow,Closed-Lost,"Online Banking Issue complaint, priority Critical. Status: Closed-Lost. No compensation paid.",2026-01-22,,0,Online Banking Issue,"172 Cameron meadow, Wayneview, S56 4EY",littlefrances@example.com,CUST00006,Simon Evans,+44(0)1144960022,,,CMP00003,Complaint,2025-12-04,Critical,,,,,Resolved in bank favour,liam.fitzgerald@securebankplc.com,RM013,Liam Fitzgerald,s3://banking-docs-poc-qahftr/complaints/2025/12/CMP00003.pdf,44-18-37,
87133150,ISA,BR006,Bristol,Withdrawn,"Branch Service Complaint complaint, priority High. Status: Withdrawn. No compensation paid.",2025-12-05,,0,Branch Service Complaint,"Flat 9, Linda ridges, North Bryan, M6D 0FR",dominic47@example.com,CUST00014,Jodie Pritchard-Baker,(020)74960896,,,CMP00004,Complaint,2025-11-10,High,,,,,Resolved in customer favour,patrick.devereux@securebankplc.com,RM015,Patrick Devereux,s3://banking-docs-poc-qahftr/complaints/2025/11/CMP00004.pdf,80-39-85,
77387214,ISA,BR006,Bristol,Withdrawn,"Online Banking Issue complaint, priority High. Status: Withdrawn. No compensation paid.",2025-06-29,,0,Online Banking Issue,"Flat 81G, Singh loaf, Colehaven, PL0V 2FR",ashleigh56@example.com,CUST00037,Edward Jackson,0117 496 0960,,,CMP00005,Complaint,2025-05-08,High,,,,,Resolved in bank favour,patrick.devereux@securebankplc.com,RM015,Patrick Devereux,s3://banking-docs-poc-qahftr/complaints/2025/05/CMP00005.pdf,94-91-89,
61939909,Current,BR002,Manchester Central,Withdrawn,"Account Closure Complaint complaint, priority Low. Status: Withdrawn. No compensation paid.",2024-06-23,,0,Account Closure Complaint,"13 Dean green, South Dennischester, IG4 0SA",justin74@example.org,CUST00022,Mrs Lucy Hyde,(0191)4960767,,,CMP00006,Complaint,2024-05-19,Low,,,,,Partial refund issued,rachel.o'brien@securebankplc.com,RM008,Rachel O'Brien,s3://banking-docs-poc-qahftr/complaints/2024/05/CMP00006.pdf,63-94-84,
60883561,Business Current,BR005,Leeds,Closed-Won,"Staff Conduct complaint, priority Medium. Status: Closed-Won. Compensation: £94.07",2024-12-08,,94.07,Staff Conduct,"03 Faulkner run, Lake Victorstad, HA9 2TL",hicksdawn@example.net,CUST00034,Brandon Middleton,(0131) 496 0052,,,CMP00007,Complaint,2024-11-05,Medium,,,,,Resolved in customer favour,sophie.chen@securebankplc.com,RM002,Sophie Chen,s3://banking-docs-poc-qahftr/complaints/2024/11/CMP00007.pdf,89-50-94,
46872343,Current,BR005,Leeds,Closed-Lost,"Mortgage Related complaint, priority Critical. Status: Closed-Lost. No compensation paid.",2024-07-21,,0,Mortgage Related,"Flat 36Y, Robinson isle, Smithtown, E14 6PL",lydiadunn@example.net,CUST00020,Gemma Clark-Parry,(0141) 4960819,,,CMP00008,Complaint,2024-06-15,Critical,,,,,Resolved in customer favour,patrick.devereux@securebankplc.com,RM015,Patrick Devereux,s3://banking-docs-poc-qahftr/complaints/2024/06/CMP00008.pdf,84-79-17,
29973763,Current,BR004,Edinburgh,Referred to Ombudsman,"Staff Conduct complaint, priority Medium. Status: Referred to Ombudsman. Compensation: £439.2",2024-11-15,,439.2,Staff Conduct,"609 Price crescent, North Joanneside, HP84 0EX",antonyjones@example.com,CUST00016,Leah Kay,+44(0)118 496 0897,,,CMP00009,Complaint,2024-10-15,Medium,,,,,Resolved in bank favour,fatima.hassan@securebankplc.com,RM018,Fatima Hassan,s3://banking-docs-poc-qahftr/complaints/2024/10/CMP00009.pdf,22-94-65,
16697848,Current,BR007,Cardiff,Referred to Ombudsman,"Account Closure Complaint complaint, priority Critical. Status: Referred to Ombudsman. No compensation paid.",2025-09-05,,0,Account Closure Complaint,"Studio 67, Lee rue, McDonaldmouth, DT3X 5GB",brenda41@example.com,CUST00009,Dr Sharon Jones,(0909) 8790528,,,CMP00010,Complaint,2025-08-15,Critical,,,,,Escalated to Ombudsman,isabella.rossi@securebankplc.com,RM020,Isabella Rossi,s3://banking-docs-poc-qahftr/complaints/2025/08/CMP00010.pdf,97-24-97,
61939909,Current,BR002,Manchester Central,Closed-Won,"Loan Processing Delay complaint, priority Critical. Status: Closed-Won. No compensation paid.",2025-11-19,,0,Loan Processing Delay,"13 Dean green, South Dennischester, IG4 0SA",justin74@example.org,CUST00022,Mrs Lucy Hyde,(0191)4960767,,,CMP00011,Complaint,2025-10-13,Critical,,,,,Escalated to Ombudsman,rachel.o'brien@securebankplc.com,RM008,Rachel O'Brien,s3://banking-docs-poc-qahftr/complaints/2025/10/CMP00011.pdf,63-94-84,
22602563,Business Current,BR003,Birmingham,Closed-Lost,"Loan Processing Delay complaint, priority High. Status: Closed-Lost. Compensation: £36.46",2025-04-20,,36.46,Loan Processing Delay,"5 Colin tunnel, Hazelshire, BS92 9UW",dylanreid@example.com,CUST00030,Mohamed Ahmed,(0121) 4960087,,,CMP00012,Complaint,2025-03-10,High,,,,,Withdrawn by customer,rachel.o'brien@securebankplc.com,RM008,Rachel O'Brien,s3://banking-docs-poc-qahftr/complaints/2025/03/CMP00012.pdf,30-99-23,
40164005,Savings,BR009,Liverpool,Withdrawn,"Staff Conduct complaint, priority Medium. Status: Withdrawn. No compensation paid.",2025-11-20,,0,Staff Conduct,"080 Lewis route, Port Sara, G5G 7RZ",browneileen@example.net,CUST00027,Maria Forster,0909 879 0429,,,CMP00013,Complaint,2025-09-25,Medium,,,,,No further action,amelia.singh@securebankplc.com,RM016,Amelia Singh,s3://banking-docs-poc-qahftr/complaints/2025/09/CMP00013.pdf,91-43-30,
18244935,Savings,BR005,Leeds,Withdrawn,"Poor Customer Service complaint, priority High. Status: Withdrawn. No compensation paid.",2025-07-22,,0,Poor Customer Service,"Studio 91, Grace ports, New Brettbury, M3 7WT",nwood@example.org,CUST00026,Linda Mason-Thornton,(0115) 4960463,,,CMP00014,Complaint,2025-07-05,High,,,,,Escalated to Ombudsman,emily.watson@securebankplc.com,RM004,Emily Watson,s3://banking-docs-poc-qahftr/complaints/2025/07/CMP00014.pdf,97-91-43,
41343524,Current,BR009,Liverpool,Closed-Lost,"Online Banking Issue complaint, priority Low. Status: Closed-Lost. Compensation: £450.97",2025-08-20,,450.97,Online Banking Issue,"849 Hughes shore, Collinsland, UB6 1HT",matthewsfrances@example.org,CUST00058,Linda Hall,01632 960639,,,CMP00015,Complaint,2025-08-05,Low,,,,,Resolved in customer favour,isabella.rossi@securebankplc.com,RM020,Isabella Rossi,s3://banking-docs-poc-qahftr/complaints/2025/08/CMP00015.pdf,78-26-45,
99016272,Current,BR001,London City,Closed-Won,"Staff Conduct complaint, priority Critical. Status: Closed-Won. Compensation: £151.2",2025-01-20,,151.2,Staff Conduct,"Flat 46k, Campbell junction, Port Rosemarychester, DE87 6LD",kathleenjones@example.org,CUST00046,Nathan Sanderson,(0808)1570938,,,CMP00016,Complaint,2024-12-10,Critical,,,,,Resolved in customer favour,liam.fitzgerald@securebankplc.com,RM013,Liam Fitzgerald,s3://banking-docs-poc-qahftr/complaints/2024/12/CMP00016.pdf,43-58-51,
84271094,Premier,BR001,London City,Closed-Lost,"Mortgage Related complaint, priority Medium. Status: Closed-Lost. Compensation: £486.4",2024-12-20,,486.4,Mortgage Related,"8 Gemma rapid, Charlesland, DD1A 0SJ",gary02@example.org,CUST00059,Ross Bailey,+441174960914,,,CMP00017,Complaint,2024-12-11,Medium,,,,,No further action,sophie.chen@securebankplc.com,RM002,Sophie Chen,s3://banking-docs-poc-qahftr/complaints/2024/12/CMP00017.pdf,71-66-53,
31351823,Savings,BR005,Leeds,Closed-Won,"Branch Service Complaint complaint, priority Critical. Status: Closed-Won. No compensation paid.",2024-09-16,,0,Branch Service Complaint,"81 Wilson club, Douglasmouth, IV2B 6PW",zcollins@example.com,CUST00057,Mathew Little,+44(0)8081570161,,,CMP00018,Complaint,2024-08-19,Critical,,,,,Partial refund issued,carlos.mendez@securebankplc.com,RM009,Carlos Mendez,s3://banking-docs-poc-qahftr/complaints/2024/08/CMP00018.pdf,71-45-85,
96001338,ISA,BR009,Liverpool,Closed-Lost,"Account Closure Complaint complaint, priority Medium. Status: Closed-Lost. No compensation paid.",2024-11-27,,0,Account Closure Complaint,"9 Bird courts, Lake Lesley, E9U 5AD",ellie28@example.net,CUST00001,Eileen Evans,+44(0)1632 960 112,,,CMP00019,Complaint,2024-10-21,Medium,,,,,Resolved in customer favour,mohammed.al-rashid@securebankplc.com,RM003,Mohammed Al-Rashid,s3://banking-docs-poc-qahftr/complaints/2024/10/CMP00019.pdf,13-81-35,
57885685,Business Current,BR005,Leeds,Closed-Lost,"Product Mis-selling complaint, priority High. Status: Closed-Lost. Compensation: £138.02",2026-01-29,,138.02,Product Mis-selling,"Flat 84, Hughes green, Lake Matthew, W7D 3DG",uford@example.com,CUST00056,Marcus Walker,+44(0)29 2018730,,,CMP00020,Complaint,2026-01-14,High,,,,,Resolved in customer favour,george.whitfield@securebankplc.com,RM019,George Whitfield,s3://banking-docs-poc-qahftr/complaints/2026/01/CMP00020.pdf,99-68-44,
31351823,Savings,BR005,Leeds,Referred to Ombudsman,"Product Mis-selling complaint, priority Low. Status: Referred to Ombudsman. Compensation: £404.56",2025-02-09,,404.56,Product Mis-selling,"81 Wilson club, Douglasmouth, IV2B 6PW",zcollins@example.com,CUST00057,Mathew Little,+44(0)8081570161,,,CMP00021,Complaint,2025-01-14,Low,,,,,Escalated to Ombudsman,carlos.mendez@securebankplc.com,RM009,Carlos Mendez,s3://banking-docs-poc-qahftr/complaints/2025/01/CMP00021.pdf,71-45-85,
57885685,Business Current,BR005,Leeds,Closed-Won,"Poor Customer Service complaint, priority Critical. Status: Closed-Won. Compensation: £210.12",2025-05-25,,210.12,Poor Customer Service,"Flat 84, Hughes green, Lake Matthew, W7D 3DG",uford@example.com,CUST00056,Marcus Walker,+44(0)29 2018730,,,CMP00022,Complaint,2025-04-03,Critical,,,,,Escalated to Ombudsman,george.whitfield@securebankplc.com,RM019,George Whitfield,s3://banking-docs-poc-qahftr/complaints/2025/04/CMP00022.pdf,99-68-44,
43039117,Current,BR002,Manchester Central,Referred to Ombudsman,"Fee Dispute complaint, priority Low. Status: Referred to Ombudsman. Compensation: £70.57",2025-01-30,,70.57,Fee Dispute,"427 Brown gardens, West Bethan, AB5 0WZ",turnerjosephine@example.com,CUST00012,Dr Duncan Greenwood,(0909) 879 0062,,,CMP00023,Complaint,2025-01-09,Low,,,,,Escalated to Ombudsman,natalie.burke@securebankplc.com,RM012,Natalie Burke,s3://banking-docs-poc-qahftr/complaints/2025/01/CMP00023.pdf,78-26-26,
84271094,Premier,BR001,London City,Closed-Lost,"Online Banking Issue complaint, priority High. Status: Closed-Lost. No compensation paid.",2026-04-15,,0,Online Banking Issue,"8 Gemma rapid, Charlesland, DD1A 0SJ",gary02@example.org,CUST00059,Ross Bailey,+441174960914,,,CMP00024,Complaint,2026-03-12,High,,,,,Withdrawn by customer,sophie.chen@securebankplc.com,RM002,Sophie Chen,s3://banking-docs-poc-qahftr/complaints/2026/03/CMP00024.pdf,71-66-53,
16697848,Current,BR007,Cardiff,Withdrawn,"Branch Service Complaint complaint, priority Medium. Status: Withdrawn. Compensation: £396.04",2024-11-07,,396.04,Branch Service Complaint,"Studio 67, Lee rue, McDonaldmouth, DT3X 5GB",brenda41@example.com,CUST00009,Dr Sharon Jones,(0909) 8790528,,,CMP00025,Complaint,2024-10-08,Medium,,,,,No further action,isabella.rossi@securebankplc.com,RM020,Isabella Rossi,s3://banking-docs-poc-qahftr/complaints/2024/10/CMP00025.pdf,97-24-97,
29973763,Current,BR004,Edinburgh,Closed-Won,"Account Closure Complaint complaint, priority Medium. Status: Closed-Won. No compensation paid.",2025-04-30,,0,Account Closure Complaint,"609 Price crescent, North Joanneside, HP84 0EX",antonyjones@example.com,CUST00016,Leah Kay,+44(0)118 496 0897,,,CMP00026,Complaint,2025-04-23,Medium,,,,,Resolved in customer favour,fatima.hassan@securebankplc.com,RM018,Fatima Hassan,s3://banking-docs-poc-qahftr/complaints/2025/04/CMP00026.pdf,22-94-65,
61559407,ISA,BR002,Manchester Central,Withdrawn,"Staff Conduct complaint, priority Critical. Status: Withdrawn. Compensation: £354.55",2024-09-13,,354.55,Staff Conduct,"1 George falls, Seanhaven, BA2 6PH",dennis04@example.org,CUST00003,Mrs Lindsey Green,0292018265,,,CMP00027,Complaint,2024-07-31,Critical,,,,,Resolved in customer favour,mohammed.al-rashid@securebankplc.com,RM003,Mohammed Al-Rashid,s3://banking-docs-poc-qahftr/complaints/2024/07/CMP00027.pdf,25-58-20,
31351823,Savings,BR005,Leeds,Closed-Won,"Poor Customer Service complaint, priority Critical. Status: Closed-Won. Compensation: £478.01",2025-12-14,,478.01,Poor Customer Service,"81 Wilson club, Douglasmouth, IV2B 6PW",zcollins@example.com,CUST00057,Mathew Little,+44(0)8081570161,,,CMP00028,Complaint,2025-10-31,Critical,,,,,Partial refund issued,carlos.mendez@securebankplc.com,RM009,Carlos Mendez,s3://banking-docs-poc-qahftr/complaints/2025/10/CMP00028.pdf,71-45-85,
60883561,Business Current,BR005,Leeds,Referred to Ombudsman,"Fee Dispute complaint, priority Low. Status: Referred to Ombudsman. No compensation paid.",2025-07-29,,0,Fee Dispute,"03 Faulkner run, Lake Victorstad, HA9 2TL",hicksdawn@example.net,CUST00034,Brandon Middleton,(0131) 496 0052,,,CMP00029,Complaint,2025-06-22,Low,,,,,Resolved in bank favour,sophie.chen@securebankplc.com,RM002,Sophie Chen,s3://banking-docs-poc-qahftr/complaints/2025/06/CMP00029.pdf,89-50-94,
48350305,Premier,BR008,Glasgow,Closed-Lost,"Branch Service Complaint complaint, priority High. Status: Closed-Lost. No compensation paid.",2025-06-22,,0,Branch Service Complaint,"172 Cameron meadow, Wayneview, S56 4EY",littlefrances@example.com,CUST00006,Simon Evans,+44(0)1144960022,,,CMP00030,Complaint,2025-06-17,High,,,,,Escalated to Ombudsman,liam.fitzgerald@securebankplc.com,RM013,Liam Fitzgerald,s3://banking-docs-poc-qahftr/complaints/2025/06/CMP00030.pdf,44-18-37,
73375433,Current,BR007,Cardiff,Closed-Won,"Product Mis-selling complaint, priority Critical. Status: Closed-Won. No compensation paid.",2024-12-07,,0,Product Mis-selling,"Studio 2, Leah loop, Johnsonport, G7T 2YS",brenda28@example.com,CUST00031,Kathryn Shah,+44(0)117 496 0843,,,CMP00031,Complaint,2024-11-29,Critical,,,,,Partial refund issued,sophie.chen@securebankplc.com,RM002,Sophie Chen,s3://banking-docs-poc-qahftr/complaints/2024/11/CMP00031.pdf,94-34-61,
34332003,Premier,BR006,Bristol,Closed-Lost,"Poor Customer Service complaint, priority Medium. Status: Closed-Lost. Compensation: £395.24",2024-06-04,,395.24,Poor Customer Service,"0 Kate locks, Juneside, S2A 7TS",lawrencemiles@example.net,CUST00038,Frederick Pearson-Webster,(0116)4960522,,,CMP00032,Complaint,2024-05-31,Medium,,,,,Resolved in customer favour,mohammed.al-rashid@securebankplc.com,RM003,Mohammed Al-Rashid,s3://banking-docs-poc-qahftr/complaints/2024/05/CMP00032.pdf,88-19-68,
31665876,Current,BR007,Cardiff,Closed-Lost,"Account Closure Complaint complaint, priority Low. Status: Closed-Lost. No compensation paid.",2025-07-20,,0,Account Closure Complaint,"03 French walks, East Janice, E05 3RJ",tross@example.net,CUST00043,Miss Kimberley Robinson,(0191) 496 0369,,,CMP00033,Complaint,2025-06-17,Low,,,,,Resolved in customer favour,david.okafor@securebankplc.com,RM005,David Okafor,s3://banking-docs-poc-qahftr/complaints/2025/06/CMP00033.pdf,36-63-59,
71434558,Current,BR004,Edinburgh,Referred to Ombudsman,"Loan Processing Delay complaint, priority High. Status: Referred to Ombudsman. No compensation paid.",2025-04-13,,0,Loan Processing Delay,"Studio 39, Justin center, Lynnland, IP6X 6GJ",gbell@example.net,CUST00042,Dylan White,(0116)4960817,,,CMP00034,Complaint,2025-02-28,High,,,,,Escalated to Ombudsman,carlos.mendez@securebankplc.com,RM009,Carlos Mendez,s3://banking-docs-poc-qahftr/complaints/2025/02/CMP00034.pdf,27-29-39,
99016272,Current,BR001,London City,Closed-Lost,"Branch Service Complaint complaint, priority Medium. Status: Closed-Lost. Compensation: £58.6",2025-11-24,,58.6,Branch Service Complaint,"Flat 46k, Campbell junction, Port Rosemarychester, DE87 6LD",kathleenjones@example.org,CUST00046,Nathan Sanderson,(0808)1570938,,,CMP00035,Complaint,2025-11-11,Medium,,,,,Escalated to Ombudsman,liam.fitzgerald@securebankplc.com,RM013,Liam Fitzgerald,s3://banking-docs-poc-qahftr/complaints/2025/11/CMP00035.pdf,43-58-51,
61939909,Current,BR002,Manchester Central,Closed-Lost,"Mortgage Related complaint, priority Medium. Status: Closed-Lost. No compensation paid.",2024-11-18,,0,Mortgage Related,"13 Dean green, South Dennischester, IG4 0SA",justin74@example.org,CUST00022,Mrs Lucy Hyde,(0191)4960767,,,CMP00036,Complaint,2024-11-07,Medium,,,,,Withdrawn by customer,rachel.o'brien@securebankplc.com,RM008,Rachel O'Brien,s3://banking-docs-poc-qahftr/complaints/2024/11/CMP00036.pdf,63-94-84,
96705466,ISA,BR010,Sheffield,Withdrawn,"Loan Processing Delay complaint, priority Low. Status: Withdrawn. No compensation paid.",2024-11-17,,0,Loan Processing Delay,"40 Lucy bridge, Lindseymouth, G84 0TL",tread@example.com,CUST00044,Gemma Wheeler,+44(0)2074960205,,,CMP00037,Complaint,2024-11-07,Low,,,,,Partial refund issued,james.hargreaves@securebankplc.com,RM001,James Hargreaves,s3://banking-docs-poc-qahftr/complaints/2024/11/CMP00037.pdf,79-87-38,
83777014,Savings,BR007,Cardiff,Withdrawn,"Staff Conduct complaint, priority High. Status: Withdrawn. No compensation paid.",2025-02-12,,0,Staff Conduct,"Flat 40w, Davies tunnel, Lake Edwardshire, SM29 6NX",melissa67@example.net,CUST00055,Trevor Mills,01314960541,,,CMP00038,Complaint,2025-01-22,High,,,,,Resolved in bank favour,amelia.singh@securebankplc.com,RM016,Amelia Singh,s3://banking-docs-poc-qahftr/complaints/2025/01/CMP00038.pdf,61-98-41,
19655698,Current,BR005,Leeds,Referred to Ombudsman,"Loan Processing Delay complaint, priority High. Status: Referred to Ombudsman. No compensation paid.",2025-12-24,,0,Loan Processing Delay,"8 Johnson squares, Port Katherine, G88 1RX",mohamedberry@example.org,CUST00033,Lee Middleton,(0909) 879 0898,,,CMP00039,Complaint,2025-11-13,High,,,,,Partial refund issued,sophie.chen@securebankplc.com,RM002,Sophie Chen,s3://banking-docs-poc-qahftr/complaints/2025/11/CMP00039.pdf,59-83-34,
95931034,Current,BR009,Liverpool,Referred to Ombudsman,"Online Banking Issue complaint, priority High. Status: Referred to Ombudsman. Compensation: £205.55",2024-08-30,,205.55,Online Banking Issue,"Studio 8, James island, Junemouth, WS53 0LG",natasha17@example.net,CUST00004,Angela Jackson,(0118)4960554,,,CMP00040,Complaint,2024-07-10,High,,,,,Escalated to Ombudsman,aisha.patel@securebankplc.com,RM010,Aisha Patel,s3://banking-docs-poc-qahftr/complaints/2024/07/CMP00040.pdf,39-22-58,
36763201,Premier,BR007,Cardiff,Closed-Lost,"Staff Conduct complaint, priority High. Status: Closed-Lost. No compensation paid.",2025-11-25,,0,Staff Conduct,"7 Wood trail, Guymouth, G4 3UA",barry51@example.com,CUST00039,Terence Smith,+441414960870,,,CMP00041,Complaint,2025-10-30,High,,,,,No further action,george.whitfield@securebankplc.com,RM019,George Whitfield,s3://banking-docs-poc-qahftr/complaints/2025/10/CMP00041.pdf,38-32-99,
71434558,Current,BR004,Edinburgh,Withdrawn,"Fee Dispute complaint, priority Medium. Status: Withdrawn. Compensation: £6.81",2024-07-06,,6.81,Fee Dispute,"Studio 39, Justin center, Lynnland, IP6X 6GJ",gbell@example.net,CUST00042,Dylan White,(0116)4960817,,,CMP00042,Complaint,2024-05-30,Medium,,,,,Escalated to Ombudsman,carlos.mendez@securebankplc.com,RM009,Carlos Mendez,s3://banking-docs-poc-qahftr/complaints/2024/05/CMP00042.pdf,27-29-39,
00330923,Savings,BR004,Edinburgh,Referred to Ombudsman,"Poor Customer Service complaint, priority Low. Status: Referred to Ombudsman. Compensation: £394.77",2025-11-24,,394.77,Poor Customer Service,"Flat 69, Khan plaza, West Harriet, L1S 5NB",emily97@example.org,CUST00048,Francesca Lucas,(0141) 4960004,,,CMP00043,Complaint,2025-10-06,Low,,,,,Resolved in bank favour,mohammed.al-rashid@securebankplc.com,RM003,Mohammed Al-Rashid,s3://banking-docs-poc-qahftr/complaints/2025/10/CMP00043.pdf,70-95-24,
37672423,ISA,BR010,Sheffield,Closed-Won,"Mortgage Related complaint, priority High. Status: Closed-Won. No compensation paid.",2026-03-29,,0,Mortgage Related,"5 Chelsea street, Jessicashire, SN4 9XJ",elliott68@example.com,CUST00007,Sylvia Bolton,0131 496 0785,,,CMP00044,Complaint,2026-02-17,High,,,,,No further action,william.foster@securebankplc.com,RM011,William Foster,s3://banking-docs-poc-qahftr/complaints/2026/02/CMP00044.pdf,78-43-84,
32677360,Savings,BR001,London City,Closed-Lost,"Mortgage Related complaint, priority Low. Status: Closed-Lost. No compensation paid.",2025-01-19,,0,Mortgage Related,"60 Mitchell expressway, Martinberg, B5 8WU",thomasking@example.org,CUST00019,Sharon Price,0191 498 0065,,,CMP00045,Complaint,2024-11-26,Low,,,,,Partial refund issued,mohammed.al-rashid@securebankplc.com,RM003,Mohammed Al-Rashid,s3://banking-docs-poc-qahftr/complaints/2024/11/CMP00045.pdf,58-10-59,
34332003,Premier,BR006,Bristol,Withdrawn,"Poor Customer Service complaint, priority Low. Status: Withdrawn. Compensation: £15.5",2025-07-23,,15.5,Poor Customer Service,"0 Kate locks, Juneside, S2A 7TS",lawrencemiles@example.net,CUST00038,Frederick Pearson-Webster,(0116)4960522,,,CMP00046,Complaint,2025-07-17,Low,,,,,Resolved in customer favour,mohammed.al-rashid@securebankplc.com,RM003,Mohammed Al-Rashid,s3://banking-docs-poc-qahftr/complaints/2025/07/CMP00046.pdf,88-19-68,
31351823,Savings,BR005,Leeds,Closed-Lost,"Mortgage Related complaint, priority High. Status: Closed-Lost. No compensation paid.",2026-02-18,,0,Mortgage Related,"81 Wilson club, Douglasmouth, IV2B 6PW",zcollins@example.com,CUST00057,Mathew Little,+44(0)8081570161,,,CMP00047,Complaint,2026-02-04,High,,,,,Resolved in customer favour,carlos.mendez@securebankplc.com,RM009,Carlos Mendez,s3://banking-docs-poc-qahftr/complaints/2026/02/CMP00047.pdf,71-45-85,
68011280,Business Current,BR008,Glasgow,Closed-Lost,"Account Closure Complaint complaint, priority Low. Status: Closed-Lost. Compensation: £494.85",2024-12-15,,494.85,Account Closure Complaint,"9 Graeme throughway, Jonesmouth, TS6 3LX",terence80@example.org,CUST00028,Dominic Harvey,+441632 960888,,,CMP00048,Complaint,2024-10-30,Low,,,,,Withdrawn by customer,fatima.hassan@securebankplc.com,RM018,Fatima Hassan,s3://banking-docs-poc-qahftr/complaints/2024/10/CMP00048.pdf,84-80-28,
00330923,Savings,BR004,Edinburgh,Closed-Lost,"Account Closure Complaint complaint, priority Critical. Status: Closed-Lost. Compensation: £189.57",2025-04-16,,189.57,Account Closure Complaint,"Flat 69, Khan plaza, West Harriet, L1S 5NB",emily97@example.org,CUST00048,Francesca Lucas,(0141) 4960004,,,CMP00049,Complaint,2025-02-19,Critical,,,,,Resolved in bank favour,mohammed.al-rashid@securebankplc.com,RM003,Mohammed Al-Rashid,s3://banking-docs-poc-qahftr/complaints/2025/02/CMP00049.pdf,70-95-24,
32677360,Savings,BR001,London City,Closed-Lost,"Mortgage Related complaint, priority Low. Status: Closed-Lost. No compensation paid.",2024-07-08,,0,Mortgage Related,"60 Mitchell expressway, Martinberg, B5 8WU",thomasking@example.org,CUST00019,Sharon Price,0191 498 0065,,,CMP00050,Complaint,2024-07-05,Low,,,,,Resolved in customer favour,mohammed.al-rashid@securebankplc.com,RM003,Mohammed Al-Rashid,s3://banking-docs-poc-qahftr/complaints/2024/07/CMP00050.pdf,58-10-59,
46706562,Premier,BR008,Glasgow,Closed-Won,"Loan Processing Delay complaint, priority High. Status: Closed-Won. Compensation: £167.22",2025-09-16,,167.22,Loan Processing Delay,"02 Dorothy haven, Melanieland, E5 7RW",joanturner@example.net,CUST00045,Mrs Hayley Edwards,+44131 496 0418,,,CMP00051,Complaint,2025-08-15,High,,,,,No further action,rachel.o'brien@securebankplc.com,RM008,Rachel O'Brien,s3://banking-docs-poc-qahftr/complaints/2025/08/CMP00051.pdf,26-89-78,
65328710,Current,BR007,Cardiff,Withdrawn,"Poor Customer Service complaint, priority Low. Status: Withdrawn. Compensation: £420.75",2026-03-03,,420.75,Poor Customer Service,"Flat 35, Schofield ramp, Roseside, M75 9FB",juliefield@example.org,CUST00008,Derek Clarke,+44909 8790520,,,CMP00052,Complaint,2026-01-21,Low,,,,,No further action,george.whitfield@securebankplc.com,RM019,George Whitfield,s3://banking-docs-poc-qahftr/complaints/2026/01/CMP00052.pdf,29-90-30,
74529912,Business Current,BR010,Sheffield,Referred to Ombudsman,"Staff Conduct complaint, priority Medium. Status: Referred to Ombudsman. Compensation: £208.6",2025-05-31,,208.6,Staff Conduct,"217 Natasha passage, Staceyberg, B2B 9DT",carterdeclan@example.org,CUST00049,Patricia Hopkins-Waters,+449098790877,,,CMP00053,Complaint,2025-04-18,Medium,,,,,Partial refund issued,thomas.müller@securebankplc.com,RM007,Thomas Müller,s3://banking-docs-poc-qahftr/complaints/2025/04/CMP00053.pdf,23-84-13,
10310518,Savings,BR004,Edinburgh,Withdrawn,"Branch Service Complaint complaint, priority Critical. Status: Withdrawn. Compensation: £91.06",2025-07-14,,91.06,Branch Service Complaint,"18 Kenneth turnpike, New Louise, G47 7JP",xmacdonald@example.net,CUST00015,Wayne Atkinson,+44(0)1632960597,,,CMP00054,Complaint,2025-05-21,Critical,,,,,Escalated to Ombudsman,james.hargreaves@securebankplc.com,RM001,James Hargreaves,s3://banking-docs-poc-qahftr/complaints/2025/05/CMP00054.pdf,45-95-72,
65328710,Current,BR007,Cardiff,Closed-Won,"Online Banking Issue complaint, priority Medium. Status: Closed-Won. No compensation paid.",2025-03-08,,0,Online Banking Issue,"Flat 35, Schofield ramp, Roseside, M75 9FB",juliefield@example.org,CUST00008,Derek Clarke,+44909 8790520,,,CMP00055,Complaint,2025-01-13,Medium,,,,,Withdrawn by customer,george.whitfield@securebankplc.com,RM019,George Whitfield,s3://banking-docs-poc-qahftr/complaints/2025/01/CMP00055.pdf,29-90-30,
27849808,Business Current,BR006,Bristol,Closed-Won,"Poor Customer Service complaint, priority Critical. Status: Closed-Won. No compensation paid.",2025-10-14,,0,Poor Customer Service,"Flat 3, Chan viaduct, Royport, L35 1EQ",clairewilson@example.org,CUST00025,Bryan Brown,0808 1570256,,,CMP00056,Complaint,2025-09-15,Critical,,,,,Partial refund issued,aisha.patel@securebankplc.com,RM010,Aisha Patel,s3://banking-docs-poc-qahftr/complaints/2025/09/CMP00056.pdf,94-23-27,
37940265,Business Current,BR009,Liverpool,Withdrawn,"Online Banking Issue complaint, priority Medium. Status: Withdrawn. No compensation paid.",2024-11-27,,0,Online Banking Issue,"04 Howard land, Port Leeview, N5C 3RF",rachelkelly@example.org,CUST00002,Nigel Rose,+44151 4960869,,,CMP00057,Complaint,2024-11-01,Medium,,,,,Escalated to Ombudsman,zoe.nakamura@securebankplc.com,RM014,Zoe Nakamura,s3://banking-docs-poc-qahftr/complaints/2024/11/CMP00057.pdf,29-37-53,
32677360,Savings,BR001,London City,Withdrawn,"Poor Customer Service complaint, priority High. Status: Withdrawn. No compensation paid.",2024-09-06,,0,Poor Customer Service,"60 Mitchell expressway, Martinberg, B5 8WU",thomasking@example.org,CUST00019,Sharon Price,0191 498 0065,,,CMP00058,Complaint,2024-08-04,High,,,,,Resolved in customer favour,mohammed.al-rashid@securebankplc.com,RM003,Mohammed Al-Rashid,s3://banking-docs-poc-qahftr/complaints/2024/08/CMP00058.pdf,58-10-59,
24896383,Business Current,BR008,Glasgow,Closed-Lost,"Staff Conduct complaint, priority Critical. Status: Closed-Lost. No compensation paid.",2024-11-30,,0,Staff Conduct,"2 Carter lane, Allenland, FY2M 9AU",dorothymurray@example.org,CUST00013,Ms Dorothy Burns,+44141 496 0933,,,CMP00059,Complaint,2024-10-14,Critical,,,,,No further action,fatima.hassan@securebankplc.com,RM018,Fatima Hassan,s3://banking-docs-poc-qahftr/complaints/2024/10/CMP00059.pdf,61-95-93,
93252880,ISA,BR005,Leeds,Closed-Won,"Fee Dispute complaint, priority Critical. Status: Closed-Won. No compensation paid.",2025-07-26,,0,Fee Dispute,"5 Gough mountain, South Katherine, B6D 7NW",morgankimberley@example.net,CUST00011,Anthony Potter-Barber,+44(0)118 4960018,,,CMP00060,Complaint,2025-06-20,Critical,,,,,Withdrawn by customer,robert.blackwood@securebankplc.com,RM017,Robert Blackwood,s3://banking-docs-poc-qahftr/complaints/2025/06/CMP00060.pdf,51-72-12,
83777014,Savings,BR007,Cardiff,Closed-Won,"Account Closure Complaint complaint, priority Medium. Status: Closed-Won. No compensation paid.",2025-11-09,,0,Account Closure Complaint,"Flat 40w, Davies tunnel, Lake Edwardshire, SM29 6NX",melissa67@example.net,CUST00055,Trevor Mills,01314960541,,,CMP00061,Complaint,2025-10-31,Medium,,,,,Escalated to Ombudsman,amelia.singh@securebankplc.com,RM016,Amelia Singh,s3://banking-docs-poc-qahftr/complaints/2025/10/CMP00061.pdf,61-98-41,
09788208,Current,BR006,Bristol,Closed-Won,"Branch Service Complaint complaint, priority High. Status: Closed-Won. Compensation: £78.61",2024-09-19,,78.61,Branch Service Complaint,"46 George walks, Port Peter, NG03 2JW",robertgrant@example.org,CUST00021,Elliot Williams,0141 496 0539,,,CMP00062,Complaint,2024-09-06,High,,,,,No further action,sophie.chen@securebankplc.com,RM002,Sophie Chen,s3://banking-docs-poc-qahftr/complaints/2024/09/CMP00062.pdf,33-18-86,
46706562,Premier,BR008,Glasgow,Withdrawn,"Fee Dispute complaint, priority High. Status: Withdrawn. Compensation: £457.65",2025-11-05,,457.65,Fee Dispute,"02 Dorothy haven, Melanieland, E5 7RW",joanturner@example.net,CUST00045,Mrs Hayley Edwards,+44131 496 0418,,,CMP00063,Complaint,2025-10-07,High,,,,,Escalated to Ombudsman,rachel.o'brien@securebankplc.com,RM008,Rachel O'Brien,s3://banking-docs-poc-qahftr/complaints/2025/10/CMP00063.pdf,26-89-78,
47116719,Current,BR003,Birmingham,Referred to Ombudsman,"Branch Service Complaint complaint, priority Critical. Status: Referred to Ombudsman. Compensation: £286.68",2025-02-01,,286.68,Branch Service Complaint,"Flat 7, Tina brook, Samberg, W2 8EN",leslie82@example.com,CUST00060,Ricky Duffy,0113 4960453,,,CMP00064,Complaint,2024-12-07,Critical,,,,,No further action,sophie.chen@securebankplc.com,RM002,Sophie Chen,s3://banking-docs-poc-qahftr/complaints/2024/12/CMP00064.pdf,29-29-82,
47116719,Current,BR003,Birmingham,Referred to Ombudsman,"Account Closure Complaint complaint, priority High. Status: Referred to Ombudsman. No compensation paid.",2024-06-04,,0,Account Closure Complaint,"Flat 7, Tina brook, Samberg, W2 8EN",leslie82@example.com,CUST00060,Ricky Duffy,0113 4960453,,,CMP00065,Complaint,2024-05-13,High,,,,,Partial refund issued,sophie.chen@securebankplc.com,RM002,Sophie Chen,s3://banking-docs-poc-qahftr/complaints/2024/05/CMP00065.pdf,29-29-82,
84656482,Savings,BR002,Manchester Central,Referred to Ombudsman,"Poor Customer Service complaint, priority Medium. Status: Referred to Ombudsman. No compensation paid.",2025-05-27,,0,Poor Customer Service,"9 Barry circles, Hollandland, BN7 6GW",gerald83@example.org,CUST00035,Dr Bruce Metcalfe,+44(0)114 4960337,,,CMP00066,Complaint,2025-05-08,Medium,,,,,Resolved in customer favour,aisha.patel@securebankplc.com,RM010,Aisha Patel,s3://banking-docs-poc-qahftr/complaints/2025/05/CMP00066.pdf,63-95-58,
71434558,Current,BR004,Edinburgh,Referred to Ombudsman,"Account Closure Complaint complaint, priority Low. Status: Referred to Ombudsman. Compensation: £103.15",2024-09-14,,103.15,Account Closure Complaint,"Studio 39, Justin center, Lynnland, IP6X 6GJ",gbell@example.net,CUST00042,Dylan White,(0116)4960817,,,CMP00067,Complaint,2024-08-13,Low,,,,,Resolved in customer favour,carlos.mendez@securebankplc.com,RM009,Carlos Mendez,s3://banking-docs-poc-qahftr/complaints/2024/08/CMP00067.pdf,27-29-39,
31351823,Savings,BR005,Leeds,Closed-Won,"Branch Service Complaint complaint, priority Medium. Status: Closed-Won. No compensation paid.",2024-07-20,,0,Branch Service Complaint,"81 Wilson club, Douglasmouth, IV2B 6PW",zcollins@example.com,CUST00057,Mathew Little,+44(0)8081570161,,,CMP00068,Complaint,2024-06-19,Medium,,,,,Resolved in bank favour,carlos.mendez@securebankplc.com,RM009,Carlos Mendez,s3://banking-docs-poc-qahftr/complaints/2024/06/CMP00068.pdf,71-45-85,
83777014,Savings,BR007,Cardiff,Closed-Won,"Staff Conduct complaint, priority Medium. Status: Closed-Won. No compensation paid.",2024-08-17,,0,Staff Conduct,"Flat 40w, Davies tunnel, Lake Edwardshire, SM29 6NX",melissa67@example.net,CUST00055,Trevor Mills,01314960541,,,CMP00069,Complaint,2024-08-13,Medium,,,,,Resolved in bank favour,amelia.singh@securebankplc.com,RM016,Amelia Singh,s3://banking-docs-poc-qahftr/complaints/2024/08/CMP00069.pdf,61-98-41,
73375433,Current,BR007,Cardiff,Referred to Ombudsman,"Fee Dispute complaint, priority Critical. Status: Referred to Ombudsman. Compensation: £284.87",2026-01-23,,284.87,Fee Dispute,"Studio 2, Leah loop, Johnsonport, G7T 2YS",brenda28@example.com,CUST00031,Kathryn Shah,+44(0)117 496 0843,,,CMP00070,Complaint,2026-01-04,Critical,,,,,Resolved in customer favour,sophie.chen@securebankplc.com,RM002,Sophie Chen,s3://banking-docs-poc-qahftr/complaints/2026/01/CMP00070.pdf,94-34-61,
31665876,Current,BR007,Cardiff,Withdrawn,"Loan Processing Delay complaint, priority Medium. Status: Withdrawn. No compensation paid.",2026-04-30,,0,Loan Processing Delay,"03 French walks, East Janice, E05 3RJ",tross@example.net,CUST00043,Miss Kimberley Robinson,(0191) 496 0369,,,CMP00071,Complaint,2026-03-09,Medium,,,,,Escalated to Ombudsman,david.okafor@securebankplc.com,RM005,David Okafor,s3://banking-docs-poc-qahftr/complaints/2026/03/CMP00071.pdf,36-63-59,
99016272,Current,BR001,London City,Closed-Lost,"Loan Processing Delay complaint, priority Low. Status: Closed-Lost. No compensation paid.",2025-08-14,,0,Loan Processing Delay,"Flat 46k, Campbell junction, Port Rosemarychester, DE87 6LD",kathleenjones@example.org,CUST00046,Nathan Sanderson,(0808)1570938,,,CMP00072,Complaint,2025-08-04,Low,,,,,Escalated to Ombudsman,liam.fitzgerald@securebankplc.com,RM013,Liam Fitzgerald,s3://banking-docs-poc-qahftr/complaints/2025/08/CMP00072.pdf,43-58-51,
87133150,ISA,BR006,Bristol,Closed-Lost,"Loan Processing Delay complaint, priority Low. Status: Closed-Lost. Compensation: £499.28",2025-04-11,,499.28,Loan Processing Delay,"Flat 9, Linda ridges, North Bryan, M6D 0FR",dominic47@example.com,CUST00014,Jodie Pritchard-Baker,(020)74960896,,,CMP00073,Complaint,2025-02-14,Low,,,,,Resolved in customer favour,patrick.devereux@securebankplc.com,RM015,Patrick Devereux,s3://banking-docs-poc-qahftr/complaints/2025/02/CMP00073.pdf,80-39-85,
09788208,Current,BR006,Bristol,Referred to Ombudsman,"Account Closure Complaint complaint, priority Medium. Status: Referred to Ombudsman. Compensation: £114.41",2025-03-27,,114.41,Account Closure Complaint,"46 George walks, Port Peter, NG03 2JW",robertgrant@example.org,CUST00021,Elliot Williams,0141 496 0539,,,CMP00074,Complaint,2025-03-07,Medium,,,,,Withdrawn by customer,sophie.chen@securebankplc.com,RM002,Sophie Chen,s3://banking-docs-poc-qahftr/complaints/2025/03/CMP00074.pdf,33-18-86,
54549480,ISA,BR008,Glasgow,Referred to Ombudsman,"Loan Processing Delay complaint, priority Medium. Status: Referred to Ombudsman. No compensation paid.",2024-09-03,,0,Loan Processing Delay,"Flat 88, Adam mountains, Lake Clifford, E2E 5YP",littlewilliam@example.org,CUST00054,Jill Norton,01134960860,,,CMP00075,Complaint,2024-07-15,Medium,,,,,Resolved in customer favour,thomas.müller@securebankplc.com,RM007,Thomas Müller,s3://banking-docs-poc-qahftr/complaints/2024/07/CMP00075.pdf,34-20-40,
68011280,Business Current,BR008,Glasgow,Withdrawn,"Account Closure Complaint complaint, priority Low. Status: Withdrawn. No compensation paid.",2025-11-04,,0,Account Closure Complaint,"9 Graeme throughway, Jonesmouth, TS6 3LX",terence80@example.org,CUST00028,Dominic Harvey,+441632 960888,,,CMP00076,Complaint,2025-10-18,Low,,,,,Withdrawn by customer,fatima.hassan@securebankplc.com,RM018,Fatima Hassan,s3://banking-docs-poc-qahftr/complaints/2025/10/CMP00076.pdf,84-80-28,
36763201,Premier,BR007,Cardiff,Closed-Won,"Fee Dispute complaint, priority Medium. Status: Closed-Won. No compensation paid.",2025-05-22,,0,Fee Dispute,"7 Wood trail, Guymouth, G4 3UA",barry51@example.com,CUST00039,Terence Smith,+441414960870,,,CMP00077,Complaint,2025-05-04,Medium,,,,,Partial refund issued,george.whitfield@securebankplc.com,RM019,George Whitfield,s3://banking-docs-poc-qahftr/complaints/2025/05/CMP00077.pdf,38-32-99,
68011280,Business Current,BR008,Glasgow,Withdrawn,"Online Banking Issue complaint, priority Low. Status: Withdrawn. Compensation: £128.56",2025-08-07,,128.56,Online Banking Issue,"9 Graeme throughway, Jonesmouth, TS6 3LX",terence80@example.org,CUST00028,Dominic Harvey,+441632 960888,,,CMP00078,Complaint,2025-06-17,Low,,,,,Escalated to Ombudsman,fatima.hassan@securebankplc.com,RM018,Fatima Hassan,s3://banking-docs-poc-qahftr/complaints/2025/06/CMP00078.pdf,84-80-28,
24896383,Business Current,BR008,Glasgow,Closed-Won,"Account Closure Complaint complaint, priority High. Status: Closed-Won. Compensation: £16.87",2025-02-16,,16.87,Account Closure Complaint,"2 Carter lane, Allenland, FY2M 9AU",dorothymurray@example.org,CUST00013,Ms Dorothy Burns,+44141 496 0933,,,CMP00079,Complaint,2025-01-07,High,,,,,Partial refund issued,fatima.hassan@securebankplc.com,RM018,Fatima Hassan,s3://banking-docs-poc-qahftr/complaints/2025/01/CMP00079.pdf,61-95-93,
09788208,Current,BR006,Bristol,Withdrawn,"Branch Service Complaint complaint, priority Low. Status: Withdrawn. No compensation paid.",2026-04-21,,0,Branch Service Complaint,"46 George walks, Port Peter, NG03 2JW",robertgrant@example.org,CUST00021,Elliot Williams,0141 496 0539,,,CMP00080,Complaint,2026-03-05,Low,,,,,Resolved in bank favour,sophie.chen@securebankplc.com,RM002,Sophie Chen,s3://banking-docs-poc-qahftr/complaints/2026/03/CMP00080.pdf,33-18-86,
47116719,Current,BR003,Birmingham,Closed-Won,"Mortgage Related complaint, priority High. Status: Closed-Won. No compensation paid.",2026-04-25,,0,Mortgage Related,"Flat 7, Tina brook, Samberg, W2 8EN",leslie82@example.com,CUST00060,Ricky Duffy,0113 4960453,,,CMP00081,Complaint,2026-03-12,High,,,,,Escalated to Ombudsman,sophie.chen@securebankplc.com,RM002,Sophie Chen,s3://banking-docs-poc-qahftr/complaints/2026/03/CMP00081.pdf,29-29-82,
65185067,Current,BR006,Bristol,Closed-Won,"Poor Customer Service complaint, priority Critical. Status: Closed-Won. No compensation paid.",2025-02-21,,0,Poor Customer Service,"Flat 29J, Price ramp, South Sam, W3 9GT",chloe20@example.org,CUST00051,Rachael Farmer,+44909 8790358,,,CMP00082,Complaint,2025-01-15,Critical,,,,,Withdrawn by customer,fatima.hassan@securebankplc.com,RM018,Fatima Hassan,s3://banking-docs-poc-qahftr/complaints/2025/01/CMP00082.pdf,65-56-91,
61559407,ISA,BR002,Manchester Central,Referred to Ombudsman,"Product Mis-selling complaint, priority Critical. Status: Referred to Ombudsman. No compensation paid.",2026-04-06,,0,Product Mis-selling,"1 George falls, Seanhaven, BA2 6PH",dennis04@example.org,CUST00003,Mrs Lindsey Green,0292018265,,,CMP00083,Complaint,2026-02-26,Critical,,,,,No further action,mohammed.al-rashid@securebankplc.com,RM003,Mohammed Al-Rashid,s3://banking-docs-poc-qahftr/complaints/2026/02/CMP00083.pdf,25-58-20,
04505331,Business Current,BR007,Cardiff,Closed-Won,"Branch Service Complaint complaint, priority Medium. Status: Closed-Won. Compensation: £336.84",2025-06-04,,336.84,Branch Service Complaint,"868 Hill vista, Rickyburgh, HX6E 1EJ",nwright@example.com,CUST00029,Damian Pearson,+441144960254,,,CMP00084,Complaint,2025-06-01,Medium,,,,,Partial refund issued,david.okafor@securebankplc.com,RM005,David Okafor,s3://banking-docs-poc-qahftr/complaints/2025/06/CMP00084.pdf,81-62-89,
68727743,Business Current,BR010,Sheffield,Withdrawn,"Staff Conduct complaint, priority High. Status: Withdrawn. Compensation: £133.73",2025-04-18,,133.73,Staff Conduct,"6 Lydia branch, Hayleyborough, S5 9ZS",andreadavies@example.com,CUST00041,Jade Elliott-Adams,+44(0)113 4960408,,,CMP00085,Complaint,2025-02-21,High,,,,,Escalated to Ombudsman,robert.blackwood@securebankplc.com,RM017,Robert Blackwood,s3://banking-docs-poc-qahftr/complaints/2025/02/CMP00085.pdf,76-72-90,
10310518,Savings,BR004,Edinburgh,Referred to Ombudsman,"Mortgage Related complaint, priority Critical. Status: Referred to Ombudsman. No compensation paid.",2025-07-18,,0,Mortgage Related,"18 Kenneth turnpike, New Louise, G47 7JP",xmacdonald@example.net,CUST00015,Wayne Atkinson,+44(0)1632960597,,,CMP00086,Complaint,2025-05-28,Critical,,,,,Withdrawn by customer,james.hargreaves@securebankplc.com,RM001,James Hargreaves,s3://banking-docs-poc-qahftr/complaints/2025/05/CMP00086.pdf,45-95-72,
37672423,ISA,BR010,Sheffield,Withdrawn,"Online Banking Issue complaint, priority High. Status: Withdrawn. Compensation: £404.33",2025-09-17,,404.33,Online Banking Issue,"5 Chelsea street, Jessicashire, SN4 9XJ",elliott68@example.com,CUST00007,Sylvia Bolton,0131 496 0785,,,CMP00087,Complaint,2025-07-23,High,,,,,Resolved in bank favour,william.foster@securebankplc.com,RM011,William Foster,s3://banking-docs-poc-qahftr/complaints/2025/07/CMP00087.pdf,78-43-84,
46706562,Premier,BR008,Glasgow,Withdrawn,"Poor Customer Service complaint, priority High. Status: Withdrawn. Compensation: £9.27",2025-09-23,,9.27,Poor Customer Service,"02 Dorothy haven, Melanieland, E5 7RW",joanturner@example.net,CUST00045,Mrs Hayley Edwards,+44131 496 0418,,,CMP00088,Complaint,2025-09-20,High,,,,,Withdrawn by customer,rachel.o'brien@securebankplc.com,RM008,Rachel O'Brien,s3://banking-docs-poc-qahftr/complaints/2025/09/CMP00088.pdf,26-89-78,
84271094,Premier,BR001,London City,Withdrawn,"Account Closure Complaint complaint, priority Critical. Status: Withdrawn. Compensation: £310.08",2024-09-28,,310.08,Account Closure Complaint,"8 Gemma rapid, Charlesland, DD1A 0SJ",gary02@example.org,CUST00059,Ross Bailey,+441174960914,,,CMP00089,Complaint,2024-09-08,Critical,,,,,No further action,sophie.chen@securebankplc.com,RM002,Sophie Chen,s3://banking-docs-poc-qahftr/complaints/2024/09/CMP00089.pdf,71-66-53,
93252880,ISA,BR005,Leeds,Closed-Won,"Fee Dispute complaint, priority High. Status: Closed-Won. Compensation: £460.85",2025-12-17,,460.85,Fee Dispute,"5 Gough mountain, South Katherine, B6D 7NW",morgankimberley@example.net,CUST00011,Anthony Potter-Barber,+44(0)118 4960018,,,CMP00090,Complaint,2025-12-12,High,,,,,Withdrawn by customer,robert.blackwood@securebankplc.com,RM017,Robert Blackwood,s3://banking-docs-poc-qahftr/complaints/2025/12/CMP00090.pdf,51-72-12,
51462704,ISA,BR009,Liverpool,Closed-Won,"Product Mis-selling complaint, priority High. Status: Closed-Won. Compensation: £199.11",2025-11-09,,199.11,Product Mis-selling,"912 Davis landing, Annetown, IM38 7QB",charlene31@example.net,CUST00010,Wayne Wood,(0131) 4960642,,,CMP00091,Complaint,2025-10-09,High,,,,,No further action,carlos.mendez@securebankplc.com,RM009,Carlos Mendez,s3://banking-docs-poc-qahftr/complaints/2025/10/CMP00091.pdf,32-74-23,
95931034,Current,BR009,Liverpool,Closed-Lost,"Online Banking Issue complaint, priority High. Status: Closed-Lost. No compensation paid.",2025-06-30,,0,Online Banking Issue,"Studio 8, James island, Junemouth, WS53 0LG",natasha17@example.net,CUST00004,Angela Jackson,(0118)4960554,,,CMP00092,Complaint,2025-06-23,High,,,,,Escalated to Ombudsman,aisha.patel@securebankplc.com,RM010,Aisha Patel,s3://banking-docs-poc-qahftr/complaints/2025/06/CMP00092.pdf,39-22-58,
37672423,ISA,BR010,Sheffield,Withdrawn,"Loan Processing Delay complaint, priority Low. Status: Withdrawn. No compensation paid.",2024-10-06,,0,Loan Processing Delay,"5 Chelsea street, Jessicashire, SN4 9XJ",elliott68@example.com,CUST00007,Sylvia Bolton,0131 496 0785,,,CMP00093,Complaint,2024-08-13,Low,,,,,No further action,william.foster@securebankplc.com,RM011,William Foster,s3://banking-docs-poc-qahftr/complaints/2024/08/CMP00093.pdf,78-43-84,
47116719,Current,BR003,Birmingham,Referred to Ombudsman,"Online Banking Issue complaint, priority Critical. Status: Referred to Ombudsman. No compensation paid.",2026-03-30,,0,Online Banking Issue,"Flat 7, Tina brook, Samberg, W2 8EN",leslie82@example.com,CUST00060,Ricky Duffy,0113 4960453,,,CMP00094,Complaint,2026-02-23,Critical,,,,,No further action,sophie.chen@securebankplc.com,RM002,Sophie Chen,s3://banking-docs-poc-qahftr/complaints/2026/02/CMP00094.pdf,29-29-82,
08317278,ISA,BR009,Liverpool,Closed-Won,"Account Closure Complaint complaint, priority Medium. Status: Closed-Won. Compensation: £333.87",2024-06-16,,333.87,Account Closure Complaint,"Flat 03O, Hollie mountains, Francescabury, N5F 6ST",julia61@example.net,CUST00040,Dr Glen Campbell,01214960724,,,CMP00095,Complaint,2024-06-08,Medium,,,,,Resolved in customer favour,patrick.devereux@securebankplc.com,RM015,Patrick Devereux,s3://banking-docs-poc-qahftr/complaints/2024/06/CMP00095.pdf,86-50-66,
65328710,Current,BR007,Cardiff,Withdrawn,"Online Banking Issue complaint, priority Medium. Status: Withdrawn. Compensation: £477.79",2025-10-18,,477.79,Online Banking Issue,"Flat 35, Schofield ramp, Roseside, M75 9FB",juliefield@example.org,CUST00008,Derek Clarke,+44909 8790520,,,CMP00096,Complaint,2025-08-27,Medium,,,,,Resolved in bank favour,george.whitfield@securebankplc.com,RM019,George Whitfield,s3://banking-docs-poc-qahftr/complaints/2025/08/CMP00096.pdf,29-90-30,
43039117,Current,BR002,Manchester Central,Referred to Ombudsman,"Staff Conduct complaint, priority Critical. Status: Referred to Ombudsman. Compensation: £345.07",2025-04-26,,345.07,Staff Conduct,"427 Brown gardens, West Bethan, AB5 0WZ",turnerjosephine@example.com,CUST00012,Dr Duncan Greenwood,(0909) 879 0062,,,CMP00097,Complaint,2025-04-15,Critical,,,,,Partial refund issued,natalie.burke@securebankplc.com,RM012,Natalie Burke,s3://banking-docs-poc-qahftr/complaints/2025/04/CMP00097.pdf,78-26-26,
54549480,ISA,BR008,Glasgow,Withdrawn,"Account Closure Complaint complaint, priority Low. Status: Withdrawn. No compensation paid.",2025-01-17,,0,Account Closure Complaint,"Flat 88, Adam mountains, Lake Clifford, E2E 5YP",littlewilliam@example.org,CUST00054,Jill Norton,01134960860,,,CMP00098,Complaint,2024-12-18,Low,,,,,Resolved in bank favour,thomas.müller@securebankplc.com,RM007,Thomas Müller,s3://banking-docs-poc-qahftr/complaints/2024/12/CMP00098.pdf,34-20-40,
46706562,Premier,BR008,Glasgow,Withdrawn,"Branch Service Complaint complaint, priority Medium. Status: Withdrawn. No compensation paid.",2024-09-28,,0,Branch Service Complaint,"02 Dorothy haven, Melanieland, E5 7RW",joanturner@example.net,CUST00045,Mrs Hayley Edwards,+44131 496 0418,,,CMP00099,Complaint,2024-09-08,Medium,,,,,Resolved in bank favour,rachel.o'brien@securebankplc.com,RM008,Rachel O'Brien,s3://banking-docs-poc-qahftr/complaints/2024/09/CMP00099.pdf,26-89-78,
99016272,Current,BR001,London City,Closed-Lost,"Online Banking Issue complaint, priority Medium. Status: Closed-Lost. No compensation paid.",2025-10-24,,0,Online Banking Issue,"Flat 46k, Campbell junction, Port Rosemarychester, DE87 6LD",kathleenjones@example.org,CUST00046,Nathan Sanderson,(0808)1570938,,,CMP00100,Complaint,2025-10-01,Medium,,,,,No further action,liam.fitzgerald@securebankplc.com,RM013,Liam Fitzgerald,s3://banking-docs-poc-qahftr/complaints/2025/10/CMP00100.pdf,43-58-51,
46706562,Premier,BR008,Glasgow,Withdrawn,"Online Banking Issue complaint, priority Low. Status: Withdrawn. No compensation paid.",2025-11-11,,0,Online Banking Issue,"02 Dorothy haven, Melanieland, E5 7RW",joanturner@example.net,CUST00045,Mrs Hayley Edwards,+44131 496 0418,,,CMP00101,Complaint,2025-09-26,Low,,,,,Partial refund issued,rachel.o'brien@securebankplc.com,RM008,Rachel O'Brien,s3://banking-docs-poc-qahftr/complaints/2025/09/CMP00101.pdf,26-89-78,
96001338,ISA,BR009,Liverpool,Withdrawn,"Online Banking Issue complaint, priority Low. Status: Withdrawn. Compensation: £240.57",2026-02-26,,240.57,Online Banking Issue,"9 Bird courts, Lake Lesley, E9U 5AD",ellie28@example.net,CUST00001,Eileen Evans,+44(0)1632 960 112,,,CMP00102,Complaint,2026-01-26,Low,,,,,Withdrawn by customer,mohammed.al-rashid@securebankplc.com,RM003,Mohammed Al-Rashid,s3://banking-docs-poc-qahftr/complaints/2026/01/CMP00102.pdf,13-81-35,
65328710,Current,BR007,Cardiff,Referred to Ombudsman,"Branch Service Complaint complaint, priority High. Status: Referred to Ombudsman. Compensation: £429.71",2025-06-07,,429.71,Branch Service Complaint,"Flat 35, Schofield ramp, Roseside, M75 9FB",juliefield@example.org,CUST00008,Derek Clarke,+44909 8790520,,,CMP00103,Complaint,2025-05-26,High,,,,,Partial refund issued,george.whitfield@securebankplc.com,RM019,George Whitfield,s3://banking-docs-poc-qahftr/complaints/2025/05/CMP00103.pdf,29-90-30,
61939909,Current,BR002,Manchester Central,Closed-Lost,"Fee Dispute complaint, priority Medium. Status: Closed-Lost. No compensation paid.",2026-01-27,,0,Fee Dispute,"13 Dean green, South Dennischester, IG4 0SA",justin74@example.org,CUST00022,Mrs Lucy Hyde,(0191)4960767,,,CMP00104,Complaint,2025-12-14,Medium,,,,,Resolved in customer favour,rachel.o'brien@securebankplc.com,RM008,Rachel O'Brien,s3://banking-docs-poc-qahftr/complaints/2025/12/CMP00104.pdf,63-94-84,
77387214,ISA,BR006,Bristol,Withdrawn,"Product Mis-selling complaint, priority Critical. Status: Withdrawn. No compensation paid.",2025-06-23,,0,Product Mis-selling,"Flat 81G, Singh loaf, Colehaven, PL0V 2FR",ashleigh56@example.com,CUST00037,Edward Jackson,0117 496 0960,,,CMP00105,Complaint,2025-05-20,Critical,,,,,Withdrawn by customer,patrick.devereux@securebankplc.com,RM015,Patrick Devereux,s3://banking-docs-poc-qahftr/complaints/2025/05/CMP00105.pdf,94-91-89,
99016272,Current,BR001,London City,Closed-Lost,"Account Closure Complaint complaint, priority High. Status: Closed-Lost. No compensation paid.",2026-03-10,,0,Account Closure Complaint,"Flat 46k, Campbell junction, Port Rosemarychester, DE87 6LD",kathleenjones@example.org,CUST00046,Nathan Sanderson,(0808)1570938,,,CMP00106,Complaint,2026-01-24,High,,,,,Resolved in bank favour,liam.fitzgerald@securebankplc.com,RM013,Liam Fitzgerald,s3://banking-docs-poc-qahftr/complaints/2026/01/CMP00106.pdf,43-58-51,
22602563,Business Current,BR003,Birmingham,Withdrawn,"Staff Conduct complaint, priority Medium. Status: Withdrawn. No compensation paid.",2026-01-19,,0,Staff Conduct,"5 Colin tunnel, Hazelshire, BS92 9UW",dylanreid@example.com,CUST00030,Mohamed Ahmed,(0121) 4960087,,,CMP00107,Complaint,2026-01-02,Medium,,,,,Withdrawn by customer,rachel.o'brien@securebankplc.com,RM008,Rachel O'Brien,s3://banking-docs-poc-qahftr/complaints/2026/01/CMP00107.pdf,30-99-23,
37672423,ISA,BR010,Sheffield,Closed-Won,"Online Banking Issue complaint, priority Medium. Status: Closed-Won. Compensation: £50.99",2025-07-27,,50.99,Online Banking Issue,"5 Chelsea street, Jessicashire, SN4 9XJ",elliott68@example.com,CUST00007,Sylvia Bolton,0131 496 0785,,,CMP00108,Complaint,2025-07-19,Medium,,,,,Resolved in bank favour,william.foster@securebankplc.com,RM011,William Foster,s3://banking-docs-poc-qahftr/complaints/2025/07/CMP00108.pdf,78-43-84,
31351823,Savings,BR005,Leeds,Closed-Won,"Mortgage Related complaint, priority Medium. Status: Closed-Won. Compensation: £164.09",2026-03-01,,164.09,Mortgage Related,"81 Wilson club, Douglasmouth, IV2B 6PW",zcollins@example.com,CUST00057,Mathew Little,+44(0)8081570161,,,CMP00109,Complaint,2026-02-23,Medium,,,,,Resolved in customer favour,carlos.mendez@securebankplc.com,RM009,Carlos Mendez,s3://banking-docs-poc-qahftr/complaints/2026/02/CMP00109.pdf,71-45-85,
99118384,Savings,BR001,London City,Closed-Lost,"Loan Processing Delay complaint, priority Critical. Status: Closed-Lost. No compensation paid.",2024-08-05,,0,Loan Processing Delay,"73 Samantha forges, Millerton, LS9 6LT",martyn46@example.org,CUST00024,Mr Ronald Singh,+44(0)115 4960476,,,CMP00110,Complaint,2024-06-27,Critical,,,,,Partial refund issued,patrick.devereux@securebankplc.com,RM015,Patrick Devereux,s3://banking-docs-poc-qahftr/complaints/2024/06/CMP00110.pdf,54-18-41,
54549480,ISA,BR008,Glasgow,Closed-Won,"Online Banking Issue complaint, priority Medium. Status: Closed-Won. Compensation: £114.07",2025-03-15,,114.07,Online Banking Issue,"Flat 88, Adam mountains, Lake Clifford, E2E 5YP",littlewilliam@example.org,CUST00054,Jill Norton,01134960860,,,CMP00111,Complaint,2025-03-04,Medium,,,,,No further action,thomas.müller@securebankplc.com,RM007,Thomas Müller,s3://banking-docs-poc-qahftr/complaints/2025/03/CMP00111.pdf,34-20-40,
93252880,ISA,BR005,Leeds,Referred to Ombudsman,"Mortgage Related complaint, priority High. Status: Referred to Ombudsman. Compensation: £384.07",2024-08-03,,384.07,Mortgage Related,"5 Gough mountain, South Katherine, B6D 7NW",morgankimberley@example.net,CUST00011,Anthony Potter-Barber,+44(0)118 4960018,,,CMP00112,Complaint,2024-06-16,High,,,,,Escalated to Ombudsman,robert.blackwood@securebankplc.com,RM017,Robert Blackwood,s3://banking-docs-poc-qahftr/complaints/2024/06/CMP00112.pdf,51-72-12,
74529912,Business Current,BR010,Sheffield,Withdrawn,"Mortgage Related complaint, priority Low. Status: Withdrawn. Compensation: £263.4",2026-01-10,,263.4,Mortgage Related,"217 Natasha passage, Staceyberg, B2B 9DT",carterdeclan@example.org,CUST00049,Patricia Hopkins-Waters,+449098790877,,,CMP00113,Complaint,2025-12-23,Low,,,,,Escalated to Ombudsman,thomas.müller@securebankplc.com,RM007,Thomas Müller,s3://banking-docs-poc-qahftr/complaints/2025/12/CMP00113.pdf,23-84-13,
54353462,Business Current,BR010,Sheffield,Referred to Ombudsman,"Product Mis-selling complaint, priority Medium. Status: Referred to Ombudsman. Compensation: £112.6",2026-01-11,,112.6,Product Mis-selling,"367 Watkins spring, West Scottberg, BH84 0YS",joanlittle@example.net,CUST00023,Terry Stephens-Turner,+44(0)306 9990092,,,CMP00114,Complaint,2025-12-09,Medium,,,,,Withdrawn by customer,robert.blackwood@securebankplc.com,RM017,Robert Blackwood,s3://banking-docs-poc-qahftr/complaints/2025/12/CMP00114.pdf,68-50-19,
65328710,Current,BR007,Cardiff,Closed-Lost,"Online Banking Issue complaint, priority Critical. Status: Closed-Lost. No compensation paid.",2025-09-03,,0,Online Banking Issue,"Flat 35, Schofield ramp, Roseside, M75 9FB",juliefield@example.org,CUST00008,Derek Clarke,+44909 8790520,,,CMP00115,Complaint,2025-07-21,Critical,,,,,Resolved in customer favour,george.whitfield@securebankplc.com,RM019,George Whitfield,s3://banking-docs-poc-qahftr/complaints/2025/07/CMP00115.pdf,29-90-30,
08317278,ISA,BR009,Liverpool,Closed-Lost,"Staff Conduct complaint, priority Low. Status: Closed-Lost. No compensation paid.",2026-02-08,,0,Staff Conduct,"Flat 03O, Hollie mountains, Francescabury, N5F 6ST",julia61@example.net,CUST00040,Dr Glen Campbell,01214960724,,,CMP00116,Complaint,2026-01-13,Low,,,,,Resolved in customer favour,patrick.devereux@securebankplc.com,RM015,Patrick Devereux,s3://banking-docs-poc-qahftr/complaints/2026/01/CMP00116.pdf,86-50-66,
52553419,Savings,BR005,Leeds,Withdrawn,"Loan Processing Delay complaint, priority Medium. Status: Withdrawn. Compensation: £318.97",2025-09-21,,318.97,Loan Processing Delay,"Flat 03, Sara lights, Paulinetown, PA3 9FT",jayne53@example.com,CUST00005,Maria Williams-Brown,(0191) 4960489,,,CMP00117,Complaint,2025-08-15,Medium,,,,,Resolved in customer favour,patrick.devereux@securebankplc.com,RM015,Patrick Devereux,s3://banking-docs-poc-qahftr/complaints/2025/08/CMP00117.pdf,78-41-30,
71434558,Current,BR004,Edinburgh,Closed-Lost,"Product Mis-selling complaint, priority Low. Status: Closed-Lost. No compensation paid.",2025-08-13,,0,Product Mis-selling,"Studio 39, Justin center, Lynnland, IP6X 6GJ",gbell@example.net,CUST00042,Dylan White,(0116)4960817,,,CMP00118,Complaint,2025-08-04,Low,,,,,Resolved in bank favour,carlos.mendez@securebankplc.com,RM009,Carlos Mendez,s3://banking-docs-poc-qahftr/complaints/2025/08/CMP00118.pdf,27-29-39,
04505331,Business Current,BR007,Cardiff,Withdrawn,"Loan Processing Delay complaint, priority Critical. Status: Withdrawn. No compensation paid.",2024-07-27,,0,Loan Processing Delay,"868 Hill vista, Rickyburgh, HX6E 1EJ",nwright@example.com,CUST00029,Damian Pearson,+441144960254,,,CMP00119,Complaint,2024-07-14,Critical,,,,,Partial refund issued,david.okafor@securebankplc.com,RM005,David Okafor,s3://banking-docs-poc-qahftr/complaints/2024/07/CMP00119.pdf,81-62-89,
09788208,Current,BR006,Bristol,Closed-Won,"Staff Conduct complaint, priority Critical. Status: Closed-Won. Compensation: £116.32",2025-03-27,,116.32,Staff Conduct,"46 George walks, Port Peter, NG03 2JW",robertgrant@example.org,CUST00021,Elliot Williams,0141 496 0539,,,CMP00120,Complaint,2025-03-24,Critical,,,,,Resolved in customer favour,sophie.chen@securebankplc.com,RM002,Sophie Chen,s3://banking-docs-poc-qahftr/complaints/2025/03/CMP00120.pdf,33-18-86,
54353462,Business Current,BR010,Sheffield,Closed-Lost,"Mortgage Related complaint, priority High. Status: Closed-Lost. Compensation: £62.16",2025-05-15,,62.16,Mortgage Related,"367 Watkins spring, West Scottberg, BH84 0YS",joanlittle@example.net,CUST00023,Terry Stephens-Turner,+44(0)306 9990092,,,CMP00121,Complaint,2025-04-07,High,,,,,No further action,robert.blackwood@securebankplc.com,RM017,Robert Blackwood,s3://banking-docs-poc-qahftr/complaints/2025/04/CMP00121.pdf,68-50-19,
19655698,Current,BR005,Leeds,Closed-Lost,"Mortgage Related complaint, priority High. Status: Closed-Lost. No compensation paid.",2024-06-16,,0,Mortgage Related,"8 Johnson squares, Port Katherine, G88 1RX",mohamedberry@example.org,CUST00033,Lee Middleton,(0909) 879 0898,,,CMP00122,Complaint,2024-06-10,High,,,,,Resolved in bank favour,sophie.chen@securebankplc.com,RM002,Sophie Chen,s3://banking-docs-poc-qahftr/complaints/2024/06/CMP00122.pdf,59-83-34,
84656482,Savings,BR002,Manchester Central,Referred to Ombudsman,"Staff Conduct complaint, priority Medium. Status: Referred to Ombudsman. No compensation paid.",2025-03-20,,0,Staff Conduct,"9 Barry circles, Hollandland, BN7 6GW",gerald83@example.org,CUST00035,Dr Bruce Metcalfe,+44(0)114 4960337,,,CMP00123,Complaint,2025-02-24,Medium,,,,,Withdrawn by customer,aisha.patel@securebankplc.com,RM010,Aisha Patel,s3://banking-docs-poc-qahftr/complaints/2025/02/CMP00123.pdf,63-95-58,
54353462,Business Current,BR010,Sheffield,Referred to Ombudsman,"Branch Service Complaint complaint, priority High. Status: Referred to Ombudsman. Compensation: £442.13",2025-01-22,,442.13,Branch Service Complaint,"367 Watkins spring, West Scottberg, BH84 0YS",joanlittle@example.net,CUST00023,Terry Stephens-Turner,+44(0)306 9990092,,,CMP00124,Complaint,2024-12-23,High,,,,,Partial refund issued,robert.blackwood@securebankplc.com,RM017,Robert Blackwood,s3://banking-docs-poc-qahftr/complaints/2024/12/CMP00124.pdf,68-50-19,
62849877,Premier,BR008,Glasgow,Closed-Lost,"Poor Customer Service complaint, priority Critical. Status: Closed-Lost. Compensation: £208.05",2025-03-01,,208.05,Poor Customer Service,"262 Davis trail, South Irene, PA0Y 4QQ",patriciabrown@example.org,CUST00052,Miss Catherine Shaw,(0113) 496 0142,,,CMP00125,Complaint,2025-01-08,Critical,,,,,Resolved in customer favour,david.okafor@securebankplc.com,RM005,David Okafor,s3://banking-docs-poc-qahftr/complaints/2025/01/CMP00125.pdf,85-44-51,
41343524,Current,BR009,Liverpool,Closed-Won,"Account Closure Complaint complaint, priority Medium. Status: Closed-Won. Compensation: £286.54",2025-11-20,,286.54,Account Closure Complaint,"849 Hughes shore, Collinsland, UB6 1HT",matthewsfrances@example.org,CUST00058,Linda Hall,01632 960639,,,CMP00126,Complaint,2025-09-30,Medium,,,,,Resolved in bank favour,isabella.rossi@securebankplc.com,RM020,Isabella Rossi,s3://banking-docs-poc-qahftr/complaints/2025/09/CMP00126.pdf,78-26-45,
52553419,Savings,BR005,Leeds,Closed-Won,"Branch Service Complaint complaint, priority High. Status: Closed-Won. Compensation: £297.49",2025-08-21,,297.49,Branch Service Complaint,"Flat 03, Sara lights, Paulinetown, PA3 9FT",jayne53@example.com,CUST00005,Maria Williams-Brown,(0191) 4960489,,,CMP00127,Complaint,2025-07-28,High,,,,,No further action,patrick.devereux@securebankplc.com,RM015,Patrick Devereux,s3://banking-docs-poc-qahftr/complaints/2025/07/CMP00127.pdf,78-41-30,
14586850,Current,BR006,Bristol,Closed-Won,"Mortgage Related complaint, priority High. Status: Closed-Won. Compensation: £246.45",2025-01-24,,246.45,Mortgage Related,"89 Edwards creek, Daviestown, B2 2NA",robertsrosemary@example.net,CUST00032,Tracy Wilkinson-Davison,+44(0)1632 960235,,,CMP00128,Complaint,2024-12-09,High,,,,,Resolved in customer favour,carlos.mendez@securebankplc.com,RM009,Carlos Mendez,s3://banking-docs-poc-qahftr/complaints/2024/12/CMP00128.pdf,43-32-84,
52553419,Savings,BR005,Leeds,Closed-Won,"Mortgage Related complaint, priority Critical. Status: Closed-Won. No compensation paid.",2025-10-11,,0,Mortgage Related,"Flat 03, Sara lights, Paulinetown, PA3 9FT",jayne53@example.com,CUST00005,Maria Williams-Brown,(0191) 4960489,,,CMP00129,Complaint,2025-09-02,Critical,,,,,No further action,patrick.devereux@securebankplc.com,RM015,Patrick Devereux,s3://banking-docs-poc-qahftr/complaints/2025/09/CMP00129.pdf,78-41-30,
37940265,Business Current,BR009,Liverpool,Closed-Won,"Product Mis-selling complaint, priority Medium. Status: Closed-Won. Compensation: £459.77",2025-07-17,,459.77,Product Mis-selling,"04 Howard land, Port Leeview, N5C 3RF",rachelkelly@example.org,CUST00002,Nigel Rose,+44151 4960869,,,CMP00130,Complaint,2025-07-11,Medium,,,,,Resolved in customer favour,zoe.nakamura@securebankplc.com,RM014,Zoe Nakamura,s3://banking-docs-poc-qahftr/complaints/2025/07/CMP00130.pdf,29-37-53,
60883561,Business Current,BR005,Leeds,Closed-Won,"Staff Conduct complaint, priority Medium. Status: Closed-Won. Compensation: £414.06",2024-11-15,,414.06,Staff Conduct,"03 Faulkner run, Lake Victorstad, HA9 2TL",hicksdawn@example.net,CUST00034,Brandon Middleton,(0131) 496 0052,,,CMP00131,Complaint,2024-09-22,Medium,,,,,Resolved in customer favour,sophie.chen@securebankplc.com,RM002,Sophie Chen,s3://banking-docs-poc-qahftr/complaints/2024/09/CMP00131.pdf,89-50-94,
04505331,Business Current,BR007,Cardiff,Closed-Lost,"Loan Processing Delay complaint, priority Critical. Status: Closed-Lost. No compensation paid.",2025-04-21,,0,Loan Processing Delay,"868 Hill vista, Rickyburgh, HX6E 1EJ",nwright@example.com,CUST00029,Damian Pearson,+441144960254,,,CMP00132,Complaint,2025-03-14,Critical,,,,,Partial refund issued,david.okafor@securebankplc.com,RM005,David Okafor,s3://banking-docs-poc-qahftr/complaints/2025/03/CMP00132.pdf,81-62-89,
29973763,Current,BR004,Edinburgh,Withdrawn,"Fee Dispute complaint, priority Low. Status: Withdrawn. No compensation paid.",2024-12-01,,0,Fee Dispute,"609 Price crescent, North Joanneside, HP84 0EX",antonyjones@example.com,CUST00016,Leah Kay,+44(0)118 496 0897,,,CMP00133,Complaint,2024-10-10,Low,,,,,Escalated to Ombudsman,fatima.hassan@securebankplc.com,RM018,Fatima Hassan,s3://banking-docs-poc-qahftr/complaints/2024/10/CMP00133.pdf,22-94-65,
54549480,ISA,BR008,Glasgow,Closed-Won,"Fee Dispute complaint, priority Medium. Status: Closed-Won. No compensation paid.",2024-10-24,,0,Fee Dispute,"Flat 88, Adam mountains, Lake Clifford, E2E 5YP",littlewilliam@example.org,CUST00054,Jill Norton,01134960860,,,CMP00134,Complaint,2024-09-27,Medium,,,,,Escalated to Ombudsman,thomas.müller@securebankplc.com,RM007,Thomas Müller,s3://banking-docs-poc-qahftr/complaints/2024/09/CMP00134.pdf,34-20-40,
65328710,Current,BR007,Cardiff,Closed-Won,"Staff Conduct complaint, priority Medium. Status: Closed-Won. Compensation: £172.79",2024-11-11,,172.79,Staff Conduct,"Flat 35, Schofield ramp, Roseside, M75 9FB",juliefield@example.org,CUST00008,Derek Clarke,+44909 8790520,,,CMP00135,Complaint,2024-09-22,Medium,,,,,No further action,george.whitfield@securebankplc.com,RM019,George Whitfield,s3://banking-docs-poc-qahftr/complaints/2024/09/CMP00135.pdf,29-90-30,
94680443,Premier,BR003,Birmingham,Closed-Won,"Mortgage Related complaint, priority High. Status: Closed-Won. Compensation: £460.2",2026-03-10,,460.2,Mortgage Related,"Flat 18v, Harrison dam, Lake Terence, WC55 5TN",jwright@example.org,CUST00036,Jane Smith-Winter,01632 960 933,,,CMP00136,Complaint,2026-01-22,High,,,,,No further action,isabella.rossi@securebankplc.com,RM020,Isabella Rossi,s3://banking-docs-poc-qahftr/complaints/2026/01/CMP00136.pdf,84-87-93,
84656482,Savings,BR002,Manchester Central,Referred to Ombudsman,"Product Mis-selling complaint, priority High. Status: Referred to Ombudsman. No compensation paid.",2024-09-11,,0,Product Mis-selling,"9 Barry circles, Hollandland, BN7 6GW",gerald83@example.org,CUST00035,Dr Bruce Metcalfe,+44(0)114 4960337,,,CMP00137,Complaint,2024-08-22,High,,,,,Partial refund issued,aisha.patel@securebankplc.com,RM010,Aisha Patel,s3://banking-docs-poc-qahftr/complaints/2024/08/CMP00137.pdf,63-95-58,
99016272,Current,BR001,London City,Closed-Won,"Staff Conduct complaint, priority High. Status: Closed-Won. Compensation: £157.3",2025-09-03,,157.3,Staff Conduct,"Flat 46k, Campbell junction, Port Rosemarychester, DE87 6LD",kathleenjones@example.org,CUST00046,Nathan Sanderson,(0808)1570938,,,CMP00138,Complaint,2025-08-13,High,,,,,Resolved in bank favour,liam.fitzgerald@securebankplc.com,RM013,Liam Fitzgerald,s3://banking-docs-poc-qahftr/complaints/2025/08/CMP00138.pdf,43-58-51,
95931034,Current,BR009,Liverpool,Withdrawn,"Branch Service Complaint complaint, priority High. Status: Withdrawn. Compensation: £242.17",2026-04-11,,242.17,Branch Service Complaint,"Studio 8, James island, Junemouth, WS53 0LG",natasha17@example.net,CUST00004,Angela Jackson,(0118)4960554,,,CMP00139,Complaint,2026-02-23,High,,,,,No further action,aisha.patel@securebankplc.com,RM010,Aisha Patel,s3://banking-docs-poc-qahftr/complaints/2026/02/CMP00139.pdf,39-22-58,
62473178,Current,BR008,Glasgow,Closed-Lost,"Poor Customer Service complaint, priority Low. Status: Closed-Lost. No compensation paid.",2024-07-10,,0,Poor Customer Service,"61 Maria ports, Lake Marilynburgh, SP3 4SG",duncanarmstrong@example.com,CUST00018,Lisa Lawrence,+44(0)1632 960 827,,,CMP00140,Complaint,2024-05-22,Low,,,,,Escalated to Ombudsman,david.okafor@securebankplc.com,RM005,David Okafor,s3://banking-docs-poc-qahftr/complaints/2024/05/CMP00140.pdf,16-93-79,
62849877,Premier,BR008,Glasgow,Closed-Lost,"Poor Customer Service complaint, priority Low. Status: Closed-Lost. No compensation paid.",2025-04-08,,0,Poor Customer Service,"262 Davis trail, South Irene, PA0Y 4QQ",patriciabrown@example.org,CUST00052,Miss Catherine Shaw,(0113) 496 0142,,,CMP00141,Complaint,2025-04-01,Low,,,,,Resolved in bank favour,david.okafor@securebankplc.com,RM005,David Okafor,s3://banking-docs-poc-qahftr/complaints/2025/04/CMP00141.pdf,85-44-51,
57885685,Business Current,BR005,Leeds,Closed-Won,"Loan Processing Delay complaint, priority Low. Status: Closed-Won. No compensation paid.",2026-03-11,,0,Loan Processing Delay,"Flat 84, Hughes green, Lake Matthew, W7D 3DG",uford@example.com,CUST00056,Marcus Walker,+44(0)29 2018730,,,CMP00142,Complaint,2026-02-14,Low,,,,,No further action,george.whitfield@securebankplc.com,RM019,George Whitfield,s3://banking-docs-poc-qahftr/complaints/2026/02/CMP00142.pdf,99-68-44,
95931034,Current,BR009,Liverpool,Referred to Ombudsman,"Poor Customer Service complaint, priority Low. Status: Referred to Ombudsman. No compensation paid.",2025-08-08,,0,Poor Customer Service,"Studio 8, James island, Junemouth, WS53 0LG",natasha17@example.net,CUST00004,Angela Jackson,(0118)4960554,,,CMP00143,Complaint,2025-06-13,Low,,,,,Partial refund issued,aisha.patel@securebankplc.com,RM010,Aisha Patel,s3://banking-docs-poc-qahftr/complaints/2025/06/CMP00143.pdf,39-22-58,
62473178,Current,BR008,Glasgow,Withdrawn,"Loan Processing Delay complaint, priority High. Status: Withdrawn. Compensation: £444.73",2025-08-02,,444.73,Loan Processing Delay,"61 Maria ports, Lake Marilynburgh, SP3 4SG",duncanarmstrong@example.com,CUST00018,Lisa Lawrence,+44(0)1632 960 827,,,CMP00144,Complaint,2025-07-30,High,,,,,Resolved in customer favour,david.okafor@securebankplc.com,RM005,David Okafor,s3://banking-docs-poc-qahftr/complaints/2025/07/CMP00144.pdf,16-93-79,
61559407,ISA,BR002,Manchester Central,Withdrawn,"Account Closure Complaint complaint, priority High. Status: Withdrawn. No compensation paid.",2024-06-30,,0,Account Closure Complaint,"1 George falls, Seanhaven, BA2 6PH",dennis04@example.org,CUST00003,Mrs Lindsey Green,0292018265,,,CMP00145,Complaint,2024-06-05,High,,,,,Partial refund issued,mohammed.al-rashid@securebankplc.com,RM003,Mohammed Al-Rashid,s3://banking-docs-poc-qahftr/complaints/2024/06/CMP00145.pdf,25-58-20,
27849808,Business Current,BR006,Bristol,Closed-Lost,"Loan Processing Delay complaint, priority Critical. Status: Closed-Lost. Compensation: £9.46",2025-11-30,,9.46,Loan Processing Delay,"Flat 3, Chan viaduct, Royport, L35 1EQ",clairewilson@example.org,CUST00025,Bryan Brown,0808 1570256,,,CMP00146,Complaint,2025-11-05,Critical,,,,,Resolved in bank favour,aisha.patel@securebankplc.com,RM010,Aisha Patel,s3://banking-docs-poc-qahftr/complaints/2025/11/CMP00146.pdf,94-23-27,
41343524,Current,BR009,Liverpool,Closed-Lost,"Loan Processing Delay complaint, priority Critical. Status: Closed-Lost. Compensation: £211.03",2025-12-28,,211.03,Loan Processing Delay,"849 Hughes shore, Collinsland, UB6 1HT",matthewsfrances@example.org,CUST00058,Linda Hall,01632 960639,,,CMP00147,Complaint,2025-11-28,Critical,,,,,Resolved in bank favour,isabella.rossi@securebankplc.com,RM020,Isabella Rossi,s3://banking-docs-poc-qahftr/complaints/2025/11/CMP00147.pdf,78-26-45,
48350305,Premier,BR008,Glasgow,Closed-Won,"Staff Conduct complaint, priority High. Status: Closed-Won. Compensation: £253.57",2025-01-15,,253.57,Staff Conduct,"172 Cameron meadow, Wayneview, S56 4EY",littlefrances@example.com,CUST00006,Simon Evans,+44(0)1144960022,,,CMP00148,Complaint,2024-11-26,High,,,,,Resolved in customer favour,liam.fitzgerald@securebankplc.com,RM013,Liam Fitzgerald,s3://banking-docs-poc-qahftr/complaints/2024/11/CMP00148.pdf,44-18-37,
93252880,ISA,BR005,Leeds,Referred to Ombudsman,"Fee Dispute complaint, priority Medium. Status: Referred to Ombudsman. Compensation: £278.44",2024-10-15,,278.44,Fee Dispute,"5 Gough mountain, South Katherine, B6D 7NW",morgankimberley@example.net,CUST00011,Anthony Potter-Barber,+44(0)118 4960018,,,CMP00149,Complaint,2024-08-30,Medium,,,,,No further action,robert.blackwood@securebankplc.com,RM017,Robert Blackwood,s3://banking-docs-poc-qahftr/complaints/2024/08/CMP00149.pdf,51-72-12,
65328710,Current,BR007,Cardiff,Withdrawn,"Poor Customer Service complaint, priority High. Status: Withdrawn. Compensation: £10.77",2025-06-11,,10.77,Poor Customer Service,"Flat 35, Schofield ramp, Roseside, M75 9FB",juliefield@example.org,CUST00008,Derek Clarke,+44909 8790520,,,CMP00150,Complaint,2025-05-24,High,,,,,Resolved in customer favour,george.whitfield@securebankplc.com,RM019,George Whitfield,s3://banking-docs-poc-qahftr/complaints/2025/05/CMP00150.pdf,29-90-30,
57885685,Business Current,BR005,Leeds,Referred to Ombudsman,"Loan Processing Delay complaint, priority Low. Status: Referred to Ombudsman. No compensation paid.",2024-09-05,,0,Loan Processing Delay,"Flat 84, Hughes green, Lake Matthew, W7D 3DG",uford@example.com,CUST00056,Marcus Walker,+44(0)29 2018730,,,CMP00151,Complaint,2024-07-24,Low,,,,,Escalated to Ombudsman,george.whitfield@securebankplc.com,RM019,George Whitfield,s3://banking-docs-poc-qahftr/complaints/2024/07/CMP00151.pdf,99-68-44,
73375433,Current,BR007,Cardiff,Referred to Ombudsman,"Mortgage Related complaint, priority Low. Status: Referred to Ombudsman. No compensation paid.",2025-11-02,,0,Mortgage Related,"Studio 2, Leah loop, Johnsonport, G7T 2YS",brenda28@example.com,CUST00031,Kathryn Shah,+44(0)117 496 0843,,,CMP00152,Complaint,2025-09-20,Low,,,,,Resolved in customer favour,sophie.chen@securebankplc.com,RM002,Sophie Chen,s3://banking-docs-poc-qahftr/complaints/2025/09/CMP00152.pdf,94-34-61,
41343524,Current,BR009,Liverpool,Closed-Lost,"Mortgage Related complaint, priority Low. Status: Closed-Lost. No compensation paid.",2025-02-11,,0,Mortgage Related,"849 Hughes shore, Collinsland, UB6 1HT",matthewsfrances@example.org,CUST00058,Linda Hall,01632 960639,,,CMP00153,Complaint,2025-01-02,Low,,,,,Escalated to Ombudsman,isabella.rossi@securebankplc.com,RM020,Isabella Rossi,s3://banking-docs-poc-qahftr/complaints/2025/01/CMP00153.pdf,78-26-45,
95931034,Current,BR009,Liverpool,Withdrawn,"Loan Processing Delay complaint, priority Critical. Status: Withdrawn. No compensation paid.",2024-11-04,,0,Loan Processing Delay,"Studio 8, James island, Junemouth, WS53 0LG",natasha17@example.net,CUST00004,Angela Jackson,(0118)4960554,,,CMP00154,Complaint,2024-10-26,Critical,,,,,Escalated to Ombudsman,aisha.patel@securebankplc.com,RM010,Aisha Patel,s3://banking-docs-poc-qahftr/complaints/2024/10/CMP00154.pdf,39-22-58,
84271094,Premier,BR001,London City,Withdrawn,"Account Closure Complaint complaint, priority Critical. Status: Withdrawn. No compensation paid.",2025-03-29,,0,Account Closure Complaint,"8 Gemma rapid, Charlesland, DD1A 0SJ",gary02@example.org,CUST00059,Ross Bailey,+441174960914,,,CMP00155,Complaint,2025-03-08,Critical,,,,,Partial refund issued,sophie.chen@securebankplc.com,RM002,Sophie Chen,s3://banking-docs-poc-qahftr/complaints/2025/03/CMP00155.pdf,71-66-53,
71434558,Current,BR004,Edinburgh,Closed-Lost,"Loan Processing Delay complaint, priority High. Status: Closed-Lost. No compensation paid.",2025-10-20,,0,Loan Processing Delay,"Studio 39, Justin center, Lynnland, IP6X 6GJ",gbell@example.net,CUST00042,Dylan White,(0116)4960817,,,CMP00156,Complaint,2025-10-12,High,,,,,No further action,carlos.mendez@securebankplc.com,RM009,Carlos Mendez,s3://banking-docs-poc-qahftr/complaints/2025/10/CMP00156.pdf,27-29-39,
43039117,Current,BR002,Manchester Central,Closed-Won,"Branch Service Complaint complaint, priority Medium. Status: Closed-Won. Compensation: £470.86",2025-11-15,,470.86,Branch Service Complaint,"427 Brown gardens, West Bethan, AB5 0WZ",turnerjosephine@example.com,CUST00012,Dr Duncan Greenwood,(0909) 879 0062,,,CMP00157,Complaint,2025-10-15,Medium,,,,,No further action,natalie.burke@securebankplc.com,RM012,Natalie Burke,s3://banking-docs-poc-qahftr/complaints/2025/10/CMP00157.pdf,78-26-26,
96705466,ISA,BR010,Sheffield,Referred to Ombudsman,"Online Banking Issue complaint, priority Critical. Status: Referred to Ombudsman. Compensation: £287.35",2025-04-13,,287.35,Online Banking Issue,"40 Lucy bridge, Lindseymouth, G84 0TL",tread@example.com,CUST00044,Gemma Wheeler,+44(0)2074960205,,,CMP00158,Complaint,2025-02-22,Critical,,,,,No further action,james.hargreaves@securebankplc.com,RM001,James Hargreaves,s3://banking-docs-poc-qahftr/complaints/2025/02/CMP00158.pdf,79-87-38,
99016272,Current,BR001,London City,Withdrawn,"Product Mis-selling complaint, priority High. Status: Withdrawn. No compensation paid.",2025-02-13,,0,Product Mis-selling,"Flat 46k, Campbell junction, Port Rosemarychester, DE87 6LD",kathleenjones@example.org,CUST00046,Nathan Sanderson,(0808)1570938,,,CMP00159,Complaint,2025-02-09,High,,,,,Resolved in customer favour,liam.fitzgerald@securebankplc.com,RM013,Liam Fitzgerald,s3://banking-docs-poc-qahftr/complaints/2025/02/CMP00159.pdf,43-58-51,
46872343,Current,BR005,Leeds,Withdrawn,"Product Mis-selling complaint, priority High. Status: Withdrawn. No compensation paid.",2025-07-08,,0,Product Mis-selling,"Flat 36Y, Robinson isle, Smithtown, E14 6PL",lydiadunn@example.net,CUST00020,Gemma Clark-Parry,(0141) 4960819,,,CMP00160,Complaint,2025-06-10,High,,,,,Resolved in bank favour,patrick.devereux@securebankplc.com,RM015,Patrick Devereux,s3://banking-docs-poc-qahftr/complaints/2025/06/CMP00160.pdf,84-79-17,
65185067,Current,BR006,Bristol,Closed-Lost,"Loan Processing Delay complaint, priority Critical. Status: Closed-Lost. No compensation paid.",2026-02-03,,0,Loan Processing Delay,"Flat 29J, Price ramp, South Sam, W3 9GT",chloe20@example.org,CUST00051,Rachael Farmer,+44909 8790358,,,CMP00161,Complaint,2025-12-27,Critical,,,,,Resolved in customer favour,fatima.hassan@securebankplc.com,RM018,Fatima Hassan,s3://banking-docs-poc-qahftr/complaints/2025/12/CMP00161.pdf,65-56-91,
73375433,Current,BR007,Cardiff,Referred to Ombudsman,"Account Closure Complaint complaint, priority Critical. Status: Referred to Ombudsman. No compensation paid.",2025-02-15,,0,Account Closure Complaint,"Studio 2, Leah loop, Johnsonport, G7T 2YS",brenda28@example.com,CUST00031,Kathryn Shah,+44(0)117 496 0843,,,CMP00162,Complaint,2025-01-17,Critical,,,,,Partial refund issued,sophie.chen@securebankplc.com,RM002,Sophie Chen,s3://banking-docs-poc-qahftr/complaints/2025/01/CMP00162.pdf,94-34-61,
73375433,Current,BR007,Cardiff,Referred to Ombudsman,"Product Mis-selling complaint, priority Low. Status: Referred to Ombudsman. Compensation: £74.01",2025-01-01,,74.01,Product Mis-selling,"Studio 2, Leah loop, Johnsonport, G7T 2YS",brenda28@example.com,CUST00031,Kathryn Shah,+44(0)117 496 0843,,,CMP00163,Complaint,2024-12-09,Low,,,,,Resolved in bank favour,sophie.chen@securebankplc.com,RM002,Sophie Chen,s3://banking-docs-poc-qahftr/complaints/2024/12/CMP00163.pdf,94-34-61,
65328710,Current,BR007,Cardiff,Closed-Won,"Product Mis-selling complaint, priority Critical. Status: Closed-Won. Compensation: £269.11",2025-12-20,,269.11,Product Mis-selling,"Flat 35, Schofield ramp, Roseside, M75 9FB",juliefield@example.org,CUST00008,Derek Clarke,+44909 8790520,,,CMP00164,Complaint,2025-12-10,Critical,,,,,Escalated to Ombudsman,george.whitfield@securebankplc.com,RM019,George Whitfield,s3://banking-docs-poc-qahftr/complaints/2025/12/CMP00164.pdf,29-90-30,
04505331,Business Current,BR007,Cardiff,Referred to Ombudsman,"Account Closure Complaint complaint, priority Critical. Status: Referred to Ombudsman. No compensation paid.",2025-04-21,,0,Account Closure Complaint,"868 Hill vista, Rickyburgh, HX6E 1EJ",nwright@example.com,CUST00029,Damian Pearson,+441144960254,,,CMP00165,Complaint,2025-03-22,Critical,,,,,Escalated to Ombudsman,david.okafor@securebankplc.com,RM005,David Okafor,s3://banking-docs-poc-qahftr/complaints/2025/03/CMP00165.pdf,81-62-89,
18244935,Savings,BR005,Leeds,Closed-Won,"Branch Service Complaint complaint, priority Medium. Status: Closed-Won. Compensation: £126.56",2024-08-05,,126.56,Branch Service Complaint,"Studio 91, Grace ports, New Brettbury, M3 7WT",nwood@example.org,CUST00026,Linda Mason-Thornton,(0115) 4960463,,,CMP00166,Complaint,2024-07-10,Medium,,,,,Resolved in bank favour,emily.watson@securebankplc.com,RM004,Emily Watson,s3://banking-docs-poc-qahftr/complaints/2024/07/CMP00166.pdf,97-91-43,
61939909,Current,BR002,Manchester Central,Closed-Lost,"Branch Service Complaint complaint, priority Critical. Status: Closed-Lost. No compensation paid.",2026-01-23,,0,Branch Service Complaint,"13 Dean green, South Dennischester, IG4 0SA",justin74@example.org,CUST00022,Mrs Lucy Hyde,(0191)4960767,,,CMP00167,Complaint,2025-12-24,Critical,,,,,Withdrawn by customer,rachel.o'brien@securebankplc.com,RM008,Rachel O'Brien,s3://banking-docs-poc-qahftr/complaints/2025/12/CMP00167.pdf,63-94-84,
47116719,Current,BR003,Birmingham,Withdrawn,"Account Closure Complaint complaint, priority Critical. Status: Withdrawn. Compensation: £314.18",2024-06-20,,314.18,Account Closure Complaint,"Flat 7, Tina brook, Samberg, W2 8EN",leslie82@example.com,CUST00060,Ricky Duffy,0113 4960453,,,CMP00168,Complaint,2024-05-28,Critical,,,,,Withdrawn by customer,sophie.chen@securebankplc.com,RM002,Sophie Chen,s3://banking-docs-poc-qahftr/complaints/2024/05/CMP00168.pdf,29-29-82,
83777014,Savings,BR007,Cardiff,Referred to Ombudsman,"Mortgage Related complaint, priority Critical. Status: Referred to Ombudsman. No compensation paid.",2026-04-15,,0,Mortgage Related,"Flat 40w, Davies tunnel, Lake Edwardshire, SM29 6NX",melissa67@example.net,CUST00055,Trevor Mills,01314960541,,,CMP00169,Complaint,2026-03-12,Critical,,,,,Resolved in customer favour,amelia.singh@securebankplc.com,RM016,Amelia Singh,s3://banking-docs-poc-qahftr/complaints/2026/03/CMP00169.pdf,61-98-41,
83777014,Savings,BR007,Cardiff,Referred to Ombudsman,"Staff Conduct complaint, priority Critical. Status: Referred to Ombudsman. Compensation: £177.72",2025-04-17,,177.72,Staff Conduct,"Flat 40w, Davies tunnel, Lake Edwardshire, SM29 6NX",melissa67@example.net,CUST00055,Trevor Mills,01314960541,,,CMP00170,Complaint,2025-02-21,Critical,,,,,Resolved in customer favour,amelia.singh@securebankplc.com,RM016,Amelia Singh,s3://banking-docs-poc-qahftr/complaints/2025/02/CMP00170.pdf,61-98-41,
04505331,Business Current,BR007,Cardiff,Closed-Won,"Online Banking Issue complaint, priority High. Status: Closed-Won. No compensation paid.",2025-10-24,,0,Online Banking Issue,"868 Hill vista, Rickyburgh, HX6E 1EJ",nwright@example.com,CUST00029,Damian Pearson,+441144960254,,,CMP00171,Complaint,2025-09-04,High,,,,,Resolved in customer favour,david.okafor@securebankplc.com,RM005,David Okafor,s3://banking-docs-poc-qahftr/complaints/2025/09/CMP00171.pdf,81-62-89,
99118384,Savings,BR001,London City,Withdrawn,"Loan Processing Delay complaint, priority High. Status: Withdrawn. No compensation paid.",2025-05-30,,0,Loan Processing Delay,"73 Samantha forges, Millerton, LS9 6LT",martyn46@example.org,CUST00024,Mr Ronald Singh,+44(0)115 4960476,,,CMP00172,Complaint,2025-05-25,High,,,,,No further action,patrick.devereux@securebankplc.com,RM015,Patrick Devereux,s3://banking-docs-poc-qahftr/complaints/2025/05/CMP00172.pdf,54-18-41,
08317278,ISA,BR009,Liverpool,Withdrawn,"Staff Conduct complaint, priority High. Status: Withdrawn. Compensation: £314.97",2026-02-20,,314.97,Staff Conduct,"Flat 03O, Hollie mountains, Francescabury, N5F 6ST",julia61@example.net,CUST00040,Dr Glen Campbell,01214960724,,,CMP00173,Complaint,2026-02-09,High,,,,,Partial refund issued,patrick.devereux@securebankplc.com,RM015,Patrick Devereux,s3://banking-docs-poc-qahftr/complaints/2026/02/CMP00173.pdf,86-50-66,
14586850,Current,BR006,Bristol,Withdrawn,"Product Mis-selling complaint, priority High. Status: Withdrawn. No compensation paid.",2025-02-26,,0,Product Mis-selling,"89 Edwards creek, Daviestown, B2 2NA",robertsrosemary@example.net,CUST00032,Tracy Wilkinson-Davison,+44(0)1632 960235,,,CMP00174,Complaint,2025-02-01,High,,,,,Partial refund issued,carlos.mendez@securebankplc.com,RM009,Carlos Mendez,s3://banking-docs-poc-qahftr/complaints/2025/02/CMP00174.pdf,43-32-84,
99016272,Current,BR001,London City,Referred to Ombudsman,"Account Closure Complaint complaint, priority Critical. Status: Referred to Ombudsman. No compensation paid.",2026-03-30,,0,Account Closure Complaint,"Flat 46k, Campbell junction, Port Rosemarychester, DE87 6LD",kathleenjones@example.org,CUST00046,Nathan Sanderson,(0808)1570938,,,CMP00175,Complaint,2026-03-14,Critical,,,,,Resolved in bank favour,liam.fitzgerald@securebankplc.com,RM013,Liam Fitzgerald,s3://banking-docs-poc-qahftr/complaints/2026/03/CMP00175.pdf,43-58-51,
46706562,Premier,BR008,Glasgow,Closed-Lost,"Poor Customer Service complaint, priority High. Status: Closed-Lost. No compensation paid.",2025-02-19,,0,Poor Customer Service,"02 Dorothy haven, Melanieland, E5 7RW",joanturner@example.net,CUST00045,Mrs Hayley Edwards,+44131 496 0418,,,CMP00176,Complaint,2025-02-15,High,,,,,Withdrawn by customer,rachel.o'brien@securebankplc.com,RM008,Rachel O'Brien,s3://banking-docs-poc-qahftr/complaints/2025/02/CMP00176.pdf,26-89-78,
87133150,ISA,BR006,Bristol,Referred to Ombudsman,"Online Banking Issue complaint, priority Critical. Status: Referred to Ombudsman. Compensation: £312.51",2024-07-11,,312.51,Online Banking Issue,"Flat 9, Linda ridges, North Bryan, M6D 0FR",dominic47@example.com,CUST00014,Jodie Pritchard-Baker,(020)74960896,,,CMP00177,Complaint,2024-05-23,Critical,,,,,Escalated to Ombudsman,patrick.devereux@securebankplc.com,RM015,Patrick Devereux,s3://banking-docs-poc-qahftr/complaints/2024/05/CMP00177.pdf,80-39-85,
46706562,Premier,BR008,Glasgow,Referred to Ombudsman,"Account Closure Complaint complaint, priority High. Status: Referred to Ombudsman. No compensation paid.",2024-11-21,,0,Account Closure Complaint,"02 Dorothy haven, Melanieland, E5 7RW",joanturner@example.net,CUST00045,Mrs Hayley Edwards,+44131 496 0418,,,CMP00178,Complaint,2024-10-06,High,,,,,Withdrawn by customer,rachel.o'brien@securebankplc.com,RM008,Rachel O'Brien,s3://banking-docs-poc-qahftr/complaints/2024/10/CMP00178.pdf,26-89-78,
14586850,Current,BR006,Bristol,Withdrawn,"Online Banking Issue complaint, priority Critical. Status: Withdrawn. Compensation: £204.87",2024-09-06,,204.87,Online Banking Issue,"89 Edwards creek, Daviestown, B2 2NA",robertsrosemary@example.net,CUST00032,Tracy Wilkinson-Davison,+44(0)1632 960235,,,CMP00179,Complaint,2024-07-13,Critical,,,,,Escalated to Ombudsman,carlos.mendez@securebankplc.com,RM009,Carlos Mendez,s3://banking-docs-poc-qahftr/complaints/2024/07/CMP00179.pdf,43-32-84,
68011280,Business Current,BR008,Glasgow,Closed-Won,"Online Banking Issue complaint, priority Critical. Status: Closed-Won. No compensation paid.",2026-02-26,,0,Online Banking Issue,"9 Graeme throughway, Jonesmouth, TS6 3LX",terence80@example.org,CUST00028,Dominic Harvey,+441632 960888,,,CMP00180,Complaint,2026-01-27,Critical,,,,,No further action,fatima.hassan@securebankplc.com,RM018,Fatima Hassan,s3://banking-docs-poc-qahftr/complaints/2026/01/CMP00180.pdf,84-80-28,
67010651,Savings,BR006,Bristol,Closed-Lost,"Loan Processing Delay complaint, priority Medium. Status: Closed-Lost. Compensation: £480.25",2026-01-03,,480.25,Loan Processing Delay,"Studio 8, O'Neill common, Bradleytown, N89 1ER",kwilkinson@example.com,CUST00017,Callum Pritchard-Fletcher,(0191) 496 0585,,,CMP00181,Complaint,2025-11-17,Medium,,,,,Partial refund issued,zoe.nakamura@securebankplc.com,RM014,Zoe Nakamura,s3://banking-docs-poc-qahftr/complaints/2025/11/CMP00181.pdf,34-34-78,
36763201,Premier,BR007,Cardiff,Closed-Won,"Account Closure Complaint complaint, priority High. Status: Closed-Won. No compensation paid.",2025-07-11,,0,Account Closure Complaint,"7 Wood trail, Guymouth, G4 3UA",barry51@example.com,CUST00039,Terence Smith,+441414960870,,,CMP00182,Complaint,2025-06-24,High,,,,,Escalated to Ombudsman,george.whitfield@securebankplc.com,RM019,George Whitfield,s3://banking-docs-poc-qahftr/complaints/2025/06/CMP00182.pdf,38-32-99,
66319314,ISA,BR005,Leeds,Withdrawn,"Online Banking Issue complaint, priority High. Status: Withdrawn. No compensation paid.",2025-10-07,,0,Online Banking Issue,"893 Jones crest, East Diane, E3A 9GY",brownwendy@example.com,CUST00050,Adrian Davey,+44(0)808 1570942,,,CMP00183,Complaint,2025-09-03,High,,,,,Resolved in customer favour,george.whitfield@securebankplc.com,RM019,George Whitfield,s3://banking-docs-poc-qahftr/complaints/2025/09/CMP00183.pdf,25-82-15,
32677360,Savings,BR001,London City,Closed-Won,"Branch Service Complaint complaint, priority Critical. Status: Closed-Won. No compensation paid.",2025-12-26,,0,Branch Service Complaint,"60 Mitchell expressway, Martinberg, B5 8WU",thomasking@example.org,CUST00019,Sharon Price,0191 498 0065,,,CMP00184,Complaint,2025-12-11,Critical,,,,,No further action,mohammed.al-rashid@securebankplc.com,RM003,Mohammed Al-Rashid,s3://banking-docs-poc-qahftr/complaints/2025/12/CMP00184.pdf,58-10-59,
61939909,Current,BR002,Manchester Central,Referred to Ombudsman,"Online Banking Issue complaint, priority High. Status: Referred to Ombudsman. Compensation: £49.55",2024-07-15,,49.55,Online Banking Issue,"13 Dean green, South Dennischester, IG4 0SA",justin74@example.org,CUST00022,Mrs Lucy Hyde,(0191)4960767,,,CMP00185,Complaint,2024-06-04,High,,,,,Resolved in bank favour,rachel.o'brien@securebankplc.com,RM008,Rachel O'Brien,s3://banking-docs-poc-qahftr/complaints/2024/06/CMP00185.pdf,63-94-84,
36763201,Premier,BR007,Cardiff,Withdrawn,"Account Closure Complaint complaint, priority Critical. Status: Withdrawn. No compensation paid.",2024-09-01,,0,Account Closure Complaint,"7 Wood trail, Guymouth, G4 3UA",barry51@example.com,CUST00039,Terence Smith,+441414960870,,,CMP00186,Complaint,2024-07-27,Critical,,,,,Resolved in customer favour,george.whitfield@securebankplc.com,RM019,George Whitfield,s3://banking-docs-poc-qahftr/complaints/2024/07/CMP00186.pdf,38-32-99,
19655698,Current,BR005,Leeds,Closed-Lost,"Poor Customer Service complaint, priority Critical. Status: Closed-Lost. Compensation: £31.66",2024-11-19,,31.66,Poor Customer Service,"8 Johnson squares, Port Katherine, G88 1RX",mohamedberry@example.org,CUST00033,Lee Middleton,(0909) 879 0898,,,CMP00187,Complaint,2024-10-05,Critical,,,,,Resolved in customer favour,sophie.chen@securebankplc.com,RM002,Sophie Chen,s3://banking-docs-poc-qahftr/complaints/2024/10/CMP00187.pdf,59-83-34,
87133150,ISA,BR006,Bristol,Closed-Won,"Online Banking Issue complaint, priority Medium. Status: Closed-Won. Compensation: £88.92",2025-05-15,,88.92,Online Banking Issue,"Flat 9, Linda ridges, North Bryan, M6D 0FR",dominic47@example.com,CUST00014,Jodie Pritchard-Baker,(020)74960896,,,CMP00188,Complaint,2025-03-24,Medium,,,,,Escalated to Ombudsman,patrick.devereux@securebankplc.com,RM015,Patrick Devereux,s3://banking-docs-poc-qahftr/complaints/2025/03/CMP00188.pdf,80-39-85,
68011280,Business Current,BR008,Glasgow,Closed-Lost,"Loan Processing Delay complaint, priority High. Status: Closed-Lost. Compensation: £348.35",2025-12-30,,348.35,Loan Processing Delay,"9 Graeme throughway, Jonesmouth, TS6 3LX",terence80@example.org,CUST00028,Dominic Harvey,+441632 960888,,,CMP00189,Complaint,2025-12-21,High,,,,,Withdrawn by customer,fatima.hassan@securebankplc.com,RM018,Fatima Hassan,s3://banking-docs-poc-qahftr/complaints/2025/12/CMP00189.pdf,84-80-28,
96705466,ISA,BR010,Sheffield,Withdrawn,"Branch Service Complaint complaint, priority Low. Status: Withdrawn. Compensation: £423.53",2026-02-07,,423.53,Branch Service Complaint,"40 Lucy bridge, Lindseymouth, G84 0TL",tread@example.com,CUST00044,Gemma Wheeler,+44(0)2074960205,,,CMP00190,Complaint,2025-12-25,Low,,,,,No further action,james.hargreaves@securebankplc.com,RM001,James Hargreaves,s3://banking-docs-poc-qahftr/complaints/2025/12/CMP00190.pdf,79-87-38,
40164005,Savings,BR009,Liverpool,Closed-Won,"Mortgage Related complaint, priority Low. Status: Closed-Won. Compensation: £231.07",2025-02-15,,231.07,Mortgage Related,"080 Lewis route, Port Sara, G5G 7RZ",browneileen@example.net,CUST00027,Maria Forster,0909 879 0429,,,CMP00191,Complaint,2025-02-06,Low,,,,,Withdrawn by customer,amelia.singh@securebankplc.com,RM016,Amelia Singh,s3://banking-docs-poc-qahftr/complaints/2025/02/CMP00191.pdf,91-43-30,
36763201,Premier,BR007,Cardiff,Withdrawn,"Account Closure Complaint complaint, priority High. Status: Withdrawn. Compensation: £41.05",2024-09-26,,41.05,Account Closure Complaint,"7 Wood trail, Guymouth, G4 3UA",barry51@example.com,CUST00039,Terence Smith,+441414960870,,,CMP00192,Complaint,2024-08-17,High,,,,,Partial refund issued,george.whitfield@securebankplc.com,RM019,George Whitfield,s3://banking-docs-poc-qahftr/complaints/2024/08/CMP00192.pdf,38-32-99,
51462704,ISA,BR009,Liverpool,Closed-Lost,"Mortgage Related complaint, priority Low. Status: Closed-Lost. No compensation paid.",2024-07-06,,0,Mortgage Related,"912 Davis landing, Annetown, IM38 7QB",charlene31@example.net,CUST00010,Wayne Wood,(0131) 4960642,,,CMP00193,Complaint,2024-06-10,Low,,,,,Withdrawn by customer,carlos.mendez@securebankplc.com,RM009,Carlos Mendez,s3://banking-docs-poc-qahftr/complaints/2024/06/CMP00193.pdf,32-74-23,
68011280,Business Current,BR008,Glasgow,Withdrawn,"Online Banking Issue complaint, priority Medium. Status: Withdrawn. No compensation paid.",2025-09-07,,0,Online Banking Issue,"9 Graeme throughway, Jonesmouth, TS6 3LX",terence80@example.org,CUST00028,Dominic Harvey,+441632 960888,,,CMP00194,Complaint,2025-07-30,Medium,,,,,Partial refund issued,fatima.hassan@securebankplc.com,RM018,Fatima Hassan,s3://banking-docs-poc-qahftr/complaints/2025/07/CMP00194.pdf,84-80-28,
94680443,Premier,BR003,Birmingham,Referred to Ombudsman,"Fee Dispute complaint, priority High. Status: Referred to Ombudsman. No compensation paid.",2024-12-24,,0,Fee Dispute,"Flat 18v, Harrison dam, Lake Terence, WC55 5TN",jwright@example.org,CUST00036,Jane Smith-Winter,01632 960 933,,,CMP00195,Complaint,2024-12-11,High,,,,,Withdrawn by customer,isabella.rossi@securebankplc.com,RM020,Isabella Rossi,s3://banking-docs-poc-qahftr/complaints/2024/12/CMP00195.pdf,84-87-93,
27849808,Business Current,BR006,Bristol,Referred to Ombudsman,"Staff Conduct complaint, priority Medium. Status: Referred to Ombudsman. No compensation paid.",2025-02-07,,0,Staff Conduct,"Flat 3, Chan viaduct, Royport, L35 1EQ",clairewilson@example.org,CUST00025,Bryan Brown,0808 1570256,,,CMP00196,Complaint,2025-01-16,Medium,,,,,No further action,aisha.patel@securebankplc.com,RM010,Aisha Patel,s3://banking-docs-poc-qahftr/complaints/2025/01/CMP00196.pdf,94-23-27,
66319314,ISA,BR005,Leeds,Closed-Won,"Mortgage Related complaint, priority Low. Status: Closed-Won. Compensation: £224.28",2025-06-04,,224.28,Mortgage Related,"893 Jones crest, East Diane, E3A 9GY",brownwendy@example.com,CUST00050,Adrian Davey,+44(0)808 1570942,,,CMP00197,Complaint,2025-04-10,Low,,,,,No further action,george.whitfield@securebankplc.com,RM019,George Whitfield,s3://banking-docs-poc-qahftr/complaints/2025/04/CMP00197.pdf,25-82-15,
65185067,Current,BR006,Bristol,Closed-Won,"Staff Conduct complaint, priority Medium. Status: Closed-Won. No compensation paid.",2024-11-23,,0,Staff Conduct,"Flat 29J, Price ramp, South Sam, W3 9GT",chloe20@example.org,CUST00051,Rachael Farmer,+44909 8790358,,,CMP00198,Complaint,2024-09-29,Medium,,,,,Resolved in customer favour,fatima.hassan@securebankplc.com,RM018,Fatima Hassan,s3://banking-docs-poc-qahftr/complaints/2024/09/CMP00198.pdf,65-56-91,
54353462,Business Current,BR010,Sheffield,Withdrawn,"Fee Dispute complaint, priority Medium. Status: Withdrawn. No compensation paid.",2024-07-12,,0,Fee Dispute,"367 Watkins spring, West Scottberg, BH84 0YS",joanlittle@example.net,CUST00023,Terry Stephens-Turner,+44(0)306 9990092,,,CMP00199,Complaint,2024-06-29,Medium,,,,,Escalated to Ombudsman,robert.blackwood@securebankplc.com,RM017,Robert Blackwood,s3://banking-docs-poc-qahftr/complaints/2024/06/CMP00199.pdf,68-50-19,
36763201,Premier,BR007,Cardiff,Withdrawn,"Loan Processing Delay complaint, priority Medium. Status: Withdrawn. Compensation: £477.08",2024-11-25,,477.08,Loan Processing Delay,"7 Wood trail, Guymouth, G4 3UA",barry51@example.com,CUST00039,Terence Smith,+441414960870,,,CMP00200,Complaint,2024-10-09,Medium,,,,,Escalated to Ombudsman,george.whitfield@securebankplc.com,RM019,George Whitfield,s3://banking-docs-poc-qahftr/complaints/2024/10/CMP00200.pdf,38-32-99,
99016272,Current,BR001,London City,,Overdraft Limit Change request. Status: Pending. Processed: 06 Sep 2025.,,,,,"Flat 46k, Campbell junction, Port Rosemarychester, DE87 6LD",kathleenjones@example.org,CUST00046,Nathan Sanderson,(0808)1570938,,,MNT00001,AccountMaintenance,,,2025-09-06,2025-08-28,Pending,Overdraft Limit Change,,liam.fitzgerald@securebankplc.com,RM013,Liam Fitzgerald,s3://banking-docs-poc-qahftr/maintenance/2025/08/MNT00001.pdf,43-58-51,
77387214,ISA,BR006,Bristol,,Contact Number Update request. Status: Rejected. Processed: 14 Feb 2025.,,,,,"Flat 81G, Singh loaf, Colehaven, PL0V 2FR",ashleigh56@example.com,CUST00037,Edward Jackson,0117 496 0960,,,MNT00002,AccountMaintenance,,,2025-02-14,2025-02-11,Rejected,Contact Number Update,,patrick.devereux@securebankplc.com,RM015,Patrick Devereux,s3://banking-docs-poc-qahftr/maintenance/2025/02/MNT00002.pdf,94-91-89,
68011280,Business Current,BR008,Glasgow,,Direct Debit Cancellation request. Status: Completed. Processed: 17 Aug 2025.,,,,,"9 Graeme throughway, Jonesmouth, TS6 3LX",terence80@example.org,CUST00028,Dominic Harvey,+441632 960888,,,MNT00003,AccountMaintenance,,,2025-08-17,2025-08-09,Completed,Direct Debit Cancellation,,fatima.hassan@securebankplc.com,RM018,Fatima Hassan,s3://banking-docs-poc-qahftr/maintenance/2025/08/MNT00003.pdf,84-80-28,
14586850,Current,BR006,Bristol,,Contact Number Update request. Status: Pending. Processed: 16 Nov 2025.,,,,,"89 Edwards creek, Daviestown, B2 2NA",robertsrosemary@example.net,CUST00032,Tracy Wilkinson-Davison,+44(0)1632 960235,,,MNT00004,AccountMaintenance,,,2025-11-16,2025-11-15,Pending,Contact Number Update,,carlos.mendez@securebankplc.com,RM009,Carlos Mendez,s3://banking-docs-poc-qahftr/maintenance/2025/11/MNT00004.pdf,43-32-84,
37940265,Business Current,BR009,Liverpool,,Signature Update request. Status: Pending. Processed: 19 Aug 2025.,,,,,"04 Howard land, Port Leeview, N5C 3RF",rachelkelly@example.org,CUST00002,Nigel Rose,+44151 4960869,,,MNT00005,AccountMaintenance,,,2025-08-19,2025-08-09,Pending,Signature Update,,zoe.nakamura@securebankplc.com,RM014,Zoe Nakamura,s3://banking-docs-poc-qahftr/maintenance/2025/08/MNT00005.pdf,29-37-53,
57885685,Business Current,BR005,Leeds,,Beneficiary Addition request. Status: Pending. Processed: 10 Feb 2026.,,,,,"Flat 84, Hughes green, Lake Matthew, W7D 3DG",uford@example.com,CUST00056,Marcus Walker,+44(0)29 2018730,,,MNT00006,AccountMaintenance,,,2026-02-10,2026-02-07,Pending,Beneficiary Addition,,george.whitfield@securebankplc.com,RM019,George Whitfield,s3://banking-docs-poc-qahftr/maintenance/2026/02/MNT00006.pdf,99-68-44,
37672423,ISA,BR010,Sheffield,,Overdraft Limit Change request. Status: Pending. Processed: 04 Apr 2025.,,,,,"5 Chelsea street, Jessicashire, SN4 9XJ",elliott68@example.com,CUST00007,Sylvia Bolton,0131 496 0785,,,MNT00007,AccountMaintenance,,,2025-04-04,2025-04-02,Pending,Overdraft Limit Change,,william.foster@securebankplc.com,RM011,William Foster,s3://banking-docs-poc-qahftr/maintenance/2025/04/MNT00007.pdf,78-43-84,
95931034,Current,BR009,Liverpool,,Account Name Change request. Status: Completed. Processed: 05 Oct 2024.,,,,,"Studio 8, James island, Junemouth, WS53 0LG",natasha17@example.net,CUST00004,Angela Jackson,(0118)4960554,,,MNT00008,AccountMaintenance,,,2024-10-05,2024-10-04,Completed,Account Name Change,,aisha.patel@securebankplc.com,RM010,Aisha Patel,s3://banking-docs-poc-qahftr/maintenance/2024/10/MNT00008.pdf,39-22-58,
52553419,Savings,BR005,Leeds,,Contact Number Update request. Status: Pending. Processed: 31 May 2024.,,,,,"Flat 03, Sara lights, Paulinetown, PA3 9FT",jayne53@example.com,CUST00005,Maria Williams-Brown,(0191) 4960489,,,MNT00009,AccountMaintenance,,,2024-05-31,2024-05-21,Pending,Contact Number Update,,patrick.devereux@securebankplc.com,RM015,Patrick Devereux,s3://banking-docs-poc-qahftr/maintenance/2024/05/MNT00009.pdf,78-41-30,
16697848,Current,BR007,Cardiff,,Overdraft Limit Change request. Status: Completed. Processed: 16 Jan 2026.,,,,,"Studio 67, Lee rue, McDonaldmouth, DT3X 5GB",brenda41@example.com,CUST00009,Dr Sharon Jones,(0909) 8790528,,,MNT00010,AccountMaintenance,,,2026-01-16,2026-01-12,Completed,Overdraft Limit Change,,isabella.rossi@securebankplc.com,RM020,Isabella Rossi,s3://banking-docs-poc-qahftr/maintenance/2026/01/MNT00010.pdf,97-24-97,
95931034,Current,BR009,Liverpool,,Beneficiary Addition request. Status: Pending. Processed: 21 Nov 2024.,,,,,"Studio 8, James island, Junemouth, WS53 0LG",natasha17@example.net,CUST00004,Angela Jackson,(0118)4960554,,,MNT00011,AccountMaintenance,,,2024-11-21,2024-11-13,Pending,Beneficiary Addition,,aisha.patel@securebankplc.com,RM010,Aisha Patel,s3://banking-docs-poc-qahftr/maintenance/2024/11/MNT00011.pdf,39-22-58,
47116719,Current,BR003,Birmingham,,Standing Order Amendment request. Status: Completed. Processed: 27 Aug 2024.,,,,,"Flat 7, Tina brook, Samberg, W2 8EN",leslie82@example.com,CUST00060,Ricky Duffy,0113 4960453,,,MNT00012,AccountMaintenance,,,2024-08-27,2024-08-23,Completed,Standing Order Amendment,,sophie.chen@securebankplc.com,RM002,Sophie Chen,s3://banking-docs-poc-qahftr/maintenance/2024/08/MNT00012.pdf,29-29-82,
09788208,Current,BR006,Bristol,,Overdraft Limit Change request. Status: Completed. Processed: 18 Jun 2024.,,,,,"46 George walks, Port Peter, NG03 2JW",robertgrant@example.org,CUST00021,Elliot Williams,0141 496 0539,,,MNT00013,AccountMaintenance,,,2024-06-18,2024-06-12,Completed,Overdraft Limit Change,,sophie.chen@securebankplc.com,RM002,Sophie Chen,s3://banking-docs-poc-qahftr/maintenance/2024/06/MNT00013.pdf,33-18-86,
41343524,Current,BR009,Liverpool,,Address Change request. Status: Completed. Processed: 18 Jul 2024.,,,,,"849 Hughes shore, Collinsland, UB6 1HT",matthewsfrances@example.org,CUST00058,Linda Hall,01632 960639,,,MNT00014,AccountMaintenance,,,2024-07-18,2024-07-16,Completed,Address Change,,isabella.rossi@securebankplc.com,RM020,Isabella Rossi,s3://banking-docs-poc-qahftr/maintenance/2024/07/MNT00014.pdf,78-26-45,
19655698,Current,BR005,Leeds,,Standing Order Amendment request. Status: Completed. Processed: 26 Mar 2025.,,,,,"8 Johnson squares, Port Katherine, G88 1RX",mohamedberry@example.org,CUST00033,Lee Middleton,(0909) 879 0898,,,MNT00015,AccountMaintenance,,,2025-03-26,2025-03-18,Completed,Standing Order Amendment,,sophie.chen@securebankplc.com,RM002,Sophie Chen,s3://banking-docs-poc-qahftr/maintenance/2025/03/MNT00015.pdf,59-83-34,
31351823,Savings,BR005,Leeds,,Direct Debit Cancellation request. Status: Completed. Processed: 15 Aug 2024.,,,,,"81 Wilson club, Douglasmouth, IV2B 6PW",zcollins@example.com,CUST00057,Mathew Little,+44(0)8081570161,,,MNT00016,AccountMaintenance,,,2024-08-15,2024-08-14,Completed,Direct Debit Cancellation,,carlos.mendez@securebankplc.com,RM009,Carlos Mendez,s3://banking-docs-poc-qahftr/maintenance/2024/08/MNT00016.pdf,71-45-85,
55646417,Current,BR004,Edinburgh,,Account Name Change request. Status: Pending. Processed: 29 Jul 2024.,,,,,"Flat 16, Garry views, Hunterton, DL17 9AL",stanleyrebecca@example.com,CUST00047,Miss Abbie Hart,+441914960529,,,MNT00017,AccountMaintenance,,,2024-07-29,2024-07-19,Pending,Account Name Change,,patrick.devereux@securebankplc.com,RM015,Patrick Devereux,s3://banking-docs-poc-qahftr/maintenance/2024/07/MNT00017.pdf,79-16-54,
48350305,Premier,BR008,Glasgow,,Standing Order Amendment request. Status: Completed. Processed: 18 Aug 2025.,,,,,"172 Cameron meadow, Wayneview, S56 4EY",littlefrances@example.com,CUST00006,Simon Evans,+44(0)1144960022,,,MNT00018,AccountMaintenance,,,2025-08-18,2025-08-17,Completed,Standing Order Amendment,,liam.fitzgerald@securebankplc.com,RM013,Liam Fitzgerald,s3://banking-docs-poc-qahftr/maintenance/2025/08/MNT00018.pdf,44-18-37,
10310518,Savings,BR004,Edinburgh,,Contact Number Update request. Status: Completed. Processed: 27 May 2024.,,,,,"18 Kenneth turnpike, New Louise, G47 7JP",xmacdonald@example.net,CUST00015,Wayne Atkinson,+44(0)1632960597,,,MNT00019,AccountMaintenance,,,2024-05-27,2024-05-19,Completed,Contact Number Update,,james.hargreaves@securebankplc.com,RM001,James Hargreaves,s3://banking-docs-poc-qahftr/maintenance/2024/05/MNT00019.pdf,45-95-72,
22602563,Business Current,BR003,Birmingham,,Direct Debit Cancellation request. Status: Completed. Processed: 18 Dec 2024.,,,,,"5 Colin tunnel, Hazelshire, BS92 9UW",dylanreid@example.com,CUST00030,Mohamed Ahmed,(0121) 4960087,,,MNT00020,AccountMaintenance,,,2024-12-18,2024-12-17,Completed,Direct Debit Cancellation,,rachel.o'brien@securebankplc.com,RM008,Rachel O'Brien,s3://banking-docs-poc-qahftr/maintenance/2024/12/MNT00020.pdf,30-99-23,
54549480,ISA,BR008,Glasgow,,Account Name Change request. Status: Completed. Processed: 28 May 2024.,,,,,"Flat 88, Adam mountains, Lake Clifford, E2E 5YP",littlewilliam@example.org,CUST00054,Jill Norton,01134960860,,,MNT00021,AccountMaintenance,,,2024-05-28,2024-05-18,Completed,Account Name Change,,thomas.müller@securebankplc.com,RM007,Thomas Müller,s3://banking-docs-poc-qahftr/maintenance/2024/05/MNT00021.pdf,34-20-40,
40164005,Savings,BR009,Liverpool,,Signature Update request. Status: Completed. Processed: 23 Oct 2024.,,,,,"080 Lewis route, Port Sara, G5G 7RZ",browneileen@example.net,CUST00027,Maria Forster,0909 879 0429,,,MNT00022,AccountMaintenance,,,2024-10-23,2024-10-20,Completed,Signature Update,,amelia.singh@securebankplc.com,RM016,Amelia Singh,s3://banking-docs-poc-qahftr/maintenance/2024/10/MNT00022.pdf,91-43-30,
96001338,ISA,BR009,Liverpool,,Contact Number Update request. Status: Pending. Processed: 17 May 2024.,,,,,"9 Bird courts, Lake Lesley, E9U 5AD",ellie28@example.net,CUST00001,Eileen Evans,+44(0)1632 960 112,,,MNT00023,AccountMaintenance,,,2024-05-17,2024-05-13,Pending,Contact Number Update,,mohammed.al-rashid@securebankplc.com,RM003,Mohammed Al-Rashid,s3://banking-docs-poc-qahftr/maintenance/2024/05/MNT00023.pdf,13-81-35,
27849808,Business Current,BR006,Bristol,,Standing Order Amendment request. Status: Completed. Processed: 27 Apr 2025.,,,,,"Flat 3, Chan viaduct, Royport, L35 1EQ",clairewilson@example.org,CUST00025,Bryan Brown,0808 1570256,,,MNT00024,AccountMaintenance,,,2025-04-27,2025-04-20,Completed,Standing Order Amendment,,aisha.patel@securebankplc.com,RM010,Aisha Patel,s3://banking-docs-poc-qahftr/maintenance/2025/04/MNT00024.pdf,94-23-27,
93252880,ISA,BR005,Leeds,,Contact Number Update request. Status: Completed. Processed: 14 Mar 2026.,,,,,"5 Gough mountain, South Katherine, B6D 7NW",morgankimberley@example.net,CUST00011,Anthony Potter-Barber,+44(0)118 4960018,,,MNT00025,AccountMaintenance,,,2026-03-14,2026-03-09,Completed,Contact Number Update,,robert.blackwood@securebankplc.com,RM017,Robert Blackwood,s3://banking-docs-poc-qahftr/maintenance/2026/03/MNT00025.pdf,51-72-12,
61939909,Current,BR002,Manchester Central,,Account Name Change request. Status: Completed. Processed: 27 Nov 2025.,,,,,"13 Dean green, South Dennischester, IG4 0SA",justin74@example.org,CUST00022,Mrs Lucy Hyde,(0191)4960767,,,MNT00026,AccountMaintenance,,,2025-11-27,2025-11-19,Completed,Account Name Change,,rachel.o'brien@securebankplc.com,RM008,Rachel O'Brien,s3://banking-docs-poc-qahftr/maintenance/2025/11/MNT00026.pdf,63-94-84,
52553419,Savings,BR005,Leeds,,Address Change request. Status: Completed. Processed: 09 Dec 2025.,,,,,"Flat 03, Sara lights, Paulinetown, PA3 9FT",jayne53@example.com,CUST00005,Maria Williams-Brown,(0191) 4960489,,,MNT00027,AccountMaintenance,,,2025-12-09,2025-12-04,Completed,Address Change,,patrick.devereux@securebankplc.com,RM015,Patrick Devereux,s3://banking-docs-poc-qahftr/maintenance/2025/12/MNT00027.pdf,78-41-30,
95931034,Current,BR009,Liverpool,,Overdraft Limit Change request. Status: Completed. Processed: 07 Aug 2024.,,,,,"Studio 8, James island, Junemouth, WS53 0LG",natasha17@example.net,CUST00004,Angela Jackson,(0118)4960554,,,MNT00028,AccountMaintenance,,,2024-08-07,2024-08-05,Completed,Overdraft Limit Change,,aisha.patel@securebankplc.com,RM010,Aisha Patel,s3://banking-docs-poc-qahftr/maintenance/2024/08/MNT00028.pdf,39-22-58,
77387214,ISA,BR006,Bristol,,Standing Order Amendment request. Status: Rejected. Processed: 14 Apr 2025.,,,,,"Flat 81G, Singh loaf, Colehaven, PL0V 2FR",ashleigh56@example.com,CUST00037,Edward Jackson,0117 496 0960,,,MNT00029,AccountMaintenance,,,2025-04-14,2025-04-13,Rejected,Standing Order Amendment,,patrick.devereux@securebankplc.com,RM015,Patrick Devereux,s3://banking-docs-poc-qahftr/maintenance/2025/04/MNT00029.pdf,94-91-89,
73375433,Current,BR007,Cardiff,,Overdraft Limit Change request. Status: Rejected. Processed: 07 Jul 2025.,,,,,"Studio 2, Leah loop, Johnsonport, G7T 2YS",brenda28@example.com,CUST00031,Kathryn Shah,+44(0)117 496 0843,,,MNT00030,AccountMaintenance,,,2025-07-07,2025-07-02,Rejected,Overdraft Limit Change,,sophie.chen@securebankplc.com,RM002,Sophie Chen,s3://banking-docs-poc-qahftr/maintenance/2025/07/MNT00030.pdf,94-34-61,
14586850,Current,BR006,Bristol,,Standing Order Amendment request. Status: Pending. Processed: 25 Jan 2026.,,,,,"89 Edwards creek, Daviestown, B2 2NA",robertsrosemary@example.net,CUST00032,Tracy Wilkinson-Davison,+44(0)1632 960235,,,MNT00031,AccountMaintenance,,,2026-01-25,2026-01-24,Pending,Standing Order Amendment,,carlos.mendez@securebankplc.com,RM009,Carlos Mendez,s3://banking-docs-poc-qahftr/maintenance/2026/01/MNT00031.pdf,43-32-84,
67010651,Savings,BR006,Bristol,,Standing Order Amendment request. Status: Completed. Processed: 12 Oct 2025.,,,,,"Studio 8, O'Neill common, Bradleytown, N89 1ER",kwilkinson@example.com,CUST00017,Callum Pritchard-Fletcher,(0191) 496 0585,,,MNT00032,AccountMaintenance,,,2025-10-12,2025-10-09,Completed,Standing Order Amendment,,zoe.nakamura@securebankplc.com,RM014,Zoe Nakamura,s3://banking-docs-poc-qahftr/maintenance/2025/10/MNT00032.pdf,34-34-78,
73375433,Current,BR007,Cardiff,,Account Name Change request. Status: Completed. Processed: 09 May 2025.,,,,,"Studio 2, Leah loop, Johnsonport, G7T 2YS",brenda28@example.com,CUST00031,Kathryn Shah,+44(0)117 496 0843,,,MNT00033,AccountMaintenance,,,2025-05-09,2025-05-06,Completed,Account Name Change,,sophie.chen@securebankplc.com,RM002,Sophie Chen,s3://banking-docs-poc-qahftr/maintenance/2025/05/MNT00033.pdf,94-34-61,
46872343,Current,BR005,Leeds,,Address Change request. Status: Completed. Processed: 04 Jul 2025.,,,,,"Flat 36Y, Robinson isle, Smithtown, E14 6PL",lydiadunn@example.net,CUST00020,Gemma Clark-Parry,(0141) 4960819,,,MNT00034,AccountMaintenance,,,2025-07-04,2025-06-27,Completed,Address Change,,patrick.devereux@securebankplc.com,RM015,Patrick Devereux,s3://banking-docs-poc-qahftr/maintenance/2025/06/MNT00034.pdf,84-79-17,
31351823,Savings,BR005,Leeds,,Standing Order Amendment request. Status: Rejected. Processed: 08 Feb 2025.,,,,,"81 Wilson club, Douglasmouth, IV2B 6PW",zcollins@example.com,CUST00057,Mathew Little,+44(0)8081570161,,,MNT00035,AccountMaintenance,,,2025-02-08,2025-02-06,Rejected,Standing Order Amendment,,carlos.mendez@securebankplc.com,RM009,Carlos Mendez,s3://banking-docs-poc-qahftr/maintenance/2025/02/MNT00035.pdf,71-45-85,
61939909,Current,BR002,Manchester Central,,Signature Update request. Status: Completed. Processed: 09 Feb 2025.,,,,,"13 Dean green, South Dennischester, IG4 0SA",justin74@example.org,CUST00022,Mrs Lucy Hyde,(0191)4960767,,,MNT00036,AccountMaintenance,,,2025-02-09,2025-02-01,Completed,Signature Update,,rachel.o'brien@securebankplc.com,RM008,Rachel O'Brien,s3://banking-docs-poc-qahftr/maintenance/2025/02/MNT00036.pdf,63-94-84,
37672423,ISA,BR010,Sheffield,,Contact Number Update request. Status: Completed. Processed: 15 Sep 2024.,,,,,"5 Chelsea street, Jessicashire, SN4 9XJ",elliott68@example.com,CUST00007,Sylvia Bolton,0131 496 0785,,,MNT00037,AccountMaintenance,,,2024-09-15,2024-09-08,Completed,Contact Number Update,,william.foster@securebankplc.com,RM011,William Foster,s3://banking-docs-poc-qahftr/maintenance/2024/09/MNT00037.pdf,78-43-84,
99118384,Savings,BR001,London City,,Contact Number Update request. Status: Completed. Processed: 13 Dec 2025.,,,,,"73 Samantha forges, Millerton, LS9 6LT",martyn46@example.org,CUST00024,Mr Ronald Singh,+44(0)115 4960476,,,MNT00038,AccountMaintenance,,,2025-12-13,2025-12-03,Completed,Contact Number Update,,patrick.devereux@securebankplc.com,RM015,Patrick Devereux,s3://banking-docs-poc-qahftr/maintenance/2025/12/MNT00038.pdf,54-18-41,
31665876,Current,BR007,Cardiff,,Direct Debit Cancellation request. Status: Completed. Processed: 17 Apr 2025.,,,,,"03 French walks, East Janice, E05 3RJ",tross@example.net,CUST00043,Miss Kimberley Robinson,(0191) 496 0369,,,MNT00039,AccountMaintenance,,,2025-04-17,2025-04-16,Completed,Direct Debit Cancellation,,david.okafor@securebankplc.com,RM005,David Okafor,s3://banking-docs-poc-qahftr/maintenance/2025/04/MNT00039.pdf,36-63-59,
93252880,ISA,BR005,Leeds,,Standing Order Amendment request. Status: Pending. Processed: 04 Jul 2025.,,,,,"5 Gough mountain, South Katherine, B6D 7NW",morgankimberley@example.net,CUST00011,Anthony Potter-Barber,+44(0)118 4960018,,,MNT00040,AccountMaintenance,,,2025-07-04,2025-06-28,Pending,Standing Order Amendment,,robert.blackwood@securebankplc.com,RM017,Robert Blackwood,s3://banking-docs-poc-qahftr/maintenance/2025/06/MNT00040.pdf,51-72-12,
67010651,Savings,BR006,Bristol,,Contact Number Update request. Status: Completed. Processed: 19 Feb 2025.,,,,,"Studio 8, O'Neill common, Bradleytown, N89 1ER",kwilkinson@example.com,CUST00017,Callum Pritchard-Fletcher,(0191) 496 0585,,,MNT00041,AccountMaintenance,,,2025-02-19,2025-02-14,Completed,Contact Number Update,,zoe.nakamura@securebankplc.com,RM014,Zoe Nakamura,s3://banking-docs-poc-qahftr/maintenance/2025/02/MNT00041.pdf,34-34-78,
00330923,Savings,BR004,Edinburgh,,Account Name Change request. Status: Rejected. Processed: 03 Oct 2024.,,,,,"Flat 69, Khan plaza, West Harriet, L1S 5NB",emily97@example.org,CUST00048,Francesca Lucas,(0141) 4960004,,,MNT00042,AccountMaintenance,,,2024-10-03,2024-09-30,Rejected,Account Name Change,,mohammed.al-rashid@securebankplc.com,RM003,Mohammed Al-Rashid,s3://banking-docs-poc-qahftr/maintenance/2024/09/MNT00042.pdf,70-95-24,
14586850,Current,BR006,Bristol,,Address Change request. Status: Completed. Processed: 22 Feb 2026.,,,,,"89 Edwards creek, Daviestown, B2 2NA",robertsrosemary@example.net,CUST00032,Tracy Wilkinson-Davison,+44(0)1632 960235,,,MNT00043,AccountMaintenance,,,2026-02-22,2026-02-16,Completed,Address Change,,carlos.mendez@securebankplc.com,RM009,Carlos Mendez,s3://banking-docs-poc-qahftr/maintenance/2026/02/MNT00043.pdf,43-32-84,
52553419,Savings,BR005,Leeds,,Overdraft Limit Change request. Status: Completed. Processed: 22 Apr 2025.,,,,,"Flat 03, Sara lights, Paulinetown, PA3 9FT",jayne53@example.com,CUST00005,Maria Williams-Brown,(0191) 4960489,,,MNT00044,AccountMaintenance,,,2025-04-22,2025-04-14,Completed,Overdraft Limit Change,,patrick.devereux@securebankplc.com,RM015,Patrick Devereux,s3://banking-docs-poc-qahftr/maintenance/2025/04/MNT00044.pdf,78-41-30,
31665876,Current,BR007,Cardiff,,Standing Order Amendment request. Status: Completed. Processed: 21 Jul 2025.,,,,,"03 French walks, East Janice, E05 3RJ",tross@example.net,CUST00043,Miss Kimberley Robinson,(0191) 496 0369,,,MNT00045,AccountMaintenance,,,2025-07-21,2025-07-12,Completed,Standing Order Amendment,,david.okafor@securebankplc.com,RM005,David Okafor,s3://banking-docs-poc-qahftr/maintenance/2025/07/MNT00045.pdf,36-63-59,
31351823,Savings,BR005,Leeds,,Address Change request. Status: Pending. Processed: 09 Feb 2026.,,,,,"81 Wilson club, Douglasmouth, IV2B 6PW",zcollins@example.com,CUST00057,Mathew Little,+44(0)8081570161,,,MNT00046,AccountMaintenance,,,2026-02-09,2026-02-04,Pending,Address Change,,carlos.mendez@securebankplc.com,RM009,Carlos Mendez,s3://banking-docs-poc-qahftr/maintenance/2026/02/MNT00046.pdf,71-45-85,
67010651,Savings,BR006,Bristol,,Contact Number Update request. Status: Pending. Processed: 21 Jul 2024.,,,,,"Studio 8, O'Neill common, Bradleytown, N89 1ER",kwilkinson@example.com,CUST00017,Callum Pritchard-Fletcher,(0191) 496 0585,,,MNT00047,AccountMaintenance,,,2024-07-21,2024-07-16,Pending,Contact Number Update,,zoe.nakamura@securebankplc.com,RM014,Zoe Nakamura,s3://banking-docs-poc-qahftr/maintenance/2024/07/MNT00047.pdf,34-34-78,
57885685,Business Current,BR005,Leeds,,Standing Order Amendment request. Status: Pending. Processed: 27 May 2024.,,,,,"Flat 84, Hughes green, Lake Matthew, W7D 3DG",uford@example.com,CUST00056,Marcus Walker,+44(0)29 2018730,,,MNT00048,AccountMaintenance,,,2024-05-27,2024-05-18,Pending,Standing Order Amendment,,george.whitfield@securebankplc.com,RM019,George Whitfield,s3://banking-docs-poc-qahftr/maintenance/2024/05/MNT00048.pdf,99-68-44,
04505331,Business Current,BR007,Cardiff,,Address Change request. Status: Completed. Processed: 20 Mar 2026.,,,,,"868 Hill vista, Rickyburgh, HX6E 1EJ",nwright@example.com,CUST00029,Damian Pearson,+441144960254,,,MNT00049,AccountMaintenance,,,2026-03-20,2026-03-13,Completed,Address Change,,david.okafor@securebankplc.com,RM005,David Okafor,s3://banking-docs-poc-qahftr/maintenance/2026/03/MNT00049.pdf,81-62-89,
52553419,Savings,BR005,Leeds,,Standing Order Amendment request. Status: Completed. Processed: 14 Feb 2025.,,,,,"Flat 03, Sara lights, Paulinetown, PA3 9FT",jayne53@example.com,CUST00005,Maria Williams-Brown,(0191) 4960489,,,MNT00050,AccountMaintenance,,,2025-02-14,2025-02-08,Completed,Standing Order Amendment,,patrick.devereux@securebankplc.com,RM015,Patrick Devereux,s3://banking-docs-poc-qahftr/maintenance/2025/02/MNT00050.pdf,78-41-30,
73375433,Current,BR007,Cardiff,,Direct Debit Cancellation request. Status: Completed. Processed: 24 Oct 2024.,,,,,"Studio 2, Leah loop, Johnsonport, G7T 2YS",brenda28@example.com,CUST00031,Kathryn Shah,+44(0)117 496 0843,,,MNT00051,AccountMaintenance,,,2024-10-24,2024-10-17,Completed,Direct Debit Cancellation,,sophie.chen@securebankplc.com,RM002,Sophie Chen,s3://banking-docs-poc-qahftr/maintenance/2024/10/MNT00051.pdf,94-34-61,
00330923,Savings,BR004,Edinburgh,,Beneficiary Addition request. Status: Completed. Processed: 02 Sep 2024.,,,,,"Flat 69, Khan plaza, West Harriet, L1S 5NB",emily97@example.org,CUST00048,Francesca Lucas,(0141) 4960004,,,MNT00052,AccountMaintenance,,,2024-09-02,2024-08-28,Completed,Beneficiary Addition,,mohammed.al-rashid@securebankplc.com,RM003,Mohammed Al-Rashid,s3://banking-docs-poc-qahftr/maintenance/2024/08/MNT00052.pdf,70-95-24,
57885685,Business Current,BR005,Leeds,,Beneficiary Addition request. Status: Completed. Processed: 27 Aug 2025.,,,,,"Flat 84, Hughes green, Lake Matthew, W7D 3DG",uford@example.com,CUST00056,Marcus Walker,+44(0)29 2018730,,,MNT00053,AccountMaintenance,,,2025-08-27,2025-08-26,Completed,Beneficiary Addition,,george.whitfield@securebankplc.com,RM019,George Whitfield,s3://banking-docs-poc-qahftr/maintenance/2025/08/MNT00053.pdf,99-68-44,
65185067,Current,BR006,Bristol,,Address Change request. Status: Pending. Processed: 03 Oct 2025.,,,,,"Flat 29J, Price ramp, South Sam, W3 9GT",chloe20@example.org,CUST00051,Rachael Farmer,+44909 8790358,,,MNT00054,AccountMaintenance,,,2025-10-03,2025-10-01,Pending,Address Change,,fatima.hassan@securebankplc.com,RM018,Fatima Hassan,s3://banking-docs-poc-qahftr/maintenance/2025/10/MNT00054.pdf,65-56-91,
54353462,Business Current,BR010,Sheffield,,Address Change request. Status: Rejected. Processed: 04 Sep 2024.,,,,,"367 Watkins spring, West Scottberg, BH84 0YS",joanlittle@example.net,CUST00023,Terry Stephens-Turner,+44(0)306 9990092,,,MNT00055,AccountMaintenance,,,2024-09-04,2024-09-03,Rejected,Address Change,,robert.blackwood@securebankplc.com,RM017,Robert Blackwood,s3://banking-docs-poc-qahftr/maintenance/2024/09/MNT00055.pdf,68-50-19,
84271094,Premier,BR001,London City,,Account Name Change request. Status: Rejected. Processed: 12 Sep 2025.,,,,,"8 Gemma rapid, Charlesland, DD1A 0SJ",gary02@example.org,CUST00059,Ross Bailey,+441174960914,,,MNT00056,AccountMaintenance,,,2025-09-12,2025-09-09,Rejected,Account Name Change,,sophie.chen@securebankplc.com,RM002,Sophie Chen,s3://banking-docs-poc-qahftr/maintenance/2025/09/MNT00056.pdf,71-66-53,
32677360,Savings,BR001,London City,,Direct Debit Cancellation request. Status: Completed. Processed: 31 May 2025.,,,,,"60 Mitchell expressway, Martinberg, B5 8WU",thomasking@example.org,CUST00019,Sharon Price,0191 498 0065,,,MNT00057,AccountMaintenance,,,2025-05-31,2025-05-24,Completed,Direct Debit Cancellation,,mohammed.al-rashid@securebankplc.com,RM003,Mohammed Al-Rashid,s3://banking-docs-poc-qahftr/maintenance/2025/05/MNT00057.pdf,58-10-59,
60883561,Business Current,BR005,Leeds,,Direct Debit Cancellation request. Status: Pending. Processed: 20 Feb 2026.,,,,,"03 Faulkner run, Lake Victorstad, HA9 2TL",hicksdawn@example.net,CUST00034,Brandon Middleton,(0131) 496 0052,,,MNT00058,AccountMaintenance,,,2026-02-20,2026-02-12,Pending,Direct Debit Cancellation,,sophie.chen@securebankplc.com,RM002,Sophie Chen,s3://banking-docs-poc-qahftr/maintenance/2026/02/MNT00058.pdf,89-50-94,
68011280,Business Current,BR008,Glasgow,,Signature Update request. Status: Pending. Processed: 27 Jul 2025.,,,,,"9 Graeme throughway, Jonesmouth, TS6 3LX",terence80@example.org,CUST00028,Dominic Harvey,+441632 960888,,,MNT00059,AccountMaintenance,,,2025-07-27,2025-07-25,Pending,Signature Update,,fatima.hassan@securebankplc.com,RM018,Fatima Hassan,s3://banking-docs-poc-qahftr/maintenance/2025/07/MNT00059.pdf,84-80-28,
55646417,Current,BR004,Edinburgh,,Overdraft Limit Change request. Status: Completed. Processed: 28 Oct 2024.,,,,,"Flat 16, Garry views, Hunterton, DL17 9AL",stanleyrebecca@example.com,CUST00047,Miss Abbie Hart,+441914960529,,,MNT00060,AccountMaintenance,,,2024-10-28,2024-10-23,Completed,Overdraft Limit Change,,patrick.devereux@securebankplc.com,RM015,Patrick Devereux,s3://banking-docs-poc-qahftr/maintenance/2024/10/MNT00060.pdf,79-16-54,
57885685,Business Current,BR005,Leeds,,Overdraft Limit Change request. Status: Completed. Processed: 11 Sep 2024.,,,,,"Flat 84, Hughes green, Lake Matthew, W7D 3DG",uford@example.com,CUST00056,Marcus Walker,+44(0)29 2018730,,,MNT00061,AccountMaintenance,,,2024-09-11,2024-09-10,Completed,Overdraft Limit Change,,george.whitfield@securebankplc.com,RM019,George Whitfield,s3://banking-docs-poc-qahftr/maintenance/2024/09/MNT00061.pdf,99-68-44,
65185067,Current,BR006,Bristol,,Beneficiary Addition request. Status: Completed. Processed: 17 Oct 2024.,,,,,"Flat 29J, Price ramp, South Sam, W3 9GT",chloe20@example.org,CUST00051,Rachael Farmer,+44909 8790358,,,MNT00062,AccountMaintenance,,,2024-10-17,2024-10-14,Completed,Beneficiary Addition,,fatima.hassan@securebankplc.com,RM018,Fatima Hassan,s3://banking-docs-poc-qahftr/maintenance/2024/10/MNT00062.pdf,65-56-91,
43039117,Current,BR002,Manchester Central,,Direct Debit Cancellation request. Status: Rejected. Processed: 29 May 2025.,,,,,"427 Brown gardens, West Bethan, AB5 0WZ",turnerjosephine@example.com,CUST00012,Dr Duncan Greenwood,(0909) 879 0062,,,MNT00063,AccountMaintenance,,,2025-05-29,2025-05-20,Rejected,Direct Debit Cancellation,,natalie.burke@securebankplc.com,RM012,Natalie Burke,s3://banking-docs-poc-qahftr/maintenance/2025/05/MNT00063.pdf,78-26-26,
24896383,Business Current,BR008,Glasgow,,Account Name Change request. Status: Pending. Processed: 20 Jul 2025.,,,,,"2 Carter lane, Allenland, FY2M 9AU",dorothymurray@example.org,CUST00013,Ms Dorothy Burns,+44141 496 0933,,,MNT00064,AccountMaintenance,,,2025-07-20,2025-07-19,Pending,Account Name Change,,fatima.hassan@securebankplc.com,RM018,Fatima Hassan,s3://banking-docs-poc-qahftr/maintenance/2025/07/MNT00064.pdf,61-95-93,
96705466,ISA,BR010,Sheffield,,Signature Update request. Status: Completed. Processed: 25 Dec 2025.,,,,,"40 Lucy bridge, Lindseymouth, G84 0TL",tread@example.com,CUST00044,Gemma Wheeler,+44(0)2074960205,,,MNT00065,AccountMaintenance,,,2025-12-25,2025-12-24,Completed,Signature Update,,james.hargreaves@securebankplc.com,RM001,James Hargreaves,s3://banking-docs-poc-qahftr/maintenance/2025/12/MNT00065.pdf,79-87-38,
34332003,Premier,BR006,Bristol,,Account Name Change request. Status: Completed. Processed: 09 Jan 2026.,,,,,"0 Kate locks, Juneside, S2A 7TS",lawrencemiles@example.net,CUST00038,Frederick Pearson-Webster,(0116)4960522,,,MNT00066,AccountMaintenance,,,2026-01-09,2026-01-01,Completed,Account Name Change,,mohammed.al-rashid@securebankplc.com,RM003,Mohammed Al-Rashid,s3://banking-docs-poc-qahftr/maintenance/2026/01/MNT00066.pdf,88-19-68,
34332003,Premier,BR006,Bristol,,Address Change request. Status: Rejected. Processed: 12 Nov 2025.,,,,,"0 Kate locks, Juneside, S2A 7TS",lawrencemiles@example.net,CUST00038,Frederick Pearson-Webster,(0116)4960522,,,MNT00067,AccountMaintenance,,,2025-11-12,2025-11-10,Rejected,Address Change,,mohammed.al-rashid@securebankplc.com,RM003,Mohammed Al-Rashid,s3://banking-docs-poc-qahftr/maintenance/2025/11/MNT00067.pdf,88-19-68,
31665876,Current,BR007,Cardiff,,Standing Order Amendment request. Status: Completed. Processed: 01 Nov 2024.,,,,,"03 French walks, East Janice, E05 3RJ",tross@example.net,CUST00043,Miss Kimberley Robinson,(0191) 496 0369,,,MNT00068,AccountMaintenance,,,2024-11-01,2024-10-29,Completed,Standing Order Amendment,,david.okafor@securebankplc.com,RM005,David Okafor,s3://banking-docs-poc-qahftr/maintenance/2024/10/MNT00068.pdf,36-63-59,
84656482,Savings,BR002,Manchester Central,,Contact Number Update request. Status: Pending. Processed: 21 Dec 2024.,,,,,"9 Barry circles, Hollandland, BN7 6GW",gerald83@example.org,CUST00035,Dr Bruce Metcalfe,+44(0)114 4960337,,,MNT00069,AccountMaintenance,,,2024-12-21,2024-12-20,Pending,Contact Number Update,,aisha.patel@securebankplc.com,RM010,Aisha Patel,s3://banking-docs-poc-qahftr/maintenance/2024/12/MNT00069.pdf,63-95-58,
84656482,Savings,BR002,Manchester Central,,Beneficiary Addition request. Status: Completed. Processed: 29 Jun 2024.,,,,,"9 Barry circles, Hollandland, BN7 6GW",gerald83@example.org,CUST00035,Dr Bruce Metcalfe,+44(0)114 4960337,,,MNT00070,AccountMaintenance,,,2024-06-29,2024-06-21,Completed,Beneficiary Addition,,aisha.patel@securebankplc.com,RM010,Aisha Patel,s3://banking-docs-poc-qahftr/maintenance/2024/06/MNT00070.pdf,63-95-58,
65185067,Current,BR006,Bristol,,Signature Update request. Status: Pending. Processed: 24 Jul 2024.,,,,,"Flat 29J, Price ramp, South Sam, W3 9GT",chloe20@example.org,CUST00051,Rachael Farmer,+44909 8790358,,,MNT00071,AccountMaintenance,,,2024-07-24,2024-07-23,Pending,Signature Update,,fatima.hassan@securebankplc.com,RM018,Fatima Hassan,s3://banking-docs-poc-qahftr/maintenance/2024/07/MNT00071.pdf,65-56-91,
99016272,Current,BR001,London City,,Address Change request. Status: Pending. Processed: 18 Jan 2025.,,,,,"Flat 46k, Campbell junction, Port Rosemarychester, DE87 6LD",kathleenjones@example.org,CUST00046,Nathan Sanderson,(0808)1570938,,,MNT00072,AccountMaintenance,,,2025-01-18,2025-01-14,Pending,Address Change,,liam.fitzgerald@securebankplc.com,RM013,Liam Fitzgerald,s3://banking-docs-poc-qahftr/maintenance/2025/01/MNT00072.pdf,43-58-51,
47116719,Current,BR003,Birmingham,,Beneficiary Addition request. Status: Rejected. Processed: 03 May 2025.,,,,,"Flat 7, Tina brook, Samberg, W2 8EN",leslie82@example.com,CUST00060,Ricky Duffy,0113 4960453,,,MNT00073,AccountMaintenance,,,2025-05-03,2025-04-23,Rejected,Beneficiary Addition,,sophie.chen@securebankplc.com,RM002,Sophie Chen,s3://banking-docs-poc-qahftr/maintenance/2025/04/MNT00073.pdf,29-29-82,
09788208,Current,BR006,Bristol,,Direct Debit Cancellation request. Status: Pending. Processed: 23 Sep 2024.,,,,,"46 George walks, Port Peter, NG03 2JW",robertgrant@example.org,CUST00021,Elliot Williams,0141 496 0539,,,MNT00074,AccountMaintenance,,,2024-09-23,2024-09-16,Pending,Direct Debit Cancellation,,sophie.chen@securebankplc.com,RM002,Sophie Chen,s3://banking-docs-poc-qahftr/maintenance/2024/09/MNT00074.pdf,33-18-86,
68011280,Business Current,BR008,Glasgow,,Standing Order Amendment request. Status: Completed. Processed: 16 Jul 2025.,,,,,"9 Graeme throughway, Jonesmouth, TS6 3LX",terence80@example.org,CUST00028,Dominic Harvey,+441632 960888,,,MNT00075,AccountMaintenance,,,2025-07-16,2025-07-10,Completed,Standing Order Amendment,,fatima.hassan@securebankplc.com,RM018,Fatima Hassan,s3://banking-docs-poc-qahftr/maintenance/2025/07/MNT00075.pdf,84-80-28,
57885685,Business Current,BR005,Leeds,,Standing Order Amendment request. Status: Completed. Processed: 24 Jun 2025.,,,,,"Flat 84, Hughes green, Lake Matthew, W7D 3DG",uford@example.com,CUST00056,Marcus Walker,+44(0)29 2018730,,,MNT00076,AccountMaintenance,,,2025-06-24,2025-06-23,Completed,Standing Order Amendment,,george.whitfield@securebankplc.com,RM019,George Whitfield,s3://banking-docs-poc-qahftr/maintenance/2025/06/MNT00076.pdf,99-68-44,
66319314,ISA,BR005,Leeds,,Standing Order Amendment request. Status: Completed. Processed: 25 May 2025.,,,,,"893 Jones crest, East Diane, E3A 9GY",brownwendy@example.com,CUST00050,Adrian Davey,+44(0)808 1570942,,,MNT00077,AccountMaintenance,,,2025-05-25,2025-05-16,Completed,Standing Order Amendment,,george.whitfield@securebankplc.com,RM019,George Whitfield,s3://banking-docs-poc-qahftr/maintenance/2025/05/MNT00077.pdf,25-82-15,
24896383,Business Current,BR008,Glasgow,,Signature Update request. Status: Completed. Processed: 10 Oct 2024.,,,,,"2 Carter lane, Allenland, FY2M 9AU",dorothymurray@example.org,CUST00013,Ms Dorothy Burns,+44141 496 0933,,,MNT00078,AccountMaintenance,,,2024-10-10,2024-10-07,Completed,Signature Update,,fatima.hassan@securebankplc.com,RM018,Fatima Hassan,s3://banking-docs-poc-qahftr/maintenance/2024/10/MNT00078.pdf,61-95-93,
57885685,Business Current,BR005,Leeds,,Address Change request. Status: Completed. Processed: 28 Feb 2025.,,,,,"Flat 84, Hughes green, Lake Matthew, W7D 3DG",uford@example.com,CUST00056,Marcus Walker,+44(0)29 2018730,,,MNT00079,AccountMaintenance,,,2025-02-28,2025-02-19,Completed,Address Change,,george.whitfield@securebankplc.com,RM019,George Whitfield,s3://banking-docs-poc-qahftr/maintenance/2025/02/MNT00079.pdf,99-68-44,
27849808,Business Current,BR006,Bristol,,Address Change request. Status: Completed. Processed: 11 Feb 2026.,,,,,"Flat 3, Chan viaduct, Royport, L35 1EQ",clairewilson@example.org,CUST00025,Bryan Brown,0808 1570256,,,MNT00080,AccountMaintenance,,,2026-02-11,2026-02-01,Completed,Address Change,,aisha.patel@securebankplc.com,RM010,Aisha Patel,s3://banking-docs-poc-qahftr/maintenance/2026/02/MNT00080.pdf,94-23-27,
94680443,Premier,BR003,Birmingham,,Direct Debit Cancellation request. Status: Completed. Processed: 01 Sep 2025.,,,,,"Flat 18v, Harrison dam, Lake Terence, WC55 5TN",jwright@example.org,CUST00036,Jane Smith-Winter,01632 960 933,,,MNT00081,AccountMaintenance,,,2025-09-01,2025-08-30,Completed,Direct Debit Cancellation,,isabella.rossi@securebankplc.com,RM020,Isabella Rossi,s3://banking-docs-poc-qahftr/maintenance/2025/08/MNT00081.pdf,84-87-93,
84271094,Premier,BR001,London City,,Contact Number Update request. Status: Completed. Processed: 04 Dec 2024.,,,,,"8 Gemma rapid, Charlesland, DD1A 0SJ",gary02@example.org,CUST00059,Ross Bailey,+441174960914,,,MNT00082,AccountMaintenance,,,2024-12-04,2024-12-03,Completed,Contact Number Update,,sophie.chen@securebankplc.com,RM002,Sophie Chen,s3://banking-docs-poc-qahftr/maintenance/2024/12/MNT00082.pdf,71-66-53,
68727743,Business Current,BR010,Sheffield,,Standing Order Amendment request. Status: Pending. Processed: 23 May 2024.,,,,,"6 Lydia branch, Hayleyborough, S5 9ZS",andreadavies@example.com,CUST00041,Jade Elliott-Adams,+44(0)113 4960408,,,MNT00083,AccountMaintenance,,,2024-05-23,2024-05-17,Pending,Standing Order Amendment,,robert.blackwood@securebankplc.com,RM017,Robert Blackwood,s3://banking-docs-poc-qahftr/maintenance/2024/05/MNT00083.pdf,76-72-90,
32677360,Savings,BR001,London City,,Overdraft Limit Change request. Status: Completed. Processed: 01 Nov 2025.,,,,,"60 Mitchell expressway, Martinberg, B5 8WU",thomasking@example.org,CUST00019,Sharon Price,0191 498 0065,,,MNT00084,AccountMaintenance,,,2025-11-01,2025-10-22,Completed,Overdraft Limit Change,,mohammed.al-rashid@securebankplc.com,RM003,Mohammed Al-Rashid,s3://banking-docs-poc-qahftr/maintenance/2025/10/MNT00084.pdf,58-10-59,
37940265,Business Current,BR009,Liverpool,,Standing Order Amendment request. Status: Completed. Processed: 19 May 2024.,,,,,"04 Howard land, Port Leeview, N5C 3RF",rachelkelly@example.org,CUST00002,Nigel Rose,+44151 4960869,,,MNT00085,AccountMaintenance,,,2024-05-19,2024-05-18,Completed,Standing Order Amendment,,zoe.nakamura@securebankplc.com,RM014,Zoe Nakamura,s3://banking-docs-poc-qahftr/maintenance/2024/05/MNT00085.pdf,29-37-53,
46706562,Premier,BR008,Glasgow,,Address Change request. Status: Pending. Processed: 07 Apr 2025.,,,,,"02 Dorothy haven, Melanieland, E5 7RW",joanturner@example.net,CUST00045,Mrs Hayley Edwards,+44131 496 0418,,,MNT00086,AccountMaintenance,,,2025-04-07,2025-03-29,Pending,Address Change,,rachel.o'brien@securebankplc.com,RM008,Rachel O'Brien,s3://banking-docs-poc-qahftr/maintenance/2025/03/MNT00086.pdf,26-89-78,
46706562,Premier,BR008,Glasgow,,Address Change request. Status: Pending. Processed: 22 Feb 2026.,,,,,"02 Dorothy haven, Melanieland, E5 7RW",joanturner@example.net,CUST00045,Mrs Hayley Edwards,+44131 496 0418,,,MNT00087,AccountMaintenance,,,2026-02-22,2026-02-15,Pending,Address Change,,rachel.o'brien@securebankplc.com,RM008,Rachel O'Brien,s3://banking-docs-poc-qahftr/maintenance/2026/02/MNT00087.pdf,26-89-78,
77387214,ISA,BR006,Bristol,,Beneficiary Addition request. Status: Pending. Processed: 28 Jan 2025.,,,,,"Flat 81G, Singh loaf, Colehaven, PL0V 2FR",ashleigh56@example.com,CUST00037,Edward Jackson,0117 496 0960,,,MNT00088,AccountMaintenance,,,2025-01-28,2025-01-18,Pending,Beneficiary Addition,,patrick.devereux@securebankplc.com,RM015,Patrick Devereux,s3://banking-docs-poc-qahftr/maintenance/2025/01/MNT00088.pdf,94-91-89,
32677360,Savings,BR001,London City,,Address Change request. Status: Pending. Processed: 04 Mar 2025.,,,,,"60 Mitchell expressway, Martinberg, B5 8WU",thomasking@example.org,CUST00019,Sharon Price,0191 498 0065,,,MNT00089,AccountMaintenance,,,2025-03-04,2025-02-26,Pending,Address Change,,mohammed.al-rashid@securebankplc.com,RM003,Mohammed Al-Rashid,s3://banking-docs-poc-qahftr/maintenance/2025/02/MNT00089.pdf,58-10-59,
47379965,Current,BR004,Edinburgh,,Account Name Change request. Status: Completed. Processed: 24 Jan 2025.,,,,,"Studio 89, Harvey brook, Stevenshire, N8 9TX",judithnash@example.org,CUST00053,Scott Hussain,+441314960267,,,MNT00090,AccountMaintenance,,,2025-01-24,2025-01-16,Completed,Account Name Change,,mohammed.al-rashid@securebankplc.com,RM003,Mohammed Al-Rashid,s3://banking-docs-poc-qahftr/maintenance/2025/01/MNT00090.pdf,73-51-33,
16697848,Current,BR007,Cardiff,,Address Change request. Status: Rejected. Processed: 28 Sep 2025.,,,,,"Studio 67, Lee rue, McDonaldmouth, DT3X 5GB",brenda41@example.com,CUST00009,Dr Sharon Jones,(0909) 8790528,,,MNT00091,AccountMaintenance,,,2025-09-28,2025-09-25,Rejected,Address Change,,isabella.rossi@securebankplc.com,RM020,Isabella Rossi,s3://banking-docs-poc-qahftr/maintenance/2025/09/MNT00091.pdf,97-24-97,
68011280,Business Current,BR008,Glasgow,,Contact Number Update request. Status: Completed. Processed: 10 Feb 2025.,,,,,"9 Graeme throughway, Jonesmouth, TS6 3LX",terence80@example.org,CUST00028,Dominic Harvey,+441632 960888,,,MNT00092,AccountMaintenance,,,2025-02-10,2025-02-06,Completed,Contact Number Update,,fatima.hassan@securebankplc.com,RM018,Fatima Hassan,s3://banking-docs-poc-qahftr/maintenance/2025/02/MNT00092.pdf,84-80-28,
96705466,ISA,BR010,Sheffield,,Address Change request. Status: Completed. Processed: 02 Jul 2024.,,,,,"40 Lucy bridge, Lindseymouth, G84 0TL",tread@example.com,CUST00044,Gemma Wheeler,+44(0)2074960205,,,MNT00093,AccountMaintenance,,,2024-07-02,2024-06-30,Completed,Address Change,,james.hargreaves@securebankplc.com,RM001,James Hargreaves,s3://banking-docs-poc-qahftr/maintenance/2024/06/MNT00093.pdf,79-87-38,
84656482,Savings,BR002,Manchester Central,,Beneficiary Addition request. Status: Pending. Processed: 18 Apr 2025.,,,,,"9 Barry circles, Hollandland, BN7 6GW",gerald83@example.org,CUST00035,Dr Bruce Metcalfe,+44(0)114 4960337,,,MNT00094,AccountMaintenance,,,2025-04-18,2025-04-13,Pending,Beneficiary Addition,,aisha.patel@securebankplc.com,RM010,Aisha Patel,s3://banking-docs-poc-qahftr/maintenance/2025/04/MNT00094.pdf,63-95-58,
87133150,ISA,BR006,Bristol,,Address Change request. Status: Rejected. Processed: 28 Nov 2025.,,,,,"Flat 9, Linda ridges, North Bryan, M6D 0FR",dominic47@example.com,CUST00014,Jodie Pritchard-Baker,(020)74960896,,,MNT00095,AccountMaintenance,,,2025-11-28,2025-11-19,Rejected,Address Change,,patrick.devereux@securebankplc.com,RM015,Patrick Devereux,s3://banking-docs-poc-qahftr/maintenance/2025/11/MNT00095.pdf,80-39-85,
43039117,Current,BR002,Manchester Central,,Address Change request. Status: Completed. Processed: 28 Sep 2025.,,,,,"427 Brown gardens, West Bethan, AB5 0WZ",turnerjosephine@example.com,CUST00012,Dr Duncan Greenwood,(0909) 879 0062,,,MNT00096,AccountMaintenance,,,2025-09-28,2025-09-21,Completed,Address Change,,natalie.burke@securebankplc.com,RM012,Natalie Burke,s3://banking-docs-poc-qahftr/maintenance/2025/09/MNT00096.pdf,78-26-26,
19655698,Current,BR005,Leeds,,Beneficiary Addition request. Status: Rejected. Processed: 29 Oct 2024.,,,,,"8 Johnson squares, Port Katherine, G88 1RX",mohamedberry@example.org,CUST00033,Lee Middleton,(0909) 879 0898,,,MNT00097,AccountMaintenance,,,2024-10-29,2024-10-28,Rejected,Beneficiary Addition,,sophie.chen@securebankplc.com,RM002,Sophie Chen,s3://banking-docs-poc-qahftr/maintenance/2024/10/MNT00097.pdf,59-83-34,
93252880,ISA,BR005,Leeds,,Overdraft Limit Change request. Status: Completed. Processed: 03 May 2025.,,,,,"5 Gough mountain, South Katherine, B6D 7NW",morgankimberley@example.net,CUST00011,Anthony Potter-Barber,+44(0)118 4960018,,,MNT00098,AccountMaintenance,,,2025-05-03,2025-04-30,Completed,Overdraft Limit Change,,robert.blackwood@securebankplc.com,RM017,Robert Blackwood,s3://banking-docs-poc-qahftr/maintenance/2025/04/MNT00098.pdf,51-72-12,
99118384,Savings,BR001,London City,,Beneficiary Addition request. Status: Rejected. Processed: 05 Oct 2024.,,,,,"73 Samantha forges, Millerton, LS9 6LT",martyn46@example.org,CUST00024,Mr Ronald Singh,+44(0)115 4960476,,,MNT00099,AccountMaintenance,,,2024-10-05,2024-10-03,Rejected,Beneficiary Addition,,patrick.devereux@securebankplc.com,RM015,Patrick Devereux,s3://banking-docs-poc-qahftr/maintenance/2024/10/MNT00099.pdf,54-18-41,
54549480,ISA,BR008,Glasgow,,Contact Number Update request. Status: Completed. Processed: 30 May 2025.,,,,,"Flat 88, Adam mountains, Lake Clifford, E2E 5YP",littlewilliam@example.org,CUST00054,Jill Norton,01134960860,,,MNT00100,AccountMaintenance,,,2025-05-30,2025-05-26,Completed,Contact Number Update,,thomas.müller@securebankplc.com,RM007,Thomas Müller,s3://banking-docs-poc-qahftr/maintenance/2025/05/MNT00100.pdf,34-20-40,
93252880,ISA,BR005,Leeds,,Contact Number Update request. Status: Pending. Processed: 28 Jan 2025.,,,,,"5 Gough mountain, South Katherine, B6D 7NW",morgankimberley@example.net,CUST00011,Anthony Potter-Barber,+44(0)118 4960018,,,MNT00101,AccountMaintenance,,,2025-01-28,2025-01-26,Pending,Contact Number Update,,robert.blackwood@securebankplc.com,RM017,Robert Blackwood,s3://banking-docs-poc-qahftr/maintenance/2025/01/MNT00101.pdf,51-72-12,
94680443,Premier,BR003,Birmingham,,Beneficiary Addition request. Status: Pending. Processed: 18 Oct 2025.,,,,,"Flat 18v, Harrison dam, Lake Terence, WC55 5TN",jwright@example.org,CUST00036,Jane Smith-Winter,01632 960 933,,,MNT00102,AccountMaintenance,,,2025-10-18,2025-10-17,Pending,Beneficiary Addition,,isabella.rossi@securebankplc.com,RM020,Isabella Rossi,s3://banking-docs-poc-qahftr/maintenance/2025/10/MNT00102.pdf,84-87-93,
65328710,Current,BR007,Cardiff,,Contact Number Update request. Status: Rejected. Processed: 21 Dec 2024.,,,,,"Flat 35, Schofield ramp, Roseside, M75 9FB",juliefield@example.org,CUST00008,Derek Clarke,+44909 8790520,,,MNT00103,AccountMaintenance,,,2024-12-21,2024-12-12,Rejected,Contact Number Update,,george.whitfield@securebankplc.com,RM019,George Whitfield,s3://banking-docs-poc-qahftr/maintenance/2024/12/MNT00103.pdf,29-90-30,
48350305,Premier,BR008,Glasgow,,Beneficiary Addition request. Status: Completed. Processed: 22 Oct 2025.,,,,,"172 Cameron meadow, Wayneview, S56 4EY",littlefrances@example.com,CUST00006,Simon Evans,+44(0)1144960022,,,MNT00104,AccountMaintenance,,,2025-10-22,2025-10-20,Completed,Beneficiary Addition,,liam.fitzgerald@securebankplc.com,RM013,Liam Fitzgerald,s3://banking-docs-poc-qahftr/maintenance/2025/10/MNT00104.pdf,44-18-37,
37672423,ISA,BR010,Sheffield,,Address Change request. Status: Completed. Processed: 28 Sep 2024.,,,,,"5 Chelsea street, Jessicashire, SN4 9XJ",elliott68@example.com,CUST00007,Sylvia Bolton,0131 496 0785,,,MNT00105,AccountMaintenance,,,2024-09-28,2024-09-20,Completed,Address Change,,william.foster@securebankplc.com,RM011,William Foster,s3://banking-docs-poc-qahftr/maintenance/2024/09/MNT00105.pdf,78-43-84,
68727743,Business Current,BR010,Sheffield,,Beneficiary Addition request. Status: Completed. Processed: 26 Jun 2024.,,,,,"6 Lydia branch, Hayleyborough, S5 9ZS",andreadavies@example.com,CUST00041,Jade Elliott-Adams,+44(0)113 4960408,,,MNT00106,AccountMaintenance,,,2024-06-26,2024-06-24,Completed,Beneficiary Addition,,robert.blackwood@securebankplc.com,RM017,Robert Blackwood,s3://banking-docs-poc-qahftr/maintenance/2024/06/MNT00106.pdf,76-72-90,
68011280,Business Current,BR008,Glasgow,,Overdraft Limit Change request. Status: Rejected. Processed: 01 Jan 2026.,,,,,"9 Graeme throughway, Jonesmouth, TS6 3LX",terence80@example.org,CUST00028,Dominic Harvey,+441632 960888,,,MNT00107,AccountMaintenance,,,2026-01-01,2025-12-28,Rejected,Overdraft Limit Change,,fatima.hassan@securebankplc.com,RM018,Fatima Hassan,s3://banking-docs-poc-qahftr/maintenance/2025/12/MNT00107.pdf,84-80-28,
73375433,Current,BR007,Cardiff,,Signature Update request. Status: Rejected. Processed: 10 Jul 2025.,,,,,"Studio 2, Leah loop, Johnsonport, G7T 2YS",brenda28@example.com,CUST00031,Kathryn Shah,+44(0)117 496 0843,,,MNT00108,AccountMaintenance,,,2025-07-10,2025-07-03,Rejected,Signature Update,,sophie.chen@securebankplc.com,RM002,Sophie Chen,s3://banking-docs-poc-qahftr/maintenance/2025/07/MNT00108.pdf,94-34-61,
77387214,ISA,BR006,Bristol,,Direct Debit Cancellation request. Status: Completed. Processed: 04 Jan 2026.,,,,,"Flat 81G, Singh loaf, Colehaven, PL0V 2FR",ashleigh56@example.com,CUST00037,Edward Jackson,0117 496 0960,,,MNT00109,AccountMaintenance,,,2026-01-04,2025-12-31,Completed,Direct Debit Cancellation,,patrick.devereux@securebankplc.com,RM015,Patrick Devereux,s3://banking-docs-poc-qahftr/maintenance/2025/12/MNT00109.pdf,94-91-89,
22602563,Business Current,BR003,Birmingham,,Address Change request. Status: Completed. Processed: 08 Feb 2026.,,,,,"5 Colin tunnel, Hazelshire, BS92 9UW",dylanreid@example.com,CUST00030,Mohamed Ahmed,(0121) 4960087,,,MNT00110,AccountMaintenance,,,2026-02-08,2026-01-29,Completed,Address Change,,rachel.o'brien@securebankplc.com,RM008,Rachel O'Brien,s3://banking-docs-poc-qahftr/maintenance/2026/01/MNT00110.pdf,30-99-23,
96705466,ISA,BR010,Sheffield,,Overdraft Limit Change request. Status: Completed. Processed: 05 Jun 2025.,,,,,"40 Lucy bridge, Lindseymouth, G84 0TL",tread@example.com,CUST00044,Gemma Wheeler,+44(0)2074960205,,,MNT00111,AccountMaintenance,,,2025-06-05,2025-05-26,Completed,Overdraft Limit Change,,james.hargreaves@securebankplc.com,RM001,James Hargreaves,s3://banking-docs-poc-qahftr/maintenance/2025/05/MNT00111.pdf,79-87-38,
27849808,Business Current,BR006,Bristol,,Standing Order Amendment request. Status: Completed. Processed: 08 Jul 2024.,,,,,"Flat 3, Chan viaduct, Royport, L35 1EQ",clairewilson@example.org,CUST00025,Bryan Brown,0808 1570256,,,MNT00112,AccountMaintenance,,,2024-07-08,2024-07-04,Completed,Standing Order Amendment,,aisha.patel@securebankplc.com,RM010,Aisha Patel,s3://banking-docs-poc-qahftr/maintenance/2024/07/MNT00112.pdf,94-23-27,
62849877,Premier,BR008,Glasgow,,Contact Number Update request. Status: Pending. Processed: 01 Jul 2024.,,,,,"262 Davis trail, South Irene, PA0Y 4QQ",patriciabrown@example.org,CUST00052,Miss Catherine Shaw,(0113) 496 0142,,,MNT00113,AccountMaintenance,,,2024-07-01,2024-06-28,Pending,Contact Number Update,,david.okafor@securebankplc.com,RM005,David Okafor,s3://banking-docs-poc-qahftr/maintenance/2024/06/MNT00113.pdf,85-44-51,
54549480,ISA,BR008,Glasgow,,Direct Debit Cancellation request. Status: Completed. Processed: 20 Sep 2024.,,,,,"Flat 88, Adam mountains, Lake Clifford, E2E 5YP",littlewilliam@example.org,CUST00054,Jill Norton,01134960860,,,MNT00114,AccountMaintenance,,,2024-09-20,2024-09-16,Completed,Direct Debit Cancellation,,thomas.müller@securebankplc.com,RM007,Thomas Müller,s3://banking-docs-poc-qahftr/maintenance/2024/09/MNT00114.pdf,34-20-40,
83777014,Savings,BR007,Cardiff,,Contact Number Update request. Status: Rejected. Processed: 16 Mar 2025.,,,,,"Flat 40w, Davies tunnel, Lake Edwardshire, SM29 6NX",melissa67@example.net,CUST00055,Trevor Mills,01314960541,,,MNT00115,AccountMaintenance,,,2025-03-16,2025-03-13,Rejected,Contact Number Update,,amelia.singh@securebankplc.com,RM016,Amelia Singh,s3://banking-docs-poc-qahftr/maintenance/2025/03/MNT00115.pdf,61-98-41,
84656482,Savings,BR002,Manchester Central,,Overdraft Limit Change request. Status: Rejected. Processed: 30 Jul 2024.,,,,,"9 Barry circles, Hollandland, BN7 6GW",gerald83@example.org,CUST00035,Dr Bruce Metcalfe,+44(0)114 4960337,,,MNT00116,AccountMaintenance,,,2024-07-30,2024-07-23,Rejected,Overdraft Limit Change,,aisha.patel@securebankplc.com,RM010,Aisha Patel,s3://banking-docs-poc-qahftr/maintenance/2024/07/MNT00116.pdf,63-95-58,
34332003,Premier,BR006,Bristol,,Standing Order Amendment request. Status: Completed. Processed: 08 Mar 2025.,,,,,"0 Kate locks, Juneside, S2A 7TS",lawrencemiles@example.net,CUST00038,Frederick Pearson-Webster,(0116)4960522,,,MNT00117,AccountMaintenance,,,2025-03-08,2025-03-03,Completed,Standing Order Amendment,,mohammed.al-rashid@securebankplc.com,RM003,Mohammed Al-Rashid,s3://banking-docs-poc-qahftr/maintenance/2025/03/MNT00117.pdf,88-19-68,
68011280,Business Current,BR008,Glasgow,,Contact Number Update request. Status: Completed. Processed: 11 May 2025.,,,,,"9 Graeme throughway, Jonesmouth, TS6 3LX",terence80@example.org,CUST00028,Dominic Harvey,+441632 960888,,,MNT00118,AccountMaintenance,,,2025-05-11,2025-05-06,Completed,Contact Number Update,,fatima.hassan@securebankplc.com,RM018,Fatima Hassan,s3://banking-docs-poc-qahftr/maintenance/2025/05/MNT00118.pdf,84-80-28,
46706562,Premier,BR008,Glasgow,,Beneficiary Addition request. Status: Completed. Processed: 20 Jan 2026.,,,,,"02 Dorothy haven, Melanieland, E5 7RW",joanturner@example.net,CUST00045,Mrs Hayley Edwards,+44131 496 0418,,,MNT00119,AccountMaintenance,,,2026-01-20,2026-01-13,Completed,Beneficiary Addition,,rachel.o'brien@securebankplc.com,RM008,Rachel O'Brien,s3://banking-docs-poc-qahftr/maintenance/2026/01/MNT00119.pdf,26-89-78,
74529912,Business Current,BR010,Sheffield,,Address Change request. Status: Completed. Processed: 19 Sep 2024.,,,,,"217 Natasha passage, Staceyberg, B2B 9DT",carterdeclan@example.org,CUST00049,Patricia Hopkins-Waters,+449098790877,,,MNT00120,AccountMaintenance,,,2024-09-19,2024-09-10,Completed,Address Change,,thomas.müller@securebankplc.com,RM007,Thomas Müller,s3://banking-docs-poc-qahftr/maintenance/2024/09/MNT00120.pdf,23-84-13,
09788208,Current,BR006,Bristol,,Standing Order Amendment request. Status: Completed. Processed: 05 Sep 2024.,,,,,"46 George walks, Port Peter, NG03 2JW",robertgrant@example.org,CUST00021,Elliot Williams,0141 496 0539,,,MNT00121,AccountMaintenance,,,2024-09-05,2024-09-01,Completed,Standing Order Amendment,,sophie.chen@securebankplc.com,RM002,Sophie Chen,s3://banking-docs-poc-qahftr/maintenance/2024/09/MNT00121.pdf,33-18-86,
84656482,Savings,BR002,Manchester Central,,Direct Debit Cancellation request. Status: Rejected. Processed: 21 Aug 2025.,,,,,"9 Barry circles, Hollandland, BN7 6GW",gerald83@example.org,CUST00035,Dr Bruce Metcalfe,+44(0)114 4960337,,,MNT00122,AccountMaintenance,,,2025-08-21,2025-08-14,Rejected,Direct Debit Cancellation,,aisha.patel@securebankplc.com,RM010,Aisha Patel,s3://banking-docs-poc-qahftr/maintenance/2025/08/MNT00122.pdf,63-95-58,
29973763,Current,BR004,Edinburgh,,Signature Update request. Status: Completed. Processed: 06 Apr 2026.,,,,,"609 Price crescent, North Joanneside, HP84 0EX",antonyjones@example.com,CUST00016,Leah Kay,+44(0)118 496 0897,,,MNT00123,AccountMaintenance,,,2026-04-06,2026-04-02,Completed,Signature Update,,fatima.hassan@securebankplc.com,RM018,Fatima Hassan,s3://banking-docs-poc-qahftr/maintenance/2026/04/MNT00123.pdf,22-94-65,
62473178,Current,BR008,Glasgow,,Overdraft Limit Change request. Status: Completed. Processed: 23 Oct 2024.,,,,,"61 Maria ports, Lake Marilynburgh, SP3 4SG",duncanarmstrong@example.com,CUST00018,Lisa Lawrence,+44(0)1632 960 827,,,MNT00124,AccountMaintenance,,,2024-10-23,2024-10-19,Completed,Overdraft Limit Change,,david.okafor@securebankplc.com,RM005,David Okafor,s3://banking-docs-poc-qahftr/maintenance/2024/10/MNT00124.pdf,16-93-79,
60883561,Business Current,BR005,Leeds,,Contact Number Update request. Status: Completed. Processed: 28 Feb 2026.,,,,,"03 Faulkner run, Lake Victorstad, HA9 2TL",hicksdawn@example.net,CUST00034,Brandon Middleton,(0131) 496 0052,,,MNT00125,AccountMaintenance,,,2026-02-28,2026-02-18,Completed,Contact Number Update,,sophie.chen@securebankplc.com,RM002,Sophie Chen,s3://banking-docs-poc-qahftr/maintenance/2026/02/MNT00125.pdf,89-50-94,
96001338,ISA,BR009,Liverpool,,Address Change request. Status: Completed. Processed: 18 Oct 2024.,,,,,"9 Bird courts, Lake Lesley, E9U 5AD",ellie28@example.net,CUST00001,Eileen Evans,+44(0)1632 960 112,,,MNT00126,AccountMaintenance,,,2024-10-18,2024-10-08,Completed,Address Change,,mohammed.al-rashid@securebankplc.com,RM003,Mohammed Al-Rashid,s3://banking-docs-poc-qahftr/maintenance/2024/10/MNT00126.pdf,13-81-35,
14586850,Current,BR006,Bristol,,Address Change request. Status: Completed. Processed: 30 May 2024.,,,,,"89 Edwards creek, Daviestown, B2 2NA",robertsrosemary@example.net,CUST00032,Tracy Wilkinson-Davison,+44(0)1632 960235,,,MNT00127,AccountMaintenance,,,2024-05-30,2024-05-29,Completed,Address Change,,carlos.mendez@securebankplc.com,RM009,Carlos Mendez,s3://banking-docs-poc-qahftr/maintenance/2024/05/MNT00127.pdf,43-32-84,
29973763,Current,BR004,Edinburgh,,Standing Order Amendment request. Status: Pending. Processed: 30 Nov 2025.,,,,,"609 Price crescent, North Joanneside, HP84 0EX",antonyjones@example.com,CUST00016,Leah Kay,+44(0)118 496 0897,,,MNT00128,AccountMaintenance,,,2025-11-30,2025-11-23,Pending,Standing Order Amendment,,fatima.hassan@securebankplc.com,RM018,Fatima Hassan,s3://banking-docs-poc-qahftr/maintenance/2025/11/MNT00128.pdf,22-94-65,
46872343,Current,BR005,Leeds,,Direct Debit Cancellation request. Status: Completed. Processed: 06 Sep 2025.,,,,,"Flat 36Y, Robinson isle, Smithtown, E14 6PL",lydiadunn@example.net,CUST00020,Gemma Clark-Parry,(0141) 4960819,,,MNT00129,AccountMaintenance,,,2025-09-06,2025-09-03,Completed,Direct Debit Cancellation,,patrick.devereux@securebankplc.com,RM015,Patrick Devereux,s3://banking-docs-poc-qahftr/maintenance/2025/09/MNT00129.pdf,84-79-17,
61559407,ISA,BR002,Manchester Central,,Beneficiary Addition request. Status: Pending. Processed: 01 Nov 2024.,,,,,"1 George falls, Seanhaven, BA2 6PH",dennis04@example.org,CUST00003,Mrs Lindsey Green,0292018265,,,MNT00130,AccountMaintenance,,,2024-11-01,2024-10-24,Pending,Beneficiary Addition,,mohammed.al-rashid@securebankplc.com,RM003,Mohammed Al-Rashid,s3://banking-docs-poc-qahftr/maintenance/2024/10/MNT00130.pdf,25-58-20,
36763201,Premier,BR007,Cardiff,,Overdraft Limit Change request. Status: Pending. Processed: 22 Jul 2025.,,,,,"7 Wood trail, Guymouth, G4 3UA",barry51@example.com,CUST00039,Terence Smith,+441414960870,,,MNT00131,AccountMaintenance,,,2025-07-22,2025-07-15,Pending,Overdraft Limit Change,,george.whitfield@securebankplc.com,RM019,George Whitfield,s3://banking-docs-poc-qahftr/maintenance/2025/07/MNT00131.pdf,38-32-99,
37940265,Business Current,BR009,Liverpool,,Direct Debit Cancellation request. Status: Completed. Processed: 17 May 2025.,,,,,"04 Howard land, Port Leeview, N5C 3RF",rachelkelly@example.org,CUST00002,Nigel Rose,+44151 4960869,,,MNT00132,AccountMaintenance,,,2025-05-17,2025-05-13,Completed,Direct Debit Cancellation,,zoe.nakamura@securebankplc.com,RM014,Zoe Nakamura,s3://banking-docs-poc-qahftr/maintenance/2025/05/MNT00132.pdf,29-37-53,
95931034,Current,BR009,Liverpool,,Signature Update request. Status: Rejected. Processed: 06 Dec 2025.,,,,,"Studio 8, James island, Junemouth, WS53 0LG",natasha17@example.net,CUST00004,Angela Jackson,(0118)4960554,,,MNT00133,AccountMaintenance,,,2025-12-06,2025-12-02,Rejected,Signature Update,,aisha.patel@securebankplc.com,RM010,Aisha Patel,s3://banking-docs-poc-qahftr/maintenance/2025/12/MNT00133.pdf,39-22-58,
31351823,Savings,BR005,Leeds,,Direct Debit Cancellation request. Status: Rejected. Processed: 27 Jun 2024.,,,,,"81 Wilson club, Douglasmouth, IV2B 6PW",zcollins@example.com,CUST00057,Mathew Little,+44(0)8081570161,,,MNT00134,AccountMaintenance,,,2024-06-27,2024-06-26,Rejected,Direct Debit Cancellation,,carlos.mendez@securebankplc.com,RM009,Carlos Mendez,s3://banking-docs-poc-qahftr/maintenance/2024/06/MNT00134.pdf,71-45-85,
36763201,Premier,BR007,Cardiff,,Signature Update request. Status: Rejected. Processed: 02 Jan 2026.,,,,,"7 Wood trail, Guymouth, G4 3UA",barry51@example.com,CUST00039,Terence Smith,+441414960870,,,MNT00135,AccountMaintenance,,,2026-01-02,2025-12-28,Rejected,Signature Update,,george.whitfield@securebankplc.com,RM019,George Whitfield,s3://banking-docs-poc-qahftr/maintenance/2025/12/MNT00135.pdf,38-32-99,
14586850,Current,BR006,Bristol,,Beneficiary Addition request. Status: Pending. Processed: 05 Jul 2024.,,,,,"89 Edwards creek, Daviestown, B2 2NA",robertsrosemary@example.net,CUST00032,Tracy Wilkinson-Davison,+44(0)1632 960235,,,MNT00136,AccountMaintenance,,,2024-07-05,2024-07-03,Pending,Beneficiary Addition,,carlos.mendez@securebankplc.com,RM009,Carlos Mendez,s3://banking-docs-poc-qahftr/maintenance/2024/07/MNT00136.pdf,43-32-84,
46706562,Premier,BR008,Glasgow,,Contact Number Update request. Status: Completed. Processed: 23 Jun 2025.,,,,,"02 Dorothy haven, Melanieland, E5 7RW",joanturner@example.net,CUST00045,Mrs Hayley Edwards,+44131 496 0418,,,MNT00137,AccountMaintenance,,,2025-06-23,2025-06-22,Completed,Contact Number Update,,rachel.o'brien@securebankplc.com,RM008,Rachel O'Brien,s3://banking-docs-poc-qahftr/maintenance/2025/06/MNT00137.pdf,26-89-78,
19655698,Current,BR005,Leeds,,Overdraft Limit Change request. Status: Pending. Processed: 27 Mar 2026.,,,,,"8 Johnson squares, Port Katherine, G88 1RX",mohamedberry@example.org,CUST00033,Lee Middleton,(0909) 879 0898,,,MNT00138,AccountMaintenance,,,2026-03-27,2026-03-20,Pending,Overdraft Limit Change,,sophie.chen@securebankplc.com,RM002,Sophie Chen,s3://banking-docs-poc-qahftr/maintenance/2026/03/MNT00138.pdf,59-83-34,
60883561,Business Current,BR005,Leeds,,Contact Number Update request. Status: Rejected. Processed: 14 Nov 2024.,,,,,"03 Faulkner run, Lake Victorstad, HA9 2TL",hicksdawn@example.net,CUST00034,Brandon Middleton,(0131) 496 0052,,,MNT00139,AccountMaintenance,,,2024-11-14,2024-11-07,Rejected,Contact Number Update,,sophie.chen@securebankplc.com,RM002,Sophie Chen,s3://banking-docs-poc-qahftr/maintenance/2024/11/MNT00139.pdf,89-50-94,
77387214,ISA,BR006,Bristol,,Address Change request. Status: Completed. Processed: 20 Jun 2025.,,,,,"Flat 81G, Singh loaf, Colehaven, PL0V 2FR",ashleigh56@example.com,CUST00037,Edward Jackson,0117 496 0960,,,MNT00140,AccountMaintenance,,,2025-06-20,2025-06-13,Completed,Address Change,,patrick.devereux@securebankplc.com,RM015,Patrick Devereux,s3://banking-docs-poc-qahftr/maintenance/2025/06/MNT00140.pdf,94-91-89,
83777014,Savings,BR007,Cardiff,,Contact Number Update request. Status: Rejected. Processed: 14 Oct 2025.,,,,,"Flat 40w, Davies tunnel, Lake Edwardshire, SM29 6NX",melissa67@example.net,CUST00055,Trevor Mills,01314960541,,,MNT00141,AccountMaintenance,,,2025-10-14,2025-10-11,Rejected,Contact Number Update,,amelia.singh@securebankplc.com,RM016,Amelia Singh,s3://banking-docs-poc-qahftr/maintenance/2025/10/MNT00141.pdf,61-98-41,
34332003,Premier,BR006,Bristol,,Signature Update request. Status: Completed. Processed: 06 Jul 2024.,,,,,"0 Kate locks, Juneside, S2A 7TS",lawrencemiles@example.net,CUST00038,Frederick Pearson-Webster,(0116)4960522,,,MNT00142,AccountMaintenance,,,2024-07-06,2024-06-30,Completed,Signature Update,,mohammed.al-rashid@securebankplc.com,RM003,Mohammed Al-Rashid,s3://banking-docs-poc-qahftr/maintenance/2024/06/MNT00142.pdf,88-19-68,
84656482,Savings,BR002,Manchester Central,,Standing Order Amendment request. Status: Completed. Processed: 07 Apr 2026.,,,,,"9 Barry circles, Hollandland, BN7 6GW",gerald83@example.org,CUST00035,Dr Bruce Metcalfe,+44(0)114 4960337,,,MNT00143,AccountMaintenance,,,2026-04-07,2026-04-01,Completed,Standing Order Amendment,,aisha.patel@securebankplc.com,RM010,Aisha Patel,s3://banking-docs-poc-qahftr/maintenance/2026/04/MNT00143.pdf,63-95-58,
47116719,Current,BR003,Birmingham,,Contact Number Update request. Status: Pending. Processed: 13 Jun 2024.,,,,,"Flat 7, Tina brook, Samberg, W2 8EN",leslie82@example.com,CUST00060,Ricky Duffy,0113 4960453,,,MNT00144,AccountMaintenance,,,2024-06-13,2024-06-05,Pending,Contact Number Update,,sophie.chen@securebankplc.com,RM002,Sophie Chen,s3://banking-docs-poc-qahftr/maintenance/2024/06/MNT00144.pdf,29-29-82,
16697848,Current,BR007,Cardiff,,Contact Number Update request. Status: Completed. Processed: 30 Oct 2024.,,,,,"Studio 67, Lee rue, McDonaldmouth, DT3X 5GB",brenda41@example.com,CUST00009,Dr Sharon Jones,(0909) 8790528,,,MNT00145,AccountMaintenance,,,2024-10-30,2024-10-20,Completed,Contact Number Update,,isabella.rossi@securebankplc.com,RM020,Isabella Rossi,s3://banking-docs-poc-qahftr/maintenance/2024/10/MNT00145.pdf,97-24-97,
65185067,Current,BR006,Bristol,,Direct Debit Cancellation request. Status: Rejected. Processed: 24 Aug 2025.,,,,,"Flat 29J, Price ramp, South Sam, W3 9GT",chloe20@example.org,CUST00051,Rachael Farmer,+44909 8790358,,,MNT00146,AccountMaintenance,,,2025-08-24,2025-08-23,Rejected,Direct Debit Cancellation,,fatima.hassan@securebankplc.com,RM018,Fatima Hassan,s3://banking-docs-poc-qahftr/maintenance/2025/08/MNT00146.pdf,65-56-91,
65328710,Current,BR007,Cardiff,,Address Change request. Status: Rejected. Processed: 03 Jul 2024.,,,,,"Flat 35, Schofield ramp, Roseside, M75 9FB",juliefield@example.org,CUST00008,Derek Clarke,+44909 8790520,,,MNT00147,AccountMaintenance,,,2024-07-03,2024-06-24,Rejected,Address Change,,george.whitfield@securebankplc.com,RM019,George Whitfield,s3://banking-docs-poc-qahftr/maintenance/2024/06/MNT00147.pdf,29-90-30,
67010651,Savings,BR006,Bristol,,Beneficiary Addition request. Status: Completed. Processed: 11 Dec 2025.,,,,,"Studio 8, O'Neill common, Bradleytown, N89 1ER",kwilkinson@example.com,CUST00017,Callum Pritchard-Fletcher,(0191) 496 0585,,,MNT00148,AccountMaintenance,,,2025-12-11,2025-12-06,Completed,Beneficiary Addition,,zoe.nakamura@securebankplc.com,RM014,Zoe Nakamura,s3://banking-docs-poc-qahftr/maintenance/2025/12/MNT00148.pdf,34-34-78,
84271094,Premier,BR001,London City,,Address Change request. Status: Pending. Processed: 12 Nov 2025.,,,,,"8 Gemma rapid, Charlesland, DD1A 0SJ",gary02@example.org,CUST00059,Ross Bailey,+441174960914,,,MNT00149,AccountMaintenance,,,2025-11-12,2025-11-07,Pending,Address Change,,sophie.chen@securebankplc.com,RM002,Sophie Chen,s3://banking-docs-poc-qahftr/maintenance/2025/11/MNT00149.pdf,71-66-53,
29973763,Current,BR004,Edinburgh,,Standing Order Amendment request. Status: Completed. Processed: 02 Dec 2024.,,,,,"609 Price crescent, North Joanneside, HP84 0EX",antonyjones@example.com,CUST00016,Leah Kay,+44(0)118 496 0897,,,MNT00150,AccountMaintenance,,,2024-12-02,2024-11-26,Completed,Standing Order Amendment,,fatima.hassan@securebankplc.com,RM018,Fatima Hassan,s3://banking-docs-poc-qahftr/maintenance/2024/11/MNT00150.pdf,22-94-65,
